name,team,minutes,total_points,bps,influence,threat,was_home,position_DEF,position_FWD,position_GK,position_MID,GW,predicted_cards
Jordan Ayew,Crystal Palace,20.0,0.0,-5.0,0.2,7.0,0.0,0.0,0.0,0.0,1.0,31,1.0
Tim Iroegbunam,Everton,19.05,0.4,1.45,2.35,1.45,0.5,0.0,0.0,0.0,1.0,31,1.0
Ben Davies,Spurs,12.857142857142858,0.47619047619047616,2.4285714285714284,3.4571428571428577,0.09523809523809523,0.5238095238095238,1.0,0.0,0.0,0.0,31,1.0
Filip Jørgensen,Chelsea,8.571428571428571,0.23809523809523808,0.6190476190476191,2.7047619047619045,0.0,0.47619047619047616,0.0,0.0,1.0,0.0,31,1.0
Nathan Broadhead,Ipswich,14.380952380952381,0.47619047619047616,2.380952380952381,2.104761904761905,2.8095238095238093,0.5238095238095238,0.0,0.0,0.0,1.0,31,1.0
Jason Steele,Brighton,8.571428571428571,0.42857142857142855,2.1904761904761907,1.923809523809524,0.0,0.47619047619047616,0.0,0.0,1.0,0.0,31,1.0
Myles Lewis-Skelly,Arsenal,15.619047619047619,0.47619047619047616,3.142857142857143,2.4285714285714284,0.2857142857142857,0.47619047619047616,0.0,0.0,0.0,1.0,31,1.0
Jarell Quansah,Liverpool,11.25,0.2,1.1,2.98,0.2,0.5,1.0,0.0,0.0,0.0,31,1.0
Charlie Taylor,Southampton,12.523809523809524,0.23809523809523808,0.7619047619047619,3.457142857142857,0.09523809523809523,0.47619047619047616,1.0,0.0,0.0,0.0,31,1.0
Emil Krafth,Newcastle,11.428571428571429,0.47619047619047616,1.619047619047619,2.104761904761905,0.5238095238095238,0.47619047619047616,1.0,0.0,0.0,0.0,31,1.0
Joe Lumley,Southampton,12.857142857142858,0.38095238095238093,1.0476190476190477,4.866666666666667,0.0,0.47619047619047616,0.0,0.0,1.0,0.0,31,1.0
James Garner,Everton,12.55,0.35,1.8,2.7,0.25,0.5,0.0,0.0,0.0,1.0,31,1.0
Benoît Badiashile,Chelsea,11.761904761904763,0.23809523809523808,1.0476190476190477,2.2952380952380955,0.0,0.47619047619047616,1.0,0.0,0.0,0.0,31,1.0
Lamare Bogarde,Aston Villa,10.142857142857142,0.09523809523809523,0.2857142857142857,1.5142857142857142,0.09523809523809523,0.5238095238095238,1.0,0.0,0.0,0.0,31,0.99
Ibrahim Sangaré,Nott'm Forest,10.095238095238095,0.19047619047619047,1.2380952380952381,1.8476190476190475,0.9047619047619048,0.47619047619047616,0.0,0.0,0.0,1.0,31,0.99
Luke Thomas,Leicester,8.523809523809524,0.047619047619047616,0.5714285714285714,1.3333333333333333,0.47619047619047616,0.5238095238095238,1.0,0.0,0.0,0.0,31,0.99
Chiedozie Ogbene,Ipswich,12.473684210526315,0.3684210526315789,1.5263157894736843,1.2,0.631578947368421,0.5263157894736842,0.0,0.0,0.0,1.0,31,0.99
Carlos Roberto Forbs Borges,Wolves,13.055555555555555,0.4444444444444444,1.7777777777777777,1.4333333333333331,1.9444444444444444,0.5,0.0,0.0,0.0,1.0,31,0.99
Ryan Fraser,Southampton,15.842105263157896,0.3157894736842105,1.4736842105263157,1.8842105263157893,0.6842105263157895,0.47368421052631576,0.0,0.0,0.0,1.0,31,0.99
Ola Aina,Nott'm Forest,86.80952380952381,4.619047619047619,17.142857142857142,17.752380952380953,2.8095238095238093,0.47619047619047616,1.0,0.0,0.0,0.0,31,0.99
Sven Botman,Newcastle,8.571428571428571,0.3333333333333333,1.6666666666666667,1.7714285714285716,0.42857142857142855,0.47619047619047616,1.0,0.0,0.0,0.0,31,0.99
Séamus Coleman,Everton,9.8,0.15,0.45,1.9,1.05,0.5,1.0,0.0,0.0,0.0,31,0.99
Will Smallbone,Southampton,12.714285714285714,0.3333333333333333,1.619047619047619,1.0952380952380953,1.5238095238095237,0.47619047619047616,0.0,0.0,0.0,1.0,31,0.98
Adam Webster,Brighton,7.809523809523809,0.38095238095238093,1.9047619047619047,2.1523809523809527,0.9047619047619048,0.47619047619047616,1.0,0.0,0.0,0.0,31,0.98
Jaden Philogene,Aston Villa,15.476190476190476,0.42857142857142855,0.8571428571428571,0.8285714285714285,2.142857142857143,0.5238095238095238,0.0,0.0,0.0,1.0,31,0.98
Mason Mount,Man Utd,11.571428571428571,0.38095238095238093,0.7619047619047619,0.9904761904761905,2.0476190476190474,0.5238095238095238,0.0,0.0,0.0,1.0,31,0.98
Philip Billing,Bournemouth,8.380952380952381,0.47619047619047616,2.4761904761904763,2.5714285714285716,2.238095238095238,0.47619047619047616,0.0,0.0,0.0,1.0,31,0.98
Jahmai Simpson-Pusey,Man City,7.916666666666667,0.08333333333333333,0.5833333333333334,1.633333333333333,0.16666666666666666,0.4166666666666667,1.0,0.0,0.0,0.0,31,0.97
Willy Boly,Nott'm Forest,5.380952380952381,0.19047619047619047,0.9523809523809523,1.961904761904762,0.8095238095238095,0.47619047619047616,1.0,0.0,0.0,0.0,31,0.97
Ben Mee,Brentford,8.285714285714286,0.3333333333333333,1.0952380952380953,1.6095238095238094,0.2857142857142857,0.5238095238095238,1.0,0.0,0.0,0.0,31,0.97
Renato Palma Veiga,Chelsea,8.380952380952381,0.3333333333333333,1.0476190476190477,1.4476190476190476,0.9047619047619048,0.47619047619047616,0.0,0.0,0.0,1.0,31,0.97
James Ward-Prowse,West Ham,8.0,0.5,1.5,1.7,0.0,0.5,0.0,0.0,0.0,1.0,31,0.97
James Milner,Brighton,8.047619047619047,0.23809523809523808,1.1428571428571428,1.3619047619047617,0.5714285714285714,0.47619047619047616,0.0,0.0,0.0,1.0,31,0.97
Antony Matheus dos Santos,Man Utd,6.142857142857143,0.3333333333333333,1.5238095238095237,1.5714285714285714,3.4285714285714284,0.5238095238095238,0.0,0.0,0.0,1.0,31,0.96
Mykhailo Mudryk,Chelsea,6.904761904761905,0.3333333333333333,1.2380952380952381,1.1047619047619048,1.4761904761904763,0.47619047619047616,0.0,0.0,0.0,1.0,31,0.96
Massimo Luongo,Ipswich,6.809523809523809,0.3333333333333333,1.2380952380952381,1.1904761904761905,0.0,0.5238095238095238,0.0,0.0,0.0,1.0,31,0.96
Hamza Choudhury,Leicester,6.142857142857143,0.19047619047619047,1.380952380952381,1.6095238095238094,0.2857142857142857,0.5238095238095238,0.0,0.0,0.0,1.0,31,0.96
Paris Maghoma,Brentford,6.166666666666667,0.4166666666666667,1.6666666666666667,1.2833333333333334,0.3333333333333333,0.5,0.0,0.0,0.0,1.0,31,0.96
Danny Ward,Leicester,6.428571428571429,0.09523809523809523,-0.23809523809523808,1.6857142857142857,0.0,0.5238095238095238,0.0,0.0,1.0,0.0,31,0.96
Armando Broja,Everton,8.666666666666666,0.2777777777777778,0.3333333333333333,0.6444444444444445,1.6111111111111112,0.5,0.0,1.0,0.0,0.0,31,0.96
Richarlison de Andrade,Spurs,4.714285714285714,0.38095238095238093,1.2857142857142858,1.3333333333333333,0.8095238095238095,0.5238095238095238,0.0,1.0,0.0,0.0,31,0.96
Kosta Nedeljković,Aston Villa,5.428571428571429,0.19047619047619047,0.5714285714285714,1.0571428571428572,0.0,0.5238095238095238,1.0,0.0,0.0,0.0,31,0.95
Nathan Patterson,Everton,4.25,0.2,0.9,1.1400000000000001,0.4,0.5,1.0,0.0,0.0,0.0,31,0.94
Wilson Odobert,Spurs,7.619047619047619,0.2857142857142857,0.5714285714285714,0.47619047619047616,2.0,0.5238095238095238,0.0,0.0,0.0,1.0,31,0.94
Jorge Cuenca Barreno,Fulham,4.428571428571429,0.19047619047619047,0.8095238095238095,1.1809523809523808,0.0,0.5238095238095238,1.0,0.0,0.0,0.0,31,0.94
Ricardo Barbosa Pereira,Leicester,6.9523809523809526,0.09523809523809523,0.47619047619047616,0.6571428571428571,0.09523809523809523,0.5238095238095238,1.0,0.0,0.0,0.0,31,0.93
Brandon Austin,Spurs,4.285714285714286,0.047619047619047616,0.3333333333333333,0.9523809523809523,0.0,0.5238095238095238,0.0,0.0,1.0,0.0,31,0.93
Roman Dixon,Everton,4.7368421052631575,0.0,0.0,0.8105263157894737,0.0,0.47368421052631576,1.0,0.0,0.0,0.0,31,0.93
Ross Stewart,Southampton,6.190476190476191,0.14285714285714285,0.23809523809523808,0.2761904761904762,0.42857142857142855,0.47619047619047616,0.0,1.0,0.0,0.0,31,0.93
Billy Gilmour,Brighton,4.619047619047619,0.14285714285714285,1.0,0.5428571428571429,0.09523809523809523,0.47619047619047616,0.0,0.0,0.0,1.0,31,0.93
Josh Acheampong,Chelsea,26.666666666666668,0.5,0.8333333333333334,2.1,2.1666666666666665,0.5,1.0,0.0,0.0,0.0,31,0.93
Igor Thiago Nascimento Rodrigues,Brentford,6.142857142857143,0.23809523809523808,0.9523809523809523,0.5142857142857143,0.2857142857142857,0.5238095238095238,0.0,1.0,0.0,0.0,31,0.93
Miguel Almirón Rejala,Newcastle,7.0476190476190474,0.42857142857142855,1.380952380952381,0.43809523809523804,1.8095238095238095,0.47619047619047616,0.0,0.0,0.0,1.0,31,0.93
Ali Al-Hamadi,Ipswich,5.9523809523809526,0.38095238095238093,0.7142857142857143,0.26666666666666666,1.5238095238095237,0.5238095238095238,0.0,1.0,0.0,0.0,31,0.93
Josh King,Fulham,3.6666666666666665,0.2857142857142857,1.0476190476190477,1.0095238095238095,1.1428571428571428,0.5238095238095238,0.0,0.0,0.0,1.0,31,0.93
Toby Collyer,Man Utd,3.857142857142857,0.09523809523809523,0.9523809523809523,0.9142857142857143,0.09523809523809523,0.5238095238095238,0.0,0.0,0.0,1.0,31,0.93
Andy Irving,West Ham,3.9523809523809526,0.2857142857142857,0.9047619047619048,0.9904761904761905,0.3333333333333333,0.5238095238095238,0.0,0.0,0.0,1.0,31,0.93
Jake O'Brien,Everton,2.05,0.1,0.2,0.45999999999999996,0.0,0.5,1.0,0.0,0.0,0.0,31,0.91
Ollie Scarles,West Ham,3.909090909090909,0.2727272727272727,0.6363636363636364,0.8727272727272727,0.18181818181818182,0.5454545454545454,1.0,0.0,0.0,0.0,31,0.91
Pedro Cardoso de Lima,Wolves,2.761904761904762,0.0,0.047619047619047616,0.8,0.09523809523809523,0.47619047619047616,1.0,0.0,0.0,0.0,31,0.91
Kiernan Dewsbury-Hall,Chelsea,2.6666666666666665,0.23809523809523808,0.7142857142857143,0.44761904761904764,0.0,0.47619047619047616,0.0,0.0,0.0,1.0,31,0.91
Luis Guilherme Lira dos Santos,West Ham,1.8095238095238095,0.19047619047619047,0.7619047619047619,0.4095238095238095,0.19047619047619047,0.5238095238095238,0.0,0.0,0.0,1.0,31,0.91
Luke Shaw,Man Utd,3.238095238095238,0.09523809523809523,0.9047619047619048,0.7904761904761906,0.0,0.5238095238095238,1.0,0.0,0.0,0.0,31,0.91
James McAtee,Man City,1.8571428571428572,0.23809523809523808,0.6666666666666666,0.11428571428571428,0.42857142857142855,0.47619047619047616,0.0,0.0,0.0,1.0,31,0.91
Julián Araujo Zúñiga,Bournemouth,16.761904761904763,0.38095238095238093,0.5238095238095238,1.9047619047619047,0.09523809523809523,0.47619047619047616,1.0,0.0,0.0,0.0,31,0.91
Marcus Myers-Harness,Ipswich,2.0476190476190474,0.09523809523809523,0.19047619047619047,0.44761904761904764,0.2857142857142857,0.5238095238095238,0.0,0.0,0.0,1.0,31,0.91
Daniel Jebbison,Bournemouth,1.5714285714285714,0.14285714285714285,0.47619047619047616,0.2571428571428572,0.19047619047619047,0.47619047619047616,0.0,1.0,0.0,0.0,31,0.91
Emiliano Buendía Stati,Aston Villa,3.380952380952381,0.47619047619047616,1.7142857142857142,0.7809523809523808,0.7142857142857143,0.5238095238095238,0.0,0.0,0.0,1.0,31,0.91
Harvey Elliott,Liverpool,2.15,0.35,1.1,0.6900000000000001,0.4,0.5,0.0,0.0,0.0,1.0,31,0.91
Daniel Castelo Podence,Wolves,2.1904761904761907,0.09523809523809523,0.42857142857142855,0.14285714285714285,0.047619047619047616,0.47619047619047616,0.0,0.0,0.0,1.0,31,0.91
Harry Toffolo,Nott'm Forest,2.142857142857143,0.14285714285714285,0.38095238095238093,0.8666666666666666,0.2857142857142857,0.47619047619047616,1.0,0.0,0.0,0.0,31,0.91
Harrison Reed,Fulham,2.5714285714285716,0.2857142857142857,1.0952380952380953,0.43809523809523815,0.42857142857142855,0.5238095238095238,0.0,0.0,0.0,1.0,31,0.91
Max Aarons,Bournemouth,4.0,0.38095238095238093,1.4761904761904763,0.6285714285714287,0.0,0.47619047619047616,1.0,0.0,0.0,0.0,31,0.91
Hákon Valdimarsson,Brentford,2.5714285714285716,0.047619047619047616,0.47619047619047616,0.5904761904761905,0.0,0.5238095238095238,0.0,0.0,1.0,0.0,31,0.91
Chadi Riad Dnanou,Crystal Palace,4.285714285714286,0.047619047619047616,0.14285714285714285,0.8666666666666666,0.0,0.5238095238095238,1.0,0.0,0.0,0.0,31,0.91
Maxwel Cornet,Southampton,3.736842105263158,0.05263157894736842,0.631578947368421,0.6105263157894738,0.3684210526315789,0.47368421052631576,0.0,0.0,0.0,1.0,31,0.91
Endo Wataru,Liverpool,2.8,0.4,1.3,0.8,0.2,0.5,0.0,0.0,0.0,1.0,31,0.91
Aaron Cresswell,West Ham,2.8095238095238093,0.2857142857142857,1.0476190476190477,0.7523809523809524,0.047619047619047616,0.5238095238095238,1.0,0.0,0.0,0.0,31,0.91
William Osula,Newcastle,1.9047619047619047,0.3333333333333333,0.9047619047619048,0.24761904761904763,0.19047619047619047,0.47619047619047616,0.0,1.0,0.0,0.0,31,0.91
Alfie Dorrington,Spurs,2.1666666666666665,0.16666666666666666,0.6666666666666666,0.16666666666666666,0.0,0.5,1.0,0.0,0.0,0.0,31,0.91
Victor Lindelöf,Man Utd,2.8095238095238093,0.19047619047619047,0.47619047619047616,0.8571428571428571,0.19047619047619047,0.5238095238095238,1.0,0.0,0.0,0.0,31,0.91
Samuel Edozie,Southampton,3.0476190476190474,0.047619047619047616,0.2857142857142857,0.4666666666666667,1.0476190476190477,0.47619047619047616,0.0,0.0,0.0,1.0,31,0.91
Sergio Reguilón,Spurs,4.0476190476190474,0.047619047619047616,0.8095238095238095,0.7714285714285714,0.42857142857142855,0.5238095238095238,1.0,0.0,0.0,0.0,31,0.91
Robin Olsen,Aston Villa,2.142857142857143,0.047619047619047616,0.14285714285714285,0.8380952380952381,0.0,0.5238095238095238,0.0,0.0,1.0,0.0,31,0.91
Rodrigo 'Rodri' Hernandez,Man City,3.0952380952380953,0.09523809523809523,0.8571428571428571,0.5142857142857143,0.0,0.47619047619047616,0.0,0.0,0.0,1.0,31,0.91
Alex McCarthy,Southampton,17.142857142857142,0.47619047619047616,1.1904761904761905,6.0285714285714285,0.0,0.47619047619047616,0.0,0.0,1.0,0.0,31,0.9
Jakub Stolarczyk,Leicester,17.142857142857142,0.3333333333333333,1.2857142857142858,5.038095238095238,0.0,0.5238095238095238,0.0,0.0,1.0,0.0,31,0.88
Lewis Hall,Newcastle,79.85714285714286,4.0476190476190474,17.952380952380953,19.65714285714286,5.333333333333333,0.47619047619047616,1.0,0.0,0.0,0.0,31,0.88
Gabriel dos Santos Magalhães,Arsenal,77.52380952380952,4.0,14.523809523809524,20.685714285714283,12.19047619047619,0.47619047619047616,1.0,0.0,0.0,0.0,31,0.87
Trent Alexander-Arnold,Liverpool,74.2,4.25,18.05,22.03,5.4,0.5,1.0,0.0,0.0,0.0,31,0.86
Tyrell Malacia,Man Utd,4.285714285714286,0.047619047619047616,-0.14285714285714285,0.09523809523809523,0.0,0.5238095238095238,1.0,0.0,0.0,0.0,31,0.85
Harrison Armstrong,Everton,2.35,0.1,0.05,0.09,0.45,0.5,0.0,0.0,0.0,1.0,31,0.85
Marc Guiu Paz,Chelsea,1.5714285714285714,0.09523809523809523,0.23809523809523808,0.0,0.0,0.47619047619047616,0.0,1.0,0.0,0.0,31,0.85
Mikey Moore,Spurs,3.9047619047619047,0.23809523809523808,0.5714285714285714,0.0857142857142857,0.3333333333333333,0.5238095238095238,0.0,0.0,0.0,1.0,31,0.85
Callum Wilson,Newcastle,2.7142857142857144,0.14285714285714285,0.2857142857142857,0.09523809523809523,0.38095238095238093,0.47619047619047616,0.0,1.0,0.0,0.0,31,0.85
Harry Clarke,Ipswich,17.952380952380953,0.047619047619047616,-0.23809523809523808,2.295238095238095,1.6666666666666667,0.5238095238095238,1.0,0.0,0.0,0.0,31,0.84
Diogo Teixeira da Silva,Liverpool,31.1,2.95,8.8,11.91,16.8,0.5,0.0,0.0,0.0,1.0,31,0.84
Morgan Rogers,Aston Villa,78.52380952380952,4.476190476190476,14.80952380952381,19.561904761904763,18.047619047619047,0.5238095238095238,0.0,0.0,0.0,1.0,31,0.82
Dejan Kulusevski,Spurs,79.9047619047619,3.9523809523809526,15.380952380952381,22.323809523809523,26.476190476190474,0.5238095238095238,0.0,0.0,0.0,1.0,31,0.82
Joachim Andersen,Crystal Palace,90.0,0.0,3.0,18.4,7.0,0.0,1.0,0.0,0.0,0.0,31,0.81
Reiss Nelson,Arsenal,1.0,0.5,1.5,1.0,0.0,0.5,0.0,0.0,0.0,1.0,31,0.79
Yerson Mosquera,Wolves,21.0,0.14285714285714285,1.1428571428571428,5.247619047619048,1.0,0.47619047619047616,1.0,0.0,0.0,0.0,31,0.78
Konstantinos Mavropanos,West Ham,62.142857142857146,1.4761904761904763,7.666666666666667,15.257142857142856,4.666666666666667,0.5238095238095238,1.0,0.0,0.0,0.0,31,0.78
Harvey Barnes,Newcastle,36.80952380952381,3.0952380952380953,10.761904761904763,12.180952380952382,14.142857142857142,0.47619047619047616,0.0,0.0,0.0,1.0,31,0.78
Leny Yoro,Man Utd,15.619047619047619,0.38095238095238093,0.7619047619047619,2.9142857142857146,1.5714285714285714,0.5238095238095238,1.0,0.0,0.0,0.0,31,0.77
Harry Wilson,Fulham,32.714285714285715,2.619047619047619,9.761904761904763,10.114285714285714,13.476190476190476,0.5238095238095238,0.0,0.0,0.0,1.0,31,0.77
Scott McTominay,Man Utd,0.8095238095238095,0.09523809523809523,0.19047619047619047,0.1523809523809524,0.23809523809523808,0.5238095238095238,0.0,0.0,0.0,1.0,31,0.76
Lewis Miley,Newcastle,0.8571428571428571,0.14285714285714285,0.6190476190476191,0.3428571428571428,0.0,0.47619047619047616,0.0,0.0,0.0,1.0,31,0.76
Kieran Tierney,Arsenal,0.6190476190476191,0.047619047619047616,0.3333333333333333,0.10476190476190476,0.09523809523809523,0.47619047619047616,1.0,0.0,0.0,0.0,31,0.76
Matt Targett,Newcastle,0.5714285714285714,0.047619047619047616,0.14285714285714285,0.11428571428571428,0.0,0.47619047619047616,1.0,0.0,0.0,0.0,31,0.76
Odsonne Edouard,Leicester,1.368421052631579,0.21052631578947367,0.5789473684210527,0.2210526315789474,0.9473684210526315,0.5263157894736842,0.0,1.0,0.0,0.0,31,0.76
Kim Ji-soo,Brentford,1.2857142857142858,0.09523809523809523,0.23809523809523808,0.2285714285714286,0.0,0.5238095238095238,1.0,0.0,0.0,0.0,31,0.76
Curtis Jones,Liverpool,44.0,2.85,12.55,13.01,14.1,0.5,0.0,0.0,0.0,1.0,31,0.76
Caleb Kporha,Crystal Palace,0.7333333333333333,0.13333333333333333,0.06666666666666667,0.5333333333333333,0.0,0.5333333333333333,1.0,0.0,0.0,0.0,31,0.76
Ronnie Edwards,Southampton,0.5714285714285714,0.047619047619047616,-0.047619047619047616,0.23809523809523808,0.0,0.47619047619047616,1.0,0.0,0.0,0.0,31,0.76
William Saliba,Arsenal,82.80952380952381,3.619047619047619,15.333333333333334,18.876190476190477,4.238095238095238,0.47619047619047616,1.0,0.0,0.0,0.0,31,0.76
Samuel Amo-Ameyaw,Southampton,1.2380952380952381,0.047619047619047616,0.047619047619047616,0.19047619047619047,0.2857142857142857,0.47619047619047616,0.0,0.0,0.0,1.0,31,0.76
Vítezslav Jaros,Liverpool,0.6875,0.0625,0.375,0.55,0.0,0.5,0.0,0.0,1.0,0.0,31,0.76
Eric da Silva Moreira,Nott'm Forest,1.3333333333333333,0.09523809523809523,0.42857142857142855,0.24761904761904763,0.0,0.47619047619047616,0.0,0.0,0.0,1.0,31,0.76
Kevin De Bruyne,Man City,43.285714285714285,2.761904761904762,12.285714285714286,12.542857142857141,10.142857142857142,0.47619047619047616,0.0,0.0,0.0,1.0,31,0.75
Milos Kerkez,Bournemouth,86.52380952380952,3.619047619047619,14.619047619047619,18.295238095238094,5.238095238095238,0.47619047619047616,1.0,0.0,0.0,0.0,31,0.75
Nikola Milenković,Nott'm Forest,85.71428571428571,4.0476190476190474,13.904761904761905,17.714285714285715,9.761904761904763,0.47619047619047616,1.0,0.0,0.0,0.0,31,0.75
Jarrod Bowen,West Ham,78.85714285714286,4.285714285714286,16.61904761904762,21.714285714285715,28.952380952380953,0.5238095238095238,0.0,0.0,0.0,1.0,31,0.74
Joško Gvardiol,Man City,83.42857142857143,3.5714285714285716,13.714285714285714,22.904761904761905,14.761904761904763,0.47619047619047616,1.0,0.0,0.0,0.0,31,0.74
Jacob Murphy,Newcastle,52.19047619047619,3.4285714285714284,12.619047619047619,15.714285714285714,10.761904761904763,0.47619047619047616,0.0,0.0,0.0,1.0,31,0.74
Sávio 'Savinho' Moreira de Oliveira,Man City,51.285714285714285,3.4285714285714284,14.047619047619047,13.514285714285714,20.476190476190474,0.47619047619047616,0.0,0.0,0.0,1.0,31,0.74
Jørgen Strand Larsen,Wolves,81.61904761904762,3.857142857142857,14.619047619047619,16.83809523809524,25.047619047619047,0.47619047619047616,0.0,1.0,0.0,0.0,31,0.73
Kevin Schade,Brentford,45.523809523809526,3.380952380952381,10.904761904761905,13.714285714285714,15.285714285714286,0.5238095238095238,0.0,0.0,0.0,1.0,31,0.73
Gonçalo Manuel Ganchinho Guedes,Wolves,28.19047619047619,2.238095238095238,7.714285714285714,9.361904761904762,6.0,0.47619047619047616,0.0,0.0,0.0,1.0,31,0.73
James Bree,Southampton,19.0,0.3333333333333333,1.7619047619047619,3.7809523809523813,1.4761904761904763,0.47619047619047616,1.0,0.0,0.0,0.0,31,0.73
Dango Ouattara,Bournemouth,45.95238095238095,2.8095238095238093,11.0,15.8,16.523809523809526,0.47619047619047616,0.0,0.0,0.0,1.0,31,0.73
Marcus Rashford,Man Utd,46.42857142857143,2.5714285714285716,8.857142857142858,11.37142857142857,9.238095238095237,0.5238095238095238,0.0,0.0,0.0,1.0,31,0.72
Wout Faes,Leicester,65.33333333333333,1.3333333333333333,5.380952380952381,16.79047619047619,3.4761904761904763,0.5238095238095238,1.0,0.0,0.0,0.0,31,0.7
Rodrigo Muniz Carvalho,Fulham,28.285714285714285,2.0952380952380953,8.142857142857142,7.314285714285714,13.142857142857142,0.5238095238095238,0.0,1.0,0.0,0.0,31,0.7
Conor Chaplin,Ipswich,28.80952380952381,1.5714285714285714,5.476190476190476,4.552380952380953,4.095238095238095,0.5238095238095238,0.0,0.0,0.0,1.0,31,0.7
Mitoma Kaoru,Brighton,79.14285714285714,3.8095238095238093,15.380952380952381,17.095238095238095,25.142857142857142,0.47619047619047616,0.0,0.0,0.0,1.0,31,0.7
Danilo dos Santos de Oliveira,Nott'm Forest,0.6666666666666666,0.047619047619047616,0.047619047619047616,0.0,0.0,0.47619047619047616,0.0,0.0,0.0,1.0,31,0.69
Frank Onyeka,Brentford,1.0952380952380953,0.09523809523809523,0.14285714285714285,0.0,0.0,0.5238095238095238,0.0,0.0,0.0,1.0,31,0.69
Jhon Durán,Aston Villa,28.0,2.4285714285714284,10.428571428571429,13.019047619047617,15.476190476190476,0.5238095238095238,0.0,1.0,0.0,0.0,31,0.69
Federico Chiesa,Liverpool,1.0,0.05555555555555555,-0.05555555555555555,0.011111111111111112,0.8333333333333334,0.5,0.0,0.0,0.0,1.0,31,0.69
Martial Godo,Fulham,0.6666666666666666,0.047619047619047616,0.047619047619047616,0.047619047619047616,0.2857142857142857,0.5238095238095238,0.0,0.0,0.0,1.0,31,0.69
Ben Winterburn,Bournemouth,0.8888888888888888,0.1111111111111111,0.3333333333333333,0.022222222222222223,0.0,0.4444444444444444,0.0,0.0,0.0,1.0,31,0.69
Yunus Emre Konak,Brentford,0.9047619047619048,0.23809523809523808,0.47619047619047616,0.06666666666666667,0.14285714285714285,0.5238095238095238,0.0,0.0,0.0,1.0,31,0.69
Mikkel Damsgaard,Brentford,72.95238095238095,3.6666666666666665,17.61904761904762,21.361904761904764,10.80952380952381,0.5238095238095238,0.0,0.0,0.0,1.0,31,0.67
Dominic Solanke-Mitchell,Spurs,76.0952380952381,3.9523809523809526,15.476190476190476,18.866666666666667,27.666666666666668,0.5238095238095238,0.0,1.0,0.0,0.0,31,0.66
Yankuba Minteh,Brighton,31.285714285714285,1.6666666666666667,5.9523809523809526,6.828571428571429,8.476190476190476,0.47619047619047616,0.0,0.0,0.0,1.0,31,0.66
Jannik Vestergaard,Leicester,48.57142857142857,0.42857142857142855,3.380952380952381,11.295238095238094,1.5238095238095237,0.5238095238095238,1.0,0.0,0.0,0.0,31,0.65
Jan Bednarek,Southampton,72.0,1.380952380952381,7.476190476190476,20.514285714285716,0.7619047619047619,0.47619047619047616,1.0,0.0,0.0,0.0,31,0.65
Neco Williams,Nott'm Forest,51.57142857142857,2.5238095238095237,9.952380952380953,11.19047619047619,5.761904761904762,0.47619047619047616,1.0,0.0,0.0,0.0,31,0.65
Bruno Guimarães Rodriguez Moura,Newcastle,87.38095238095238,3.5238095238095237,17.857142857142858,19.257142857142856,8.476190476190476,0.47619047619047616,0.0,0.0,0.0,1.0,31,0.64
Ashley Young,Everton,71.9,3.6,12.4,17.04,1.75,0.5,1.0,0.0,0.0,0.0,31,0.63
Kai Havertz,Arsenal,74.76190476190476,3.5714285714285716,13.095238095238095,17.723809523809525,28.857142857142858,0.47619047619047616,0.0,1.0,0.0,0.0,31,0.63
Dean Huijsen,Bournemouth,46.19047619047619,2.7142857142857144,10.761904761904763,16.676190476190477,5.285714285714286,0.47619047619047616,1.0,0.0,0.0,0.0,31,0.63
Jean-Philippe Mateta,Crystal Palace,75.71428571428571,3.5714285714285716,12.666666666666666,14.304761904761904,20.476190476190474,0.5238095238095238,0.0,1.0,0.0,0.0,31,0.62
Gabriel Fernando de Jesus,Arsenal,28.571428571428573,2.0,7.238095238095238,7.352380952380951,12.142857142857142,0.47619047619047616,0.0,1.0,0.0,0.0,31,0.62
Antoine Semenyo,Bournemouth,83.14285714285714,4.095238095238095,14.857142857142858,19.45714285714286,34.23809523809524,0.47619047619047616,0.0,0.0,0.0,1.0,31,0.61
Yves Bissouma,Spurs,45.80952380952381,1.8095238095238095,9.142857142857142,9.733333333333333,1.5238095238095237,0.5238095238095238,0.0,0.0,0.0,1.0,31,0.61
Carlos Henrique Casimiro,Man Utd,39.666666666666664,1.5238095238095237,9.285714285714286,11.866666666666667,7.142857142857143,0.5238095238095238,0.0,0.0,0.0,1.0,31,0.61
Rayan Aït-Nouri,Wolves,82.14285714285714,2.761904761904762,8.428571428571429,21.142857142857142,10.380952380952381,0.47619047619047616,1.0,0.0,0.0,0.0,31,0.6
Ross Barkley,Aston Villa,25.904761904761905,1.9047619047619047,7.142857142857143,9.685714285714285,8.80952380952381,0.5238095238095238,0.0,0.0,0.0,1.0,31,0.6
Mikel Merino,Arsenal,34.89473684210526,1.894736842105263,7.578947368421052,9.957894736842107,10.31578947368421,0.47368421052631576,0.0,0.0,0.0,1.0,31,0.59
Crysencio Summerville,West Ham,36.95238095238095,1.5714285714285714,6.142857142857143,7.447619047619048,8.857142857142858,0.5238095238095238,0.0,0.0,0.0,1.0,31,0.59
Jamie Vardy,Leicester,73.85714285714286,3.7142857142857144,13.047619047619047,14.609523809523811,21.095238095238095,0.5238095238095238,0.0,1.0,0.0,0.0,31,0.59
Simon Adingra,Brighton,25.952380952380953,1.619047619047619,5.333333333333333,6.552380952380952,7.142857142857143,0.47619047619047616,0.0,0.0,0.0,1.0,31,0.59
Jérémy Doku,Man City,32.95238095238095,2.1904761904761907,9.904761904761905,10.923809523809524,10.714285714285714,0.47619047619047616,0.0,0.0,0.0,1.0,31,0.59
Liam Delap,Ipswich,72.61904761904762,3.857142857142857,13.761904761904763,16.476190476190474,21.571428571428573,0.5238095238095238,0.0,1.0,0.0,0.0,31,0.58
Jean-Ricner Bellegarde,Wolves,39.142857142857146,1.7142857142857142,5.476190476190476,6.447619047619048,4.476190476190476,0.47619047619047616,0.0,0.0,0.0,1.0,31,0.58
Bruno Borges Fernandes,Man Utd,78.80952380952381,4.380952380952381,19.38095238095238,24.361904761904764,17.238095238095237,0.5238095238095238,0.0,0.0,0.0,1.0,31,0.57
Virgil van Dijk,Liverpool,90.0,3.85,17.2,23.28,9.65,0.5,1.0,0.0,0.0,0.0,31,0.57
Brennan Johnson,Spurs,70.95238095238095,4.238095238095238,14.285714285714286,18.104761904761904,29.238095238095237,0.5238095238095238,0.0,0.0,0.0,1.0,31,0.57
Bilal El Khannouss,Leicester,45.31578947368421,1.894736842105263,8.0,7.578947368421052,2.6315789473684212,0.5263157894736842,0.0,0.0,0.0,1.0,31,0.56
Jack Harrison,Everton,49.65,1.7,5.3,5.5,7.3,0.5,0.0,0.0,0.0,1.0,31,0.56
Leon Bailey,Aston Villa,43.523809523809526,1.8571428571428572,6.904761904761905,5.980952380952381,10.952380952380953,0.5238095238095238,0.0,0.0,0.0,1.0,31,0.56
Emmanuel Agbadou,Wolves,90.0,0.0,-3.0,21.8,0.0,0.0,1.0,0.0,0.0,0.0,31,0.56
Yasin Ayari,Brighton,52.38095238095238,1.5238095238095237,7.9523809523809526,8.390476190476189,7.285714285714286,0.47619047619047616,0.0,0.0,0.0,1.0,31,0.55
Carlos Soler,West Ham,43.888888888888886,1.6111111111111112,7.388888888888889,5.98888888888889,6.333333333333333,0.5,0.0,0.0,0.0,1.0,31,0.55
Pape Matar Sarr,Spurs,52.38095238095238,1.9047619047619047,10.714285714285714,10.866666666666665,5.9523809523809526,0.5238095238095238,0.0,0.0,0.0,1.0,31,0.55
Amadou Onana,Aston Villa,47.476190476190474,1.8571428571428572,8.666666666666666,10.0,8.571428571428571,0.5238095238095238,0.0,0.0,0.0,1.0,31,0.54
Jordan Ayew,Leicester,45.85,2.4,9.15,9.97,10.2,0.5,0.0,0.0,0.0,1.0,31,0.54
Sam Szmodics,Ipswich,46.42857142857143,2.4761904761904763,7.523809523809524,9.971428571428572,12.523809523809524,0.5238095238095238,0.0,0.0,0.0,1.0,31,0.54
Kristoffer Ajer,Brentford,34.142857142857146,0.42857142857142855,1.2380952380952381,4.180952380952381,3.619047619047619,0.5238095238095238,1.0,0.0,0.0,0.0,31,0.53
Pedro Lomba Neto,Chelsea,47.95238095238095,1.7619047619047619,7.761904761904762,8.523809523809524,9.666666666666666,0.47619047619047616,0.0,0.0,0.0,1.0,31,0.53
Adama Traoré,Fulham,45.476190476190474,2.2857142857142856,9.761904761904763,9.6,12.952380952380953,0.5238095238095238,0.0,0.0,0.0,1.0,31,0.53
Timo Werner,Spurs,23.61904761904762,1.5714285714285714,5.571428571428571,5.447619047619047,5.380952380952381,0.5238095238095238,0.0,0.0,0.0,1.0,31,0.51
Diogo Dalot Teixeira,Man Utd,84.0952380952381,2.5714285714285716,10.047619047619047,14.276190476190477,6.809523809523809,0.5238095238095238,1.0,0.0,0.0,0.0,31,0.5
Trevoh Chalobah,Crystal Palace,58.888888888888886,3.0,12.0,17.166666666666668,8.11111111111111,0.5555555555555556,1.0,0.0,0.0,0.0,31,0.48
Francisco Evanilson de Lima Barbosa,Bournemouth,68.4,3.9,14.55,12.18,28.65,0.5,0.0,1.0,0.0,0.0,31,0.47
Son Heung-min,Spurs,62.523809523809526,4.285714285714286,18.095238095238095,21.799999999999997,21.952380952380953,0.5238095238095238,0.0,0.0,0.0,1.0,31,0.47
Jurriën Timber,Arsenal,70.71428571428571,3.142857142857143,11.666666666666666,11.723809523809523,8.19047619047619,0.47619047619047616,1.0,0.0,0.0,0.0,31,0.47
Daniel Muñoz,Crystal Palace,81.61904761904762,3.1904761904761907,11.523809523809524,20.114285714285714,14.476190476190476,0.5238095238095238,1.0,0.0,0.0,0.0,31,0.45
Pedro Porro,Spurs,81.71428571428571,3.3333333333333335,14.047619047619047,23.723809523809525,7.238095238095238,0.5238095238095238,1.0,0.0,0.0,0.0,31,0.45
Nicolas Jackson,Chelsea,73.04761904761905,4.761904761904762,17.952380952380953,22.076190476190476,36.285714285714285,0.47619047619047616,0.0,1.0,0.0,0.0,31,0.44
Jack Stephens,Southampton,37.76190476190476,0.47619047619047616,1.8571428571428572,6.057142857142857,0.8095238095238095,0.47619047619047616,1.0,0.0,0.0,0.0,31,0.44
Raúl Jiménez,Fulham,62.476190476190474,4.190476190476191,15.476190476190476,17.82857142857143,29.047619047619047,0.5238095238095238,0.0,1.0,0.0,0.0,31,0.44
Danny Welbeck,Brighton,53.476190476190474,3.3333333333333335,11.904761904761905,13.952380952380953,17.714285714285715,0.47619047619047616,0.0,1.0,0.0,0.0,31,0.44
David Raya Martin,Arsenal,90.0,3.8095238095238093,14.095238095238095,20.847619047619048,0.0,0.47619047619047616,0.0,0.0,1.0,0.0,31,0.43
Justin Kluivert,Bournemouth,60.04761904761905,4.095238095238095,12.904761904761905,17.428571428571427,23.0,0.47619047619047616,0.0,0.0,0.0,1.0,31,0.43
Vitalii Mykolenko,Everton,77.75,2.9,10.35,13.48,2.55,0.5,1.0,0.0,0.0,0.0,31,0.43
André Onana,Man Utd,90.0,3.5714285714285716,13.666666666666666,22.65714285714286,0.0,0.5238095238095238,0.0,0.0,1.0,0.0,31,0.42
Ismaïla Sarr,Crystal Palace,64.76190476190476,3.5238095238095237,14.428571428571429,16.98095238095238,25.666666666666668,0.5238095238095238,0.0,0.0,0.0,1.0,31,0.42
Nathan Collins,Brentford,90.0,3.0,13.285714285714286,27.466666666666665,10.142857142857142,0.5238095238095238,1.0,0.0,0.0,0.0,31,0.41
Cody Gakpo,Liverpool,53.55,3.45,15.95,17.58,19.0,0.5,0.0,1.0,0.0,0.0,31,0.4
James Tarkowski,Everton,89.55,3.05,12.65,24.7,6.6,0.5,1.0,0.0,0.0,0.0,31,0.39
Darwin Núñez Ribeiro,Liverpool,37.45,1.65,7.05,7.409999999999999,11.6,0.5,0.0,1.0,0.0,0.0,31,0.39
Aaron Wan-Bissaka,West Ham,81.61904761904762,2.9047619047619047,11.0,19.64761904761905,5.0,0.5238095238095238,1.0,0.0,0.0,0.0,31,0.39
Álex Moreno Lopera,Nott'm Forest,39.4,1.55,5.5,7.93,1.25,0.45,1.0,0.0,0.0,0.0,31,0.38
Maxence Lacroix,Crystal Palace,90.0,3.2222222222222223,13.5,20.455555555555556,5.666666666666667,0.5555555555555556,1.0,0.0,0.0,0.0,31,0.38
Joshua Zirkzee,Man Utd,34.95238095238095,2.142857142857143,8.0,8.99047619047619,10.952380952380953,0.5238095238095238,0.0,1.0,0.0,0.0,31,0.38
Wilfred Ndidi,Leicester,57.904761904761905,1.7619047619047619,9.714285714285714,15.552380952380954,8.904761904761905,0.5238095238095238,0.0,0.0,0.0,1.0,31,0.37
Dominic Calvert-Lewin,Everton,73.45,2.65,6.1,7.8,23.25,0.5,0.0,1.0,0.0,0.0,31,0.37
Andrew Robertson,Liverpool,72.15,2.75,13.1,11.870000000000001,5.45,0.5,1.0,0.0,0.0,0.0,31,0.37
Michail Antonio,West Ham,39.714285714285715,2.0,5.285714285714286,3.4285714285714284,9.238095238095237,0.5238095238095238,0.0,1.0,0.0,0.0,31,0.36
Michael Keane,Everton,40.5,1.6,4.45,11.08,4.2,0.5,1.0,0.0,0.0,0.0,31,0.35
Fabian Schär,Newcastle,69.85714285714286,2.619047619047619,10.952380952380953,16.847619047619048,4.904761904761905,0.47619047619047616,1.0,0.0,0.0,0.0,31,0.35
Marc Guéhi,Crystal Palace,85.71428571428571,3.3333333333333335,13.095238095238095,26.257142857142856,7.0,0.5238095238095238,1.0,0.0,0.0,0.0,31,0.35
Mads Roerslev Rasmussen,Brentford,43.80952380952381,1.619047619047619,5.571428571428571,9.038095238095238,3.4761904761904763,0.5238095238095238,1.0,0.0,0.0,0.0,31,0.35
Martin Dúbravka,Newcastle,25.714285714285715,1.7619047619047619,6.666666666666667,5.104761904761905,0.0,0.47619047619047616,0.0,0.0,1.0,0.0,31,0.34
Jarrad Branthwaite,Everton,49.8,1.95,8.65,9.629999999999999,2.25,0.5,1.0,0.0,0.0,0.0,31,0.33
Rasmus Højlund,Man Utd,48.714285714285715,1.9523809523809523,6.666666666666667,4.819047619047619,7.761904761904762,0.5238095238095238,0.0,1.0,0.0,0.0,31,0.33
Lucas Digne,Aston Villa,75.71428571428571,2.6666666666666665,11.904761904761905,15.657142857142858,4.761904761904762,0.5238095238095238,1.0,0.0,0.0,0.0,31,0.33
Cristian Romero,Spurs,46.38095238095238,1.6666666666666667,8.80952380952381,11.885714285714286,6.666666666666667,0.5238095238095238,1.0,0.0,0.0,0.0,31,0.33
Cameron Archer,Southampton,45.19047619047619,1.8095238095238095,4.857142857142857,4.409523809523809,12.571428571428571,0.47619047619047616,0.0,1.0,0.0,0.0,31,0.33
Tyrick Mitchell,Crystal Palace,86.76190476190476,3.0952380952380953,13.476190476190476,18.34285714285714,4.571428571428571,0.5238095238095238,1.0,0.0,0.0,0.0,31,0.33
Conor Coady,Leicester,33.904761904761905,0.3333333333333333,1.2857142857142858,6.923809523809524,0.2857142857142857,0.5238095238095238,1.0,0.0,0.0,0.0,31,0.33
Sugawara Yukinari,Southampton,50.714285714285715,1.6666666666666667,5.809523809523809,11.19047619047619,3.6666666666666665,0.47619047619047616,1.0,0.0,0.0,0.0,31,0.33
Iliman Ndiaye,Everton,80.15,2.85,13.8,16.04,13.0,0.5,0.0,1.0,0.0,0.0,31,0.32
Illia Zabarnyi,Bournemouth,90.0,2.6666666666666665,12.19047619047619,18.58095238095238,1.8095238095238095,0.47619047619047616,1.0,0.0,0.0,0.0,31,0.32
Christopher Nkunku,Chelsea,18.476190476190474,1.7142857142857142,5.190476190476191,6.123809523809523,8.857142857142858,0.47619047619047616,0.0,0.0,0.0,1.0,31,0.32
Matty Cash,Aston Villa,51.333333333333336,1.5238095238095237,5.333333333333333,9.342857142857142,4.380952380952381,0.5238095238095238,1.0,0.0,0.0,0.0,31,0.32
Mario Lemina,Wolves,64.9047619047619,2.238095238095238,12.0,16.99047619047619,5.714285714285714,0.47619047619047616,0.0,0.0,0.0,1.0,31,0.32
Matheus Santos Carneiro Da Cunha,Wolves,76.42857142857143,5.333333333333333,25.38095238095238,29.17142857142857,24.714285714285715,0.47619047619047616,0.0,1.0,0.0,0.0,31,0.31
Dan Burn,Newcastle,85.71428571428571,3.0476190476190474,13.095238095238095,16.504761904761907,5.9523809523809526,0.47619047619047616,1.0,0.0,0.0,0.0,31,0.31
Ryan Christie,Bournemouth,71.0,2.4285714285714284,12.952380952380953,15.00952380952381,7.238095238095238,0.47619047619047616,0.0,0.0,0.0,1.0,31,0.3
Adam Smith,Bournemouth,49.142857142857146,1.619047619047619,4.428571428571429,5.533333333333333,0.38095238095238093,0.47619047619047616,1.0,0.0,0.0,0.0,31,0.29
Matz Sels,Nott'm Forest,90.0,4.619047619047619,15.80952380952381,24.428571428571427,0.0,0.47619047619047616,0.0,0.0,1.0,0.0,31,0.28
Mads Hermansen,Leicester,66.42857142857143,1.8095238095238095,7.761904761904762,24.495238095238093,0.0,0.5238095238095238,0.0,0.0,1.0,0.0,31,0.27
Anthony Gordon,Newcastle,75.61904761904762,4.714285714285714,18.666666666666668,22.866666666666667,25.80952380952381,0.47619047619047616,0.0,0.0,0.0,1.0,31,0.26
Enes Ünal,Bournemouth,15.714285714285714,1.5238095238095237,4.619047619047619,4.9523809523809526,9.857142857142858,0.47619047619047616,0.0,1.0,0.0,0.0,31,0.26
Chris Wood,Nott'm Forest,79.0952380952381,5.857142857142857,21.857142857142858,23.685714285714287,24.952380952380953,0.47619047619047616,0.0,1.0,0.0,0.0,31,0.25
Ollie Watkins,Aston Villa,69.04761904761905,4.857142857142857,16.38095238095238,20.438095238095237,34.19047619047619,0.5238095238095238,0.0,1.0,0.0,0.0,31,0.25
Jordan Pickford,Everton,90.0,4.4,15.35,28.339999999999996,0.0,0.5,0.0,0.0,1.0,0.0,31,0.24
Arijanet Muric,Ipswich,72.85714285714286,2.2857142857142856,8.571428571428571,24.314285714285713,0.0,0.5238095238095238,0.0,0.0,1.0,0.0,31,0.24
Anthony Elanga,Nott'm Forest,57.23809523809524,3.5714285714285716,12.333333333333334,14.333333333333334,12.523809523809524,0.47619047619047616,0.0,0.0,0.0,1.0,31,0.23
Ilkay Gündogan,Man City,57.9,1.75,10.0,7.7299999999999995,7.45,0.5,0.0,0.0,0.0,1.0,31,0.21
Will Hughes,Crystal Palace,54.61904761904762,1.8571428571428572,8.380952380952381,10.609523809523811,2.6666666666666665,0.5238095238095238,0.0,0.0,0.0,1.0,31,0.21
James Maddison,Spurs,57.285714285714285,4.761904761904762,21.095238095238095,25.276190476190475,19.761904761904763,0.5238095238095238,0.0,0.0,0.0,1.0,31,0.2
John McGinn,Aston Villa,59.666666666666664,2.0,8.857142857142858,6.457142857142857,7.190476190476191,0.5238095238095238,0.0,0.0,0.0,1.0,31,0.19
Aaron Ramsdale,Southampton,66.3157894736842,2.3684210526315788,8.631578947368421,23.273684210526316,0.0,0.47368421052631576,0.0,0.0,1.0,0.0,31,0.18
Luis Díaz,Liverpool,59.3,4.85,15.9,19.97,23.45,0.5,0.0,0.0,0.0,1.0,31,0.18
Idrissa Gueye,Everton,74.3,1.9,10.7,10.190000000000001,3.95,0.5,0.0,0.0,0.0,1.0,31,0.17
Orel Mangala,Everton,63.35294117647059,2.0,9.0,8.423529411764704,5.0588235294117645,0.47058823529411764,0.0,0.0,0.0,1.0,31,0.17
Nick Pope,Newcastle,64.28571428571429,2.2857142857142856,8.952380952380953,18.685714285714283,0.0,0.47619047619047616,0.0,0.0,1.0,0.0,31,0.16
Leandro Trossard,Arsenal,56.57142857142857,3.3333333333333335,12.428571428571429,14.01904761904762,16.904761904761905,0.47619047619047616,0.0,0.0,0.0,1.0,31,0.16
Kepa Arrizabalaga,Bournemouth,66.3157894736842,2.736842105263158,10.473684210526315,19.642105263157895,0.0,0.47368421052631576,0.0,0.0,1.0,0.0,31,0.15
Alexander Isak,Newcastle,73.42857142857143,6.428571428571429,26.61904761904762,33.333333333333336,38.333333333333336,0.47619047619047616,0.0,1.0,0.0,0.0,31,0.15
Antonee Robinson,Fulham,90.0,3.5238095238095237,15.523809523809524,28.676190476190477,6.9523809523809526,0.5238095238095238,1.0,0.0,0.0,0.0,31,0.15
Carlos Baleba,Brighton,63.80952380952381,2.2857142857142856,12.476190476190476,13.761904761904763,5.428571428571429,0.47619047619047616,0.0,0.0,0.0,1.0,31,0.15
Murillo Santiago Costa dos Santos,Nott'm Forest,84.61904761904762,3.8095238095238093,15.619047619047619,25.20952380952381,6.333333333333333,0.47619047619047616,1.0,0.0,0.0,0.0,31,0.15
Yoane Wissa,Brentford,66.23809523809524,4.619047619047619,18.38095238095238,20.114285714285717,25.80952380952381,0.5238095238095238,0.0,1.0,0.0,0.0,31,0.14
Caoimhin Kelleher,Liverpool,36.0,1.85,6.35,9.84,0.0,0.5,0.0,0.0,1.0,0.0,31,0.14
Facundo Buonanotte,Leicester,52.714285714285715,2.7142857142857144,11.523809523809524,16.333333333333332,11.380952380952381,0.5238095238095238,0.0,0.0,0.0,1.0,31,0.13
Phil Foden,Man City,54.23809523809524,2.9047619047619047,14.380952380952381,13.647619047619049,14.238095238095237,0.47619047619047616,0.0,0.0,0.0,1.0,31,0.13
Łukasz Fabiański,West Ham,46.666666666666664,1.619047619047619,5.714285714285714,15.485714285714286,0.0,0.5238095238095238,0.0,0.0,1.0,0.0,31,0.12
Dwight McNeil,Everton,57.0,3.25,14.95,14.37,8.45,0.5,0.0,0.0,0.0,1.0,31,0.12
José Malheiro de Sá,Wolves,60.0,1.8095238095238095,6.0,14.838095238095239,0.0,0.47619047619047616,0.0,0.0,1.0,0.0,31,0.11
João Pedro Junqueira de Jesus,Brighton,53.095238095238095,3.619047619047619,14.857142857142858,16.057142857142857,18.238095238095237,0.47619047619047616,0.0,1.0,0.0,0.0,31,0.11
Christian Nørgaard,Brentford,69.95238095238095,2.2857142857142856,13.476190476190476,17.295238095238094,7.571428571428571,0.5238095238095238,0.0,0.0,0.0,1.0,31,0.1
Harry Winks,Leicester,57.76190476190476,1.5238095238095237,10.714285714285714,10.352380952380953,1.0952380952380953,0.5238095238095238,0.0,0.0,0.0,1.0,31,0.1
Asher Agbinone,Crystal Palace,0.21052631578947367,0.10526315789473684,0.21052631578947367,0.21052631578947367,0.05263157894736842,0.5263157894736842,0.0,0.0,0.0,1.0,31,0.09
Toti António Gomes,Wolves,60.142857142857146,1.619047619047619,7.0476190476190474,13.533333333333333,1.0952380952380953,0.47619047619047616,1.0,0.0,0.0,0.0,31,0.09
Georginio Rutter,Brighton,55.3,3.15,9.1,10.76,13.55,0.5,0.0,0.0,0.0,1.0,31,0.09
Jadon Sancho,Chelsea,53.22222222222222,2.9444444444444446,13.222222222222221,12.4,12.222222222222221,0.4444444444444444,0.0,0.0,0.0,1.0,31,0.09
Alejandro Garnacho,Man Utd,53.19047619047619,2.619047619047619,8.952380952380953,11.333333333333334,24.285714285714285,0.5238095238095238,0.0,0.0,0.0,1.0,31,0.09
Amad Diallo,Man Utd,62.904761904761905,4.761904761904762,20.0,22.97142857142857,20.714285714285715,0.5238095238095238,0.0,0.0,0.0,1.0,31,0.09
Erling Haaland,Man City,89.61904761904762,5.9523809523809526,26.476190476190474,32.02857142857143,55.142857142857146,0.47619047619047616,0.0,1.0,0.0,0.0,31,0.09
Bukayo Saka,Arsenal,60.38095238095238,5.095238095238095,20.714285714285715,24.580952380952382,28.761904761904763,0.47619047619047616,0.0,0.0,0.0,1.0,31,0.09
Kaelan Casey,West Ham,0.05263157894736842,0.05263157894736842,0.15789473684210525,0.10526315789473684,0.0,0.5263157894736842,1.0,0.0,0.0,0.0,31,0.09
Francisco Jorge Tomás Oliveira,Wolves,0.2857142857142857,0.047619047619047616,0.19047619047619047,0.14285714285714285,0.09523809523809523,0.47619047619047616,0.0,0.0,0.0,1.0,31,0.09
Emile Smith Rowe,Fulham,57.19047619047619,3.0952380952380953,12.380952380952381,12.095238095238095,8.380952380952381,0.5238095238095238,0.0,0.0,0.0,1.0,31,0.09
Carlos Alcaraz Durán,Southampton,0.42857142857142855,0.047619047619047616,0.19047619047619047,0.4,0.9047619047619048,0.47619047619047616,0.0,0.0,0.0,1.0,31,0.09
Carlos Vinícius Alves Morais,Fulham,0.14285714285714285,0.047619047619047616,0.2857142857142857,0.19047619047619047,0.9047619047619048,0.5238095238095238,0.0,1.0,0.0,0.0,31,0.09
Ryan Trevitt,Brentford,0.14285714285714285,0.047619047619047616,0.23809523809523808,0.12380952380952381,0.0,0.5238095238095238,0.0,0.0,0.0,1.0,31,0.09
Guglielmo Vicario,Spurs,51.42857142857143,1.7619047619047619,8.80952380952381,12.399999999999999,0.0,0.5238095238095238,0.0,0.0,1.0,0.0,31,0.09
Jakub Moder,Brighton,0.42857142857142855,0.19047619047619047,0.8095238095238095,0.7523809523809524,0.09523809523809523,0.47619047619047616,0.0,0.0,0.0,1.0,31,0.09
Conor Townsend,Ipswich,0.047619047619047616,0.047619047619047616,0.09523809523809523,0.19047619047619047,0.0,0.5238095238095238,1.0,0.0,0.0,0.0,31,0.09
Bart Verbruggen,Brighton,81.42857142857143,2.8095238095238093,11.095238095238095,24.2,0.0,0.47619047619047616,0.0,0.0,1.0,0.0,31,0.08
Dara O'Shea,Ipswich,83.78947368421052,1.5263157894736843,7.421052631578948,22.073684210526313,6.2105263157894735,0.5263157894736842,1.0,0.0,0.0,0.0,31,0.08
Tyler Dibling,Southampton,58.333333333333336,2.142857142857143,8.047619047619047,9.104761904761906,10.80952380952381,0.47619047619047616,0.0,0.0,0.0,1.0,31,0.07
Noni Madueke,Chelsea,56.95238095238095,3.857142857142857,13.095238095238095,15.676190476190476,32.285714285714285,0.47619047619047616,0.0,0.0,0.0,1.0,31,0.07
Marcus Tavernier,Bournemouth,54.19047619047619,2.2857142857142856,8.904761904761905,12.533333333333333,13.095238095238095,0.47619047619047616,0.0,0.0,0.0,1.0,31,0.07
Taylor Harwood-Bellis,Southampton,79.47619047619048,1.7142857142857142,7.809523809523809,21.40952380952381,6.285714285714286,0.47619047619047616,1.0,0.0,0.0,0.0,31,0.07
Stephy Mavididi,Leicester,57.142857142857146,2.4761904761904763,9.285714285714286,12.704761904761906,10.952380952380953,0.5238095238095238,0.0,0.0,0.0,1.0,31,0.07
Sandro Tonali,Newcastle,56.523809523809526,1.7142857142857142,9.0,8.723809523809525,6.476190476190476,0.47619047619047616,0.0,0.0,0.0,1.0,31,0.07
Martin Ødegaard,Arsenal,52.76190476190476,2.4761904761904763,11.047619047619047,11.323809523809523,11.952380952380953,0.47619047619047616,0.0,0.0,0.0,1.0,31,0.06
Ethan Pinnock,Brentford,68.57142857142857,1.5714285714285714,7.714285714285714,20.885714285714286,8.80952380952381,0.5238095238095238,1.0,0.0,0.0,0.0,31,0.06
Gabriel Martinelli Silva,Arsenal,56.904761904761905,3.5238095238095237,11.428571428571429,15.571428571428571,21.952380952380953,0.47619047619047616,0.0,0.0,0.0,1.0,31,0.06
Ibrahima Konaté,Liverpool,56.45,2.45,10.85,13.780000000000001,3.45,0.5,1.0,0.0,0.0,0.0,31,0.06
Morgan Gibbs-White,Nott'm Forest,63.80952380952381,3.4285714285714284,13.047619047619047,16.838095238095235,17.19047619047619,0.47619047619047616,0.0,0.0,0.0,1.0,31,0.06
Alex Iwobi,Fulham,86.0,4.857142857142857,21.61904761904762,25.933333333333334,20.952380952380953,0.5238095238095238,0.0,0.0,0.0,1.0,31,0.06
Tomáš Souček,West Ham,68.23809523809524,3.380952380952381,11.666666666666666,16.8,16.571428571428573,0.5238095238095238,0.0,0.0,0.0,1.0,31,0.05
Flynn Downes,Southampton,66.0,1.5238095238095237,9.857142857142858,9.342857142857143,4.9523809523809526,0.47619047619047616,0.0,0.0,0.0,1.0,31,0.05
Ryan Yates,Nott'm Forest,66.61904761904762,2.0952380952380953,9.619047619047619,9.552380952380952,8.714285714285714,0.47619047619047616,0.0,0.0,0.0,1.0,31,0.05
Ederson Santana de Moraes,Man City,55.714285714285715,1.619047619047619,6.095238095238095,13.161904761904761,0.0,0.47619047619047616,0.0,0.0,1.0,0.0,31,0.05
Victor Kristiansen,Leicester,75.0952380952381,1.1428571428571428,6.619047619047619,17.39047619047619,0.5714285714285714,0.5238095238095238,1.0,0.0,0.0,0.0,31,0.05
Norberto Murara Neto,Bournemouth,90.0,3.5,15.0,38.9,0.0,0.5,0.0,0.0,1.0,0.0,31,0.05
Joe Aribo,Southampton,56.80952380952381,2.0952380952380953,11.095238095238095,11.00952380952381,9.142857142857142,0.47619047619047616,0.0,0.0,0.0,1.0,31,0.05
Enzo Fernández,Chelsea,71.76190476190476,3.238095238095238,17.61904761904762,19.761904761904763,11.428571428571429,0.47619047619047616,0.0,0.0,0.0,1.0,31,0.04
Andreas Hoelgebaum Pereira,Fulham,59.19047619047619,2.380952380952381,10.952380952380953,10.114285714285714,10.428571428571429,0.5238095238095238,0.0,0.0,0.0,1.0,31,0.04
Eberechi Eze,Crystal Palace,67.38095238095238,3.0952380952380953,13.904761904761905,15.180952380952382,19.38095238095238,0.5238095238095238,0.0,0.0,0.0,1.0,31,0.04
Keane Lewis-Potter,Brentford,78.42857142857143,2.761904761904762,12.333333333333334,14.038095238095238,13.571428571428571,0.5238095238095238,0.0,0.0,0.0,1.0,31,0.04
Matthijs de Ligt,Man Utd,66.19047619047619,2.142857142857143,9.428571428571429,14.038095238095238,9.142857142857142,0.5238095238095238,1.0,0.0,0.0,0.0,31,0.04
Bryan Mbeumo,Brentford,89.76190476190476,6.571428571428571,26.0,35.59047619047619,23.80952380952381,0.5238095238095238,0.0,0.0,0.0,1.0,31,0.04
Mohamed Salah,Liverpool,88.15,10.55,34.65,48.56,61.6,0.5,0.0,0.0,0.0,1.0,31,0.04
Robert Sánchez,Chelsea,81.42857142857143,3.3333333333333335,12.80952380952381,24.504761904761907,0.0,0.47619047619047616,0.0,0.0,1.0,0.0,31,0.04
Cole Palmer,Chelsea,87.52380952380952,7.761904761904762,32.714285714285715,38.666666666666664,31.19047619047619,0.47619047619047616,0.0,0.0,0.0,1.0,31,0.03
Alexis Mac Allister,Liverpool,70.55,2.75,14.3,15.12,10.2,0.5,0.0,0.0,0.0,1.0,31,0.03
João Victor Gomes da Silva,Wolves,80.61904761904762,2.5714285714285716,11.904761904761905,14.238095238095237,5.809523809523809,0.47619047619047616,0.0,0.0,0.0,1.0,31,0.03
Pervis Estupiñán,Brighton,63.42857142857143,1.7619047619047619,9.142857142857142,13.438095238095238,4.285714285714286,0.47619047619047616,1.0,0.0,0.0,0.0,31,0.03
Sam Morsy,Ipswich,77.71428571428571,2.142857142857143,12.428571428571429,13.180952380952382,1.0952380952380953,0.5238095238095238,0.0,0.0,0.0,1.0,31,0.03
Lewis Dunk,Brighton,61.42857142857143,1.7619047619047619,8.714285714285714,13.114285714285714,3.761904761904762,0.47619047619047616,1.0,0.0,0.0,0.0,31,0.03
Kenny Tete,Fulham,60.095238095238095,1.7619047619047619,7.238095238095238,12.323809523809524,5.476190476190476,0.5238095238095238,1.0,0.0,0.0,0.0,31,0.03
Nélson Cabral Semedo,Wolves,68.04761904761905,1.7142857142857142,6.523809523809524,14.323809523809524,3.761904761904762,0.47619047619047616,1.0,0.0,0.0,0.0,31,0.03
Kyle Walker-Peters,Southampton,80.47619047619048,1.7619047619047619,7.904761904761905,15.533333333333333,8.047619047619047,0.47619047619047616,1.0,0.0,0.0,0.0,31,0.03
Jan Paul van Hecke,Brighton,76.66666666666667,2.380952380952381,11.904761904761905,18.8,3.9523809523809526,0.47619047619047616,1.0,0.0,0.0,0.0,31,0.02
James Justin,Leicester,82.0,1.9047619047619047,5.380952380952381,17.923809523809524,7.619047619047619,0.5238095238095238,1.0,0.0,0.0,0.0,31,0.02
Lucas Tolentino Coelho de Lima,West Ham,69.57142857142857,2.9047619047619047,12.523809523809524,14.80952380952381,9.380952380952381,0.5238095238095238,0.0,0.0,0.0,1.0,31,0.02
Adam Armstrong,Southampton,53.80952380952381,2.0476190476190474,6.619047619047619,7.190476190476191,11.619047619047619,0.47619047619047616,0.0,1.0,0.0,0.0,31,0.02
Emiliano Martínez Romero,Aston Villa,87.85714285714286,2.8095238095238093,11.333333333333334,22.00952380952381,0.0,0.5238095238095238,0.0,0.0,1.0,0.0,31,0.02
Malo Gusto,Chelsea,58.95238095238095,1.380952380952381,6.857142857142857,10.380952380952381,5.095238095238095,0.47619047619047616,1.0,0.0,0.0,0.0,31,0.02
Emerson Palmieri dos Santos,West Ham,68.14285714285714,2.0952380952380953,6.380952380952381,13.933333333333334,4.142857142857143,0.5238095238095238,1.0,0.0,0.0,0.0,31,0.02
Alisson Ramses Becker,Liverpool,53.4,2.4,9.3,10.09,0.0,0.5,0.0,0.0,1.0,0.0,31,0.02
Sepp van den Berg,Brentford,71.35,1.6,5.45,15.02,5.15,0.5,1.0,0.0,0.0,0.0,31,0.02
Max Kilman,West Ham,86.57142857142857,2.0,8.80952380952381,21.742857142857144,5.333333333333333,0.5238095238095238,1.0,0.0,0.0,0.0,31,0.02
Mateus Gonçalo Espanha Fernandes,Southampton,73.5,2.1,11.65,12.52,12.65,0.5,0.0,0.0,0.0,1.0,31,0.01
Lisandro Martínez,Man Utd,75.23809523809524,2.4285714285714284,11.380952380952381,17.46666666666667,6.761904761904762,0.5238095238095238,1.0,0.0,0.0,0.0,31,0.01
Mateo Kovačić,Man City,61.523809523809526,2.761904761904762,13.952380952380953,14.838095238095237,5.9523809523809526,0.47619047619047616,0.0,0.0,0.0,1.0,31,0.01
Pau Torres,Aston Villa,73.76190476190476,1.5238095238095237,7.714285714285714,12.438095238095238,4.476190476190476,0.5238095238095238,1.0,0.0,0.0,0.0,31,0.01
Elliot Anderson,Nott'm Forest,61.285714285714285,2.6666666666666665,14.19047619047619,16.885714285714286,8.80952380952381,0.47619047619047616,0.0,0.0,0.0,1.0,31,0.01
Joelinton Cássio Apolinário de Lira,Newcastle,79.61904761904762,3.4285714285714284,12.0,16.495238095238093,17.80952380952381,0.47619047619047616,0.0,0.0,0.0,1.0,31,0.01
Youri Tielemans,Aston Villa,84.33333333333333,2.619047619047619,17.571428571428573,18.961904761904762,5.428571428571429,0.5238095238095238,0.0,0.0,0.0,1.0,31,0.01
Ryan Gravenberch,Liverpool,86.9,2.45,15.85,14.919999999999998,3.3,0.5,0.0,0.0,0.0,1.0,31,0.01
Marc Cucurella Saseta,Chelsea,73.0952380952381,2.238095238095238,10.095238095238095,11.933333333333334,5.0476190476190474,0.47619047619047616,1.0,0.0,0.0,0.0,31,0.01
Calvin Bassey,Fulham,85.71428571428571,1.9047619047619047,10.142857142857142,15.371428571428572,2.7142857142857144,0.5238095238095238,1.0,0.0,0.0,0.0,31,0.01
Callum Hudson-Odoi,Nott'm Forest,70.85714285714286,3.0476190476190474,13.523809523809524,12.466666666666667,12.238095238095237,0.47619047619047616,0.0,0.0,0.0,1.0,31,0.01
Rico Lewis,Man City,65.80952380952381,2.1904761904761907,9.0,10.62857142857143,5.809523809523809,0.47619047619047616,1.0,0.0,0.0,0.0,31,0.01
Leif Davis,Ipswich,90.0,2.2857142857142856,9.142857142857142,16.942857142857143,5.428571428571429,0.5238095238095238,1.0,0.0,0.0,0.0,31,0.01
Mohammed Kudus,West Ham,61.57142857142857,2.5238095238095237,9.952380952380953,12.857142857142858,20.80952380952381,0.5238095238095238,0.0,0.0,0.0,1.0,31,0.01
Remi Matthews,Crystal Palace,0.0,0.0,0.0,0.0,0.0,0.5238095238095238,0.0,0.0,1.0,0.0,31,0.0
Reiss Nelson,Fulham,25.31578947368421,1.368421052631579,7.368421052631579,6.821052631578947,10.263157894736842,0.5263157894736842,0.0,0.0,0.0,1.0,31,0.0
Remy Rees-Dottin,Bournemouth,0.0,0.0,0.0,0.0,0.0,0.3333333333333333,0.0,1.0,0.0,0.0,31,0.0
Ben Johnson,Ipswich,31.952380952380953,0.6666666666666666,1.5714285714285714,6.857142857142857,1.0,0.5238095238095238,1.0,0.0,0.0,0.0,31,0.0
Ben Nelson,Leicester,0.0,0.0,0.0,0.0,0.0,0.5238095238095238,1.0,0.0,0.0,0.0,31,0.0
Nathan Butler-Oyedeji,Arsenal,0.0,0.0,0.0,0.0,0.0,0.4666666666666667,0.0,1.0,0.0,0.0,31,0.0
Rodrigo Bentancur,Spurs,32.61904761904762,1.2857142857142858,6.619047619047619,7.114285714285715,4.095238095238095,0.5238095238095238,0.0,0.0,0.0,1.0,31,0.0
Cameron Burgess,Ipswich,38.57142857142857,0.7142857142857143,3.619047619047619,9.885714285714286,3.4761904761904763,0.5238095238095238,1.0,0.0,0.0,0.0,31,0.0
Bastien Meupiyou,Wolves,0.0,0.0,0.0,0.0,0.0,0.47368421052631576,1.0,0.0,0.0,0.0,31,0.0
Ben Broggio,Aston Villa,0.0,0.0,0.0,0.0,0.0,0.6,0.0,0.0,0.0,1.0,31,0.0
Riccardo Calafiori,Arsenal,33.523809523809526,1.2380952380952381,4.9523809523809526,9.333333333333334,5.857142857142857,0.47619047619047616,1.0,0.0,0.0,0.0,31,0.0
Rhys Williams,Liverpool,0.0,0.0,0.0,0.0,0.0,0.5,1.0,0.0,0.0,0.0,31,0.0
Ben Godfrey,Ipswich,0.0,0.0,0.0,0.0,0.0,1.0,1.0,0.0,0.0,0.0,31,0.0
Cameron Humphreys,Ipswich,0.0,0.0,0.0,0.0,0.0,0.5238095238095238,0.0,0.0,0.0,1.0,31,0.0
Rodrigo Martins Gomes,Wolves,24.952380952380953,1.1904761904761905,5.333333333333333,5.371428571428571,3.3333333333333335,0.47619047619047616,0.0,0.0,0.0,1.0,31,0.0
Nathan Aké,Man City,28.61904761904762,1.1428571428571428,5.476190476190476,4.352380952380953,0.8571428571428571,0.47619047619047616,1.0,0.0,0.0,0.0,31,0.0
Ben Doak,Liverpool,0.0,0.0,0.0,0.0,0.0,0.5,0.0,0.0,0.0,1.0,31,0.0
Naouirou Ahamada,Crystal Palace,0.0,0.0,0.0,0.0,0.0,0.5238095238095238,0.0,0.0,0.0,1.0,31,0.0
Cameron Peupion,Brighton,0.0,0.0,0.0,0.0,0.0,0.47619047619047616,0.0,0.0,0.0,1.0,31,0.0
Rico Henry,Brentford,0.14285714285714285,0.047619047619047616,0.14285714285714285,0.047619047619047616,0.0,0.5238095238095238,1.0,0.0,0.0,0.0,31,0.0
Reece James,Chelsea,13.047619047619047,0.5714285714285714,2.238095238095238,3.695238095238095,0.3333333333333333,0.47619047619047616,1.0,0.0,0.0,0.0,31,0.0
Romain Faivre,Bournemouth,0.0,0.0,0.0,0.0,0.0,0.47619047619047616,0.0,0.0,0.0,1.0,31,0.0
Rob Holding,Crystal Palace,0.0,0.0,0.0,0.0,0.0,0.5238095238095238,1.0,0.0,0.0,0.0,31,0.0
Myles Peart-Harris,Brentford,0.0,0.0,0.0,0.0,0.0,0.5238095238095238,0.0,0.0,0.0,1.0,31,0.0
Ben Chilwell,Chelsea,0.0,0.0,0.0,0.0,0.0,0.47619047619047616,1.0,0.0,0.0,0.0,31,0.0
Ben Brereton Díaz,Southampton,21.238095238095237,0.6190476190476191,2.0476190476190474,1.0380952380952382,3.857142857142857,0.47619047619047616,0.0,0.0,0.0,1.0,31,0.0
Norberto Bercique Gomes Betuncal,Everton,11.35,0.95,2.85,2.41,6.65,0.5,0.0,1.0,0.0,0.0,31,0.0
Benicio Baker-Boaitey,Brighton,0.0,0.0,0.0,0.0,0.0,0.47619047619047616,0.0,0.0,0.0,1.0,31,0.0
Benjamin Arthur,Brentford,0.0,0.0,0.0,0.0,0.0,0.5,1.0,0.0,0.0,0.0,31,0.0
Nayef Aguerd,West Ham,0.0,0.0,0.0,0.0,0.0,0.5238095238095238,1.0,0.0,0.0,0.0,31,0.0
Omari Kellyman,Chelsea,0.0,0.0,0.0,0.0,0.0,0.47619047619047616,0.0,0.0,0.0,1.0,31,0.0
Omari Giraud-Hutchinson,Ipswich,77.47619047619048,2.5238095238095237,8.857142857142858,10.361904761904762,12.0,0.5238095238095238,0.0,0.0,0.0,1.0,31,0.0
Omar Richards,Nott'm Forest,0.0,0.0,0.0,0.0,0.0,0.47619047619047616,1.0,0.0,0.0,0.0,31,0.0
Bryan Gil Salvatierra,Spurs,0.0,0.0,0.0,0.0,0.0,0.5238095238095238,0.0,0.0,0.0,1.0,31,0.0
Oliwier Zych,Aston Villa,0.0,0.0,0.0,0.0,0.0,0.5263157894736842,0.0,0.0,1.0,0.0,31,0.0
Neal Maupay,Everton,0.0,0.0,0.0,0.0,0.0,0.5,0.0,1.0,0.0,0.0,31,0.0
Oliver Skipp,Spurs,0.0,0.0,0.0,0.0,0.0,0.0,0.0,0.0,0.0,1.0,31,0.0
Callum Olusesi,Spurs,0.0,0.0,0.0,0.0,0.0,0.5,0.0,0.0,0.0,1.0,31,0.0
Niclas Füllkrug,West Ham,17.428571428571427,1.0476190476190477,4.190476190476191,4.714285714285714,5.380952380952381,0.5238095238095238,0.0,1.0,0.0,0.0,31,0.0
Oliver Skipp,Leicester,36.4,0.8,4.3,4.090000000000001,0.65,0.5,0.0,0.0,0.0,1.0,31,0.0
Oleksandr Zinchenko,Arsenal,11.333333333333334,0.8095238095238095,3.142857142857143,1.0571428571428572,1.0952380952380953,0.47619047619047616,1.0,0.0,0.0,0.0,31,0.0
Nico O'Reilly,Man City,0.0,0.0,0.0,0.0,0.0,0.47619047619047616,0.0,0.0,0.0,1.0,31,0.0
Odysseas Vlachodimos,Newcastle,0.0,0.0,0.0,0.0,0.0,0.47619047619047616,0.0,0.0,1.0,0.0,31,0.0
Callum Bates,Everton,0.0,0.0,0.0,0.0,0.0,0.5,0.0,0.0,0.0,1.0,31,0.0
Caleb Okoli,Leicester,38.04761904761905,0.8095238095238095,4.0,11.257142857142858,1.7142857142857142,0.5238095238095238,1.0,0.0,0.0,0.0,31,0.0
Odsonne Edouard,Crystal Palace,57.5,1.5,1.5,0.4,16.0,0.5,0.0,1.0,0.0,0.0,31,0.0
Odeluga Offiah,Brighton,0.0,0.0,0.0,0.0,0.0,0.47619047619047616,1.0,0.0,0.0,0.0,31,0.0
Nicolás Domínguez,Nott'm Forest,45.904761904761905,1.0952380952380953,5.904761904761905,8.523809523809524,6.095238095238095,0.47619047619047616,0.0,0.0,0.0,1.0,31,0.0
Noussair Mazraoui,Man Utd,76.19047619047619,2.4761904761904763,11.571428571428571,17.228571428571428,3.4285714285714284,0.5238095238095238,1.0,0.0,0.0,0.0,31,0.0
Caleb Wiley,Chelsea,0.0,0.0,0.0,0.0,0.0,0.47619047619047616,1.0,0.0,0.0,0.0,31,0.0
Brajan Gruda,Brighton,15.095238095238095,0.6190476190476191,2.0476190476190474,2.4,4.190476190476191,0.47619047619047616,0.0,0.0,0.0,1.0,31,0.0
Oscar Bobb,Man City,0.0,0.0,0.0,0.0,0.0,0.47619047619047616,0.0,0.0,0.0,1.0,31,0.0
Romelu Lukaku Bolingoli,Chelsea,0.0,0.0,0.0,0.0,0.0,0.47619047619047616,0.0,1.0,0.0,0.0,31,0.0
Bernd Leno,Fulham,90.0,2.9523809523809526,12.476190476190476,24.580952380952382,0.0,0.5238095238095238,0.0,0.0,1.0,0.0,31,0.0
Nathan Fraser,Wolves,0.0,0.0,0.0,0.0,0.0,0.47619047619047616,0.0,1.0,0.0,0.0,31,0.0
Benjamin White,Arsenal,33.04761904761905,1.2857142857142858,5.333333333333333,6.114285714285715,1.380952380952381,0.47619047619047616,1.0,0.0,0.0,0.0,31,0.0
Ramón Sosa,Nott'm Forest,10.55,0.95,3.65,3.7,3.75,0.45,0.0,0.0,0.0,1.0,31,0.0
Raheem Sterling,Chelsea,0.0,0.0,0.0,0.0,0.0,0.5,0.0,0.0,0.0,1.0,31,0.0
Raheem Sterling,Arsenal,10.736842105263158,0.5789473684210527,1.4736842105263157,1.8421052631578947,3.8947368421052633,0.47368421052631576,0.0,0.0,0.0,1.0,31,0.0
Radu Drăgușin,Spurs,53.095238095238095,1.0952380952380953,4.380952380952381,10.323809523809524,1.8571428571428572,0.5238095238095238,1.0,0.0,0.0,0.0,31,0.0
Norberto Murara Neto,Arsenal,0.0,0.0,0.0,0.0,0.0,0.47368421052631576,0.0,0.0,1.0,0.0,31,0.0
Bernardo Veiga de Carvalho e Silva,Man City,82.57142857142857,3.2857142857142856,17.476190476190474,17.704761904761906,21.095238095238095,0.47619047619047616,0.0,0.0,0.0,1.0,31,0.0
Nathan Wood-Gordon,Southampton,27.476190476190474,0.6190476190476191,2.1904761904761907,4.457142857142857,0.6666666666666666,0.47619047619047616,1.0,0.0,0.0,0.0,31,0.0
Bobby Clark,Liverpool,0.0,0.0,0.0,0.0,0.0,0.5,0.0,0.0,0.0,1.0,31,0.0
Pablo Sarabia,Wolves,9.428571428571429,0.5714285714285714,2.619047619047619,3.552380952380952,5.428571428571429,0.47619047619047616,0.0,0.0,0.0,1.0,31,0.0
Bobby De Cordova-Reid,Leicester,12.952380952380953,1.380952380952381,4.333333333333333,2.3333333333333335,2.1904761904761907,0.5238095238095238,0.0,0.0,0.0,1.0,31,0.0
Boubacar Kamara,Aston Villa,36.333333333333336,1.0476190476190477,6.333333333333333,6.476190476190476,1.3333333333333333,0.5238095238095238,0.0,0.0,0.0,1.0,31,0.0
Paul Onuachu,Southampton,15.523809523809524,0.5714285714285714,1.0,1.0761904761904764,6.142857142857143,0.47619047619047616,0.0,1.0,0.0,0.0,31,0.0
Patson Daka,Leicester,11.142857142857142,0.7619047619047619,2.4761904761904763,2.6666666666666665,2.6666666666666665,0.5238095238095238,0.0,1.0,0.0,0.0,31,0.0
Nathaniel Clyne,Crystal Palace,18.523809523809526,0.6666666666666666,1.7142857142857142,2.4666666666666663,0.23809523809523808,0.5238095238095238,1.0,0.0,0.0,0.0,31,0.0
Pascal Groß,Brighton,0.0,0.0,0.0,0.0,0.0,0.47619047619047616,0.0,0.0,0.0,1.0,31,0.0
Boubacar Traoré,Wolves,0.0,0.0,0.0,0.0,0.0,0.47619047619047616,0.0,0.0,0.0,1.0,31,0.0
Nathaniel Phillips,Liverpool,0.0,0.0,0.0,0.0,0.0,0.5,1.0,0.0,0.0,0.0,31,0.0
Boubakary Soumaré,Leicester,43.857142857142854,0.7619047619047619,5.523809523809524,5.780952380952381,0.7142857142857143,0.5238095238095238,0.0,0.0,0.0,1.0,31,0.0
Pierre-Emile Højbjerg,Spurs,0.0,0.0,0.0,0.0,0.0,0.5238095238095238,0.0,0.0,0.0,1.0,31,0.0
Ashley Phillips,Spurs,0.0,0.0,0.0,0.0,0.0,0.5238095238095238,1.0,0.0,0.0,0.0,31,0.0
Roméo Lavia,Chelsea,25.238095238095237,0.7142857142857143,3.857142857142857,4.3047619047619055,0.23809523809523808,0.47619047619047616,0.0,0.0,0.0,1.0,31,0.0
Tom Heaton,Man Utd,0.0,0.0,0.0,0.0,0.0,0.5238095238095238,0.0,0.0,1.0,0.0,31,0.0
Wayne Hennessey,Nott'm Forest,0.0,0.0,0.0,0.0,0.0,1.0,0.0,0.0,1.0,0.0,31,0.0
Wanya Marçal-Madivádua,Leicester,0.0,0.0,0.0,0.0,0.0,0.5238095238095238,0.0,0.0,0.0,1.0,31,0.0
Alfie Devine,Spurs,0.0,0.0,0.0,0.0,0.0,0.5238095238095238,0.0,0.0,0.0,1.0,31,0.0
Vladimír Coufal,West Ham,27.047619047619047,0.6190476190476191,1.619047619047619,4.6571428571428575,1.5714285714285714,0.5238095238095238,1.0,0.0,0.0,0.0,31,0.0
Vitaly Janelt,Brentford,71.28571428571429,2.5714285714285716,13.428571428571429,12.952380952380953,4.857142857142857,0.5238095238095238,0.0,0.0,0.0,1.0,31,0.0
Alfie Gilchrist,Chelsea,0.0,0.0,0.0,0.0,0.0,0.47619047619047616,1.0,0.0,0.0,0.0,31,0.0
Alfie Pond,Wolves,0.0625,0.0625,0.1875,0.0,0.0,0.5,1.0,0.0,0.0,0.0,31,0.0
Viljami Sinisalo,Aston Villa,0.0,0.0,0.0,0.0,0.0,0.5238095238095238,0.0,0.0,1.0,0.0,31,0.0
Alfie Whiteman,Spurs,0.0,0.0,0.0,0.0,0.0,0.5238095238095238,0.0,0.0,1.0,0.0,31,0.0
Valentín Barco,Brighton,0.0,0.0,0.0,0.0,0.0,0.47619047619047616,1.0,0.0,0.0,0.0,31,0.0
Tyrone Mings,Aston Villa,16.19047619047619,0.6666666666666666,2.9047619047619047,3.542857142857143,0.8571428571428571,0.5238095238095238,1.0,0.0,0.0,0.0,31,0.0
Tyrique George,Chelsea,0.0,0.0,0.0,0.0,0.0,0.5,0.0,0.0,0.0,1.0,31,0.0
Alphonse Areola,West Ham,43.285714285714285,0.9047619047619048,3.5714285714285716,12.495238095238093,0.0,0.5238095238095238,0.0,0.0,1.0,0.0,31,0.0
Tyler Morton,Liverpool,0.0,0.0,0.0,0.0,0.0,0.5,0.0,0.0,0.0,1.0,31,0.0
Tyler Adams,Bournemouth,28.142857142857142,0.7619047619047619,4.333333333333333,6.20952380952381,1.9523809523809523,0.47619047619047616,0.0,0.0,0.0,1.0,31,0.0
Treymaurice Nyoni,Liverpool,0.0,0.0,0.0,0.0,0.0,0.5,0.0,0.0,0.0,1.0,31,0.0
Altay Bayindir,Man Utd,0.0,0.0,0.0,0.0,0.0,0.5238095238095238,0.0,0.0,1.0,0.0,31,0.0
Trevoh Chalobah,Chelsea,0.0,0.0,0.0,0.0,0.0,0.6666666666666666,1.0,0.0,0.0,0.0,31,0.0
Tosin Adarabioyo,Chelsea,30.476190476190474,1.0952380952380953,5.095238095238095,6.904761904761905,1.7619047619047619,0.47619047619047616,1.0,0.0,0.0,0.0,31,0.0
Tony Yogane,Brentford,0.0,0.0,0.0,0.0,0.0,0.5294117647058824,0.0,0.0,0.0,1.0,31,0.0
Tommy Setford,Arsenal,0.0,0.0,0.0,0.0,0.0,0.47368421052631576,0.0,0.0,1.0,0.0,31,0.0
Tommy Doyle,Wolves,20.523809523809526,1.0,5.0,4.657142857142857,1.3333333333333333,0.47619047619047616,0.0,0.0,0.0,1.0,31,0.0
Tomiyasu Takehiro,Arsenal,0.2857142857142857,0.047619047619047616,0.09523809523809523,0.01904761904761905,0.42857142857142855,0.47619047619047616,1.0,0.0,0.0,0.0,31,0.0
Welington Damascena Santos,Southampton,0.0,0.0,0.0,0.0,0.0,0.0,1.0,0.0,0.0,0.0,31,0.0
Wes Burns,Ipswich,42.57142857142857,1.380952380952381,6.666666666666667,5.314285714285714,3.142857142857143,0.5238095238095238,0.0,0.0,0.0,1.0,31,0.0
Wes Foderingham,West Ham,0.0,0.0,0.0,0.0,0.0,0.5238095238095238,0.0,0.0,1.0,0.0,31,0.0
Yehor Yarmoliuk,Brentford,24.61904761904762,0.9047619047619048,5.619047619047619,5.79047619047619,2.0476190476190474,0.5238095238095238,0.0,0.0,0.0,1.0,31,0.0
Đorđe Petrović,Chelsea,0.0,0.0,0.0,0.0,0.0,0.47619047619047616,0.0,0.0,1.0,0.0,31,0.0
Ângelo Gabriel Borges Damaceno,Chelsea,0.0,0.0,0.0,0.0,0.0,0.47619047619047616,0.0,0.0,0.0,1.0,31,0.0
Aaron Ramsdale,Arsenal,0.0,0.0,0.0,0.0,0.0,0.5,0.0,0.0,1.0,0.0,31,0.0
Álex Moreno Lopera,Aston Villa,0.0,0.0,0.0,0.0,0.0,0.0,1.0,0.0,0.0,0.0,31,0.0
Zach Marsh,Crystal Palace,0.0,0.0,0.0,0.0,0.0,0.5454545454545454,0.0,1.0,0.0,0.0,31,0.0
Zach Abbott,Nott'm Forest,0.0,0.0,0.0,0.0,0.0,0.3333333333333333,1.0,0.0,0.0,0.0,31,0.0
Abdoulaye Doucouré,Everton,71.2,2.0,7.5,6.790000000000001,4.9,0.5,0.0,0.0,0.0,1.0,31,0.0
Abdul Fatawu,Leicester,27.428571428571427,1.2380952380952381,5.9523809523809526,7.0285714285714285,7.0476190476190474,0.5238095238095238,0.0,0.0,0.0,1.0,31,0.0
Youssef Ramalho Chermiti,Everton,0.0,0.0,0.0,0.0,0.0,0.5,0.0,1.0,0.0,0.0,31,0.0
Adam Lallana,Southampton,15.333333333333334,0.6666666666666666,3.1904761904761907,3.6952380952380954,1.0,0.47619047619047616,0.0,0.0,0.0,1.0,31,0.0
Adam Wharton,Crystal Palace,29.571428571428573,0.7142857142857143,4.9523809523809526,5.3619047619047615,2.5238095238095237,0.5238095238095238,0.0,0.0,0.0,1.0,31,0.0
Wes Okoduwa,Wolves,0.0,0.0,0.0,0.0,0.0,0.5,1.0,0.0,0.0,0.0,31,0.0
Adrian Mazilu,Brighton,0.0,0.0,0.0,0.0,0.0,0.47619047619047616,0.0,0.0,0.0,1.0,31,0.0
Alejo Véliz,Spurs,0.0,0.0,0.0,0.0,0.0,0.5238095238095238,0.0,1.0,0.0,0.0,31,0.0
Alex Mighten,Nott'm Forest,0.0,0.0,0.0,0.0,0.0,0.47619047619047616,0.0,0.0,0.0,1.0,31,0.0
Alex Murphy,Newcastle,0.0,0.0,0.0,0.0,0.0,0.47619047619047616,1.0,0.0,0.0,0.0,31,0.0
Alex Paulsen,Bournemouth,0.0,0.0,0.0,0.0,0.0,0.47619047619047616,0.0,0.0,1.0,0.0,31,0.0
Will Lankshear,Spurs,0.42857142857142855,0.09523809523809523,0.2857142857142857,0.0,0.0,0.5238095238095238,0.0,1.0,0.0,0.0,31,0.0
Alex Scott,Bournemouth,12.285714285714286,0.5238095238095238,2.5714285714285716,3.380952380952381,1.0,0.47619047619047616,0.0,0.0,0.0,1.0,31,0.0
Will Dennis,Bournemouth,0.0,0.0,0.0,0.0,0.0,0.47619047619047616,0.0,0.0,1.0,0.0,31,0.0
Will Alves,Leicester,0.047619047619047616,0.047619047619047616,0.14285714285714285,0.0,0.0,0.5238095238095238,0.0,0.0,0.0,1.0,31,0.0
Wesley Fofana,Chelsea,48.333333333333336,0.9047619047619048,6.333333333333333,8.914285714285715,1.380952380952381,0.47619047619047616,1.0,0.0,0.0,0.0,31,0.0
Tom King,Wolves,0.0,0.0,0.0,0.0,0.0,0.47619047619047616,0.0,0.0,1.0,0.0,31,0.0
Tom Edozie,Wolves,0.0,0.0,0.0,0.0,0.0,0.4,0.0,0.0,0.0,1.0,31,0.0
Ayden Heaven,Arsenal,0.0,0.0,0.0,0.0,0.0,0.4444444444444444,1.0,0.0,0.0,0.0,31,0.0
Tom Cannon,Leicester,0.0,0.0,0.0,0.0,0.0,0.5238095238095238,0.0,1.0,0.0,0.0,31,0.0
Sepp van den Berg,Liverpool,0.0,0.0,0.0,0.0,0.0,0.0,1.0,0.0,0.0,0.0,31,0.0
Sean Longstaff,Newcastle,33.857142857142854,1.2380952380952381,4.9523809523809526,4.380952380952381,3.619047619047619,0.47619047619047616,0.0,0.0,0.0,1.0,31,0.0
Armando Broja,Chelsea,0.0,0.0,0.0,0.0,0.0,0.5,0.0,1.0,0.0,0.0,31,0.0
Scott Carson,Man City,0.0,0.0,0.0,0.0,0.0,0.47619047619047616,0.0,0.0,1.0,0.0,31,0.0
Saša Lukić,Fulham,59.142857142857146,1.3333333333333333,7.761904761904762,8.247619047619047,1.0,0.5238095238095238,0.0,0.0,0.0,1.0,31,0.0
Saša Kalajdžić,Wolves,0.0,0.0,0.0,0.0,0.0,0.47619047619047616,0.0,1.0,0.0,0.0,31,0.0
Santiago Bueno,Wolves,54.76190476190476,1.2857142857142858,4.285714285714286,9.961904761904762,3.8095238095238093,0.47619047619047616,1.0,0.0,0.0,0.0,31,0.0
Sander Berge,Fulham,47.8,1.3,7.75,8.620000000000001,0.85,0.55,0.0,0.0,0.0,1.0,31,0.0
Samuel Rak-Sakyi,Chelsea,0.0,0.0,0.0,0.0,0.0,0.5,0.0,0.0,0.0,1.0,31,0.0
Samuel Iling-Junior,Aston Villa,0.0,0.0,0.0,0.0,0.0,0.5238095238095238,0.0,0.0,0.0,1.0,31,0.0
Armel Bella-Kotchap,Southampton,0.0,0.0,0.0,0.0,0.0,0.47619047619047616,1.0,0.0,0.0,0.0,31,0.0
Samuel Amissah,Fulham,0.0,0.0,0.0,0.0,0.0,0.5555555555555556,1.0,0.0,0.0,0.0,31,0.0
Sam Johnstone,Wolves,33.1578947368421,0.631578947368421,2.210526315789474,10.200000000000001,0.0,0.47368421052631576,0.0,0.0,1.0,0.0,31,0.0
Sam Johnstone,Crystal Palace,0.0,0.0,0.0,0.0,0.0,0.5,0.0,0.0,1.0,0.0,31,0.0
Salah-Eddine Oulad M'hand,Arsenal,0.0,0.0,0.0,0.0,0.0,0.47368421052631576,0.0,0.0,0.0,1.0,31,0.0
Rúben Gato Alves Dias,Man City,51.714285714285715,1.3333333333333333,6.857142857142857,11.019047619047619,3.619047619047619,0.47619047619047616,1.0,0.0,0.0,0.0,31,0.0
Ryan Sessegnon,Fulham,0.23809523809523808,0.09523809523809523,0.14285714285714285,0.09523809523809523,0.0,0.5238095238095238,1.0,0.0,0.0,0.0,31,0.0
Ryan Manning,Southampton,31.80952380952381,0.6666666666666666,2.7142857142857144,6.038095238095238,2.142857142857143,0.47619047619047616,1.0,0.0,0.0,0.0,31,0.0
Asmir Begovic,Everton,0.0,0.0,0.0,0.0,0.0,0.47368421052631576,0.0,0.0,1.0,0.0,31,0.0
Ryan Fraser,Newcastle,0.0,0.0,0.0,0.0,0.0,0.5,0.0,0.0,0.0,1.0,31,0.0
Axel Disasi,Chelsea,16.666666666666668,1.0,3.857142857142857,4.038095238095238,1.7142857142857142,0.47619047619047616,1.0,0.0,0.0,0.0,31,0.0
Ruairi McConville,Brighton,0.0,0.0,0.0,0.0,0.0,0.4,1.0,0.0,0.0,0.0,31,0.0
Axel Tuanzebe,Ipswich,36.666666666666664,0.7142857142857143,2.5714285714285716,5.819047619047619,0.9047619047619048,0.5238095238095238,1.0,0.0,0.0,0.0,31,0.0
Archie Harris,Bournemouth,0.0,0.0,0.0,0.0,0.0,0.5,1.0,0.0,0.0,0.0,31,0.0
Shea Charles,Southampton,0.0,0.0,0.0,0.0,0.0,0.47619047619047616,0.0,0.0,0.0,1.0,31,0.0
Sil Swinkels,Aston Villa,0.0,0.0,0.0,0.0,0.0,0.5263157894736842,1.0,0.0,0.0,0.0,31,0.0
Taiwo Awoniyi,Nott'm Forest,10.428571428571429,1.0,2.857142857142857,2.2666666666666666,4.285714285714286,0.47619047619047616,0.0,1.0,0.0,0.0,31,0.0
Tom Cairney,Fulham,17.476190476190474,0.8571428571428571,5.380952380952381,4.542857142857143,1.5714285714285714,0.5238095238095238,0.0,0.0,0.0,1.0,31,0.0
Amara Nallo,Liverpool,0.0,0.0,0.0,0.0,0.0,0.42857142857142855,1.0,0.0,0.0,0.0,31,0.0
Tino Livramento,Newcastle,66.61904761904762,2.4761904761904763,10.761904761904763,13.380952380952381,1.2857142857142858,0.47619047619047616,1.0,0.0,0.0,0.0,31,0.0
Timothy Castagne,Fulham,29.904761904761905,0.9047619047619048,3.6666666666666665,7.038095238095239,3.0476190476190474,0.5238095238095238,1.0,0.0,0.0,0.0,31,0.0
Amario Cozier-Duberry,Brighton,0.0,0.0,0.0,0.0,0.0,0.47619047619047616,0.0,0.0,0.0,1.0,31,0.0
Tim Ream,Fulham,0.0,0.0,0.0,0.0,0.0,0.5238095238095238,1.0,0.0,0.0,0.0,31,0.0
Thomas Wilson-Brown,Leicester,0.0,0.0,0.0,0.0,0.0,0.6666666666666666,1.0,0.0,0.0,0.0,31,0.0
Thomas Partey,Arsenal,75.28571428571429,3.0,15.904761904761905,16.98095238095238,5.809523809523809,0.47619047619047616,0.0,0.0,0.0,1.0,31,0.0
Tawanda Chirewa,Wolves,0.0,0.0,0.0,0.0,0.0,0.47619047619047616,0.0,0.0,0.0,1.0,31,0.0
Tariq Lamptey,Brighton,16.523809523809526,1.1428571428571428,2.619047619047619,6.6,1.4761904761904763,0.47619047619047616,1.0,0.0,0.0,0.0,31,0.0
Sékou Mara,Southampton,0.0,0.0,0.0,0.0,0.0,0.47619047619047616,0.0,1.0,0.0,0.0,31,0.0
Archie Gray,Spurs,33.0,1.0476190476190477,5.904761904761905,6.276190476190477,0.3333333333333333,0.5238095238095238,0.0,0.0,0.0,1.0,31,0.0
Andrew Moran,Brighton,0.0,0.0,0.0,0.0,0.0,0.47619047619047616,0.0,0.0,0.0,1.0,31,0.0
Andrew Omobamidele,Nott'm Forest,0.0,0.0,0.0,0.0,0.0,0.47619047619047616,1.0,0.0,0.0,0.0,31,0.0
Andrey Nascimento dos Santos,Chelsea,0.0,0.0,0.0,0.0,0.0,0.47619047619047616,0.0,0.0,0.0,1.0,31,0.0
André Trindade da Costa Neto,Wolves,55.89473684210526,1.4210526315789473,11.263157894736842,9.831578947368422,0.631578947368421,0.47368421052631576,0.0,0.0,0.0,1.0,31,0.0
Steven Benda,Fulham,0.0,0.0,0.0,0.0,0.0,0.5238095238095238,0.0,0.0,1.0,0.0,31,0.0
Stefan Ortega Moreno,Man City,34.285714285714285,1.1904761904761905,5.190476190476191,10.047619047619047,0.0,0.47619047619047616,0.0,0.0,1.0,0.0,31,0.0
Stefan Bajčetić Maquieira,Liverpool,0.0,0.0,0.0,0.0,0.0,0.5,0.0,0.0,0.0,1.0,31,0.0
Spike Brits,Man City,0.0,0.0,0.0,0.0,0.0,0.5,0.0,0.0,1.0,0.0,31,0.0
Antonín Kinsky,Spurs,90.0,2.0,11.0,29.4,0.0,0.0,0.0,0.0,1.0,0.0,31,0.0
Solly March,Brighton,0.09523809523809523,0.047619047619047616,0.19047619047619047,0.047619047619047616,0.19047619047619047,0.47619047619047616,0.0,0.0,0.0,1.0,31,0.0
Carl Rushworth,Brighton,0.0,0.0,0.0,0.0,0.0,0.47619047619047616,0.0,0.0,1.0,0.0,31,0.0
Hwang Ui-jo,Nott'm Forest,0.0,0.0,0.0,0.0,0.0,0.47619047619047616,0.0,1.0,0.0,0.0,31,0.0
Moussa Diaby,Aston Villa,0.0,0.0,0.0,0.0,0.0,0.5238095238095238,0.0,0.0,0.0,1.0,31,0.0
Joe Gauci,Aston Villa,0.0,0.0,0.0,0.0,0.0,0.5238095238095238,0.0,0.0,1.0,0.0,31,0.0
Jonathan Panzo,Nott'm Forest,0.0,0.0,0.0,0.0,0.0,0.47619047619047616,1.0,0.0,0.0,0.0,31,0.0
John Stones,Man City,15.619047619047619,1.0,3.0,5.133333333333333,3.3333333333333335,0.47619047619047616,1.0,0.0,0.0,0.0,31,0.0
John Ruddy,Newcastle,0.0,0.0,0.0,0.0,0.0,0.47619047619047616,0.0,0.0,1.0,0.0,31,0.0
Facundo Pellistri Rebollo,Man Utd,0.0,0.0,0.0,0.0,0.0,0.5238095238095238,0.0,0.0,0.0,1.0,31,0.0
Joel Ward,Crystal Palace,0.0,0.0,0.0,0.0,0.0,0.5238095238095238,1.0,0.0,0.0,0.0,31,0.0
Joe Worrall,Nott'm Forest,0.0,0.0,0.0,0.0,0.0,0.47619047619047616,1.0,0.0,0.0,0.0,31,0.0
Joe Willock,Newcastle,26.095238095238095,1.2380952380952381,4.142857142857143,3.8666666666666667,4.190476190476191,0.47619047619047616,0.0,0.0,0.0,1.0,31,0.0
Joe White,Newcastle,0.0,0.0,0.0,0.0,0.0,0.47619047619047616,0.0,0.0,0.0,1.0,31,0.0
Felipe Rodrigues da Silva,Nott'm Forest,21.833333333333332,1.4444444444444444,5.611111111111111,6.088888888888889,0.0,0.4444444444444444,1.0,0.0,0.0,0.0,31,0.0
Joe Hodge,Wolves,0.0,0.0,0.0,0.0,0.0,0.47619047619047616,0.0,0.0,0.0,1.0,31,0.0
Joe Gomez,Liverpool,25.85,0.7,4.15,6.5200000000000005,2.9,0.5,1.0,0.0,0.0,0.0,31,0.0
Joachim Kayi-Sanda,Southampton,0.0,0.0,0.0,0.0,0.0,0.0,1.0,0.0,0.0,0.0,31,0.0
Carlos Miguel dos Santos Pereira,Nott'm Forest,0.0,0.0,0.0,0.0,0.0,0.47619047619047616,0.0,0.0,1.0,0.0,31,0.0
Joachim Andersen,Fulham,52.65,1.15,5.8,11.6,2.65,0.55,1.0,0.0,0.0,0.0,31,0.0
Ferdi Kadioglu,Brighton,20.263157894736842,1.0,3.1052631578947367,6.126315789473685,2.1052631578947367,0.47368421052631576,1.0,0.0,0.0,0.0,31,0.0
Filip Marschall,Aston Villa,0.0,0.0,0.0,0.0,0.0,0.5238095238095238,0.0,0.0,1.0,0.0,31,0.0
Jesurun Rak-Sakyi,Crystal Palace,0.0,0.0,0.0,0.0,0.0,0.5238095238095238,0.0,0.0,0.0,1.0,31,0.0
Jesper Lindstrøm,Everton,33.0,1.2,4.7,5.86,8.2,0.5,0.0,0.0,0.0,1.0,31,0.0
Jeremy Sarmiento Morante,Brighton,0.38095238095238093,0.047619047619047616,0.14285714285714285,0.009523809523809525,0.0,0.47619047619047616,0.0,0.0,0.0,1.0,31,0.0
Jenson Metcalfe,Everton,0.0,0.0,0.0,0.0,0.0,0.5,0.0,0.0,0.0,1.0,31,0.0
Jens Cajuste,Ipswich,45.2,1.3,6.15,4.42,0.8,0.5,0.0,0.0,0.0,1.0,31,0.0
Jeffrey Schlupp,Crystal Palace,4.476190476190476,0.5238095238095238,1.9047619047619047,1.0380952380952382,2.1904761904761907,0.5238095238095238,0.0,0.0,0.0,1.0,31,0.0
Jefferson Lerma Solís,Crystal Palace,52.904761904761905,1.2380952380952381,7.523809523809524,8.657142857142858,6.428571428571429,0.5238095238095238,0.0,0.0,0.0,1.0,31,0.0
Jean-Clair Todibo,West Ham,41.095238095238095,1.1428571428571428,5.142857142857143,9.238095238095237,0.7619047619047619,0.5238095238095238,1.0,0.0,0.0,0.0,31,0.0
Jonny Evans,Man Utd,13.714285714285714,0.6666666666666666,2.9523809523809526,2.4285714285714284,0.2857142857142857,0.5238095238095238,1.0,0.0,0.0,0.0,31,0.0
Ezri Konsa Ngoyo,Aston Villa,77.66666666666667,2.1904761904761907,10.095238095238095,14.2,3.761904761904762,0.5238095238095238,1.0,0.0,0.0,0.0,31,0.0
Ezra Mayers,West Ham,0.0,0.0,0.0,0.0,0.0,0.5555555555555556,1.0,0.0,0.0,0.0,31,0.0
Evan Ferguson,Brighton,10.333333333333334,0.9047619047619048,3.0952380952380953,2.6952380952380954,2.7142857142857144,0.47619047619047616,0.0,1.0,0.0,0.0,31,0.0
Kacper Kozłowski,Brighton,0.0,0.0,0.0,0.0,0.0,0.47619047619047616,0.0,0.0,0.0,1.0,31,0.0
Emmanuel Dennis,Nott'm Forest,0.0,0.0,0.0,0.0,0.0,0.47619047619047616,0.0,1.0,0.0,0.0,31,0.0
Enso González,Wolves,0.0,0.0,0.0,0.0,0.0,0.47619047619047616,0.0,0.0,0.0,1.0,31,0.0
Justin Devenny,Crystal Palace,12.578947368421053,0.8947368421052632,3.526315789473684,3.8736842105263154,1.5263157894736843,0.5263157894736842,0.0,0.0,0.0,1.0,31,0.0
Enzo Barrenechea,Aston Villa,0.0,0.0,0.0,0.0,0.0,0.5238095238095238,0.0,0.0,0.0,1.0,31,0.0
Julián Álvarez,Man City,0.0,0.0,0.0,0.0,0.0,0.47619047619047616,0.0,1.0,0.0,0.0,31,0.0
Julio Soler,Bournemouth,0.0,0.0,0.0,0.0,0.0,0.0,1.0,0.0,0.0,0.0,31,0.0
Julio Enciso,Brighton,13.571428571428571,0.6190476190476191,2.857142857142857,2.2476190476190476,7.285714285714286,0.47619047619047616,0.0,0.0,0.0,1.0,31,0.0
Juan Larios López,Southampton,0.0,0.0,0.0,0.0,0.0,0.47619047619047616,1.0,0.0,0.0,0.0,31,0.0
Joël Veltman,Brighton,61.38095238095238,2.3333333333333335,10.714285714285714,9.933333333333334,1.0,0.47619047619047616,1.0,0.0,0.0,0.0,31,0.0
João Pedro Ferreira Silva,Nott'm Forest,26.61904761904762,1.2857142857142858,5.333333333333333,4.438095238095238,4.809523809523809,0.47619047619047616,0.0,0.0,0.0,1.0,31,0.0
João Neves Virgínia,Everton,0.0,0.0,0.0,0.0,0.0,0.5,0.0,0.0,1.0,0.0,31,0.0
Aaron Hickey,Brentford,0.0,0.0,0.0,0.0,0.0,0.5238095238095238,1.0,0.0,0.0,0.0,31,0.0
João Cavaco Cancelo,Man City,0.0,0.0,0.0,0.0,0.0,0.47619047619047616,1.0,0.0,0.0,0.0,31,0.0
Ethan Brierley,Brentford,0.0,0.0,0.0,0.0,0.0,0.5238095238095238,0.0,0.0,0.0,1.0,31,0.0
Josh Wilson-Esbrand,Man City,0.0,0.0,0.0,0.0,0.0,0.45454545454545453,1.0,0.0,0.0,0.0,31,0.0
Josh Nichols,Arsenal,0.0,0.0,0.0,0.0,0.0,0.5,1.0,0.0,0.0,0.0,31,0.0
Ethan Nwaneri,Arsenal,10.952380952380953,1.0952380952380953,4.0,4.619047619047619,3.2857142857142856,0.47619047619047616,0.0,0.0,0.0,1.0,31,0.0
Josh Dasilva,Brentford,0.0,0.0,0.0,0.0,0.0,0.5238095238095238,0.0,0.0,0.0,1.0,31,0.0
Josh Bowler,Nott'm Forest,0.0,0.0,0.0,0.0,0.0,0.47619047619047616,0.0,0.0,0.0,1.0,31,0.0
Joseph O'Brien-Whitmarsh,Southampton,0.0,0.0,0.0,0.0,0.0,0.5,0.0,0.0,0.0,1.0,31,0.0
Jorge Luiz Frello Filho,Arsenal,21.714285714285715,0.6190476190476191,3.9047619047619047,1.7047619047619047,0.14285714285714285,0.47619047619047616,0.0,0.0,0.0,1.0,31,0.0
Ethan Wheatley,Man Utd,0.0,0.0,0.0,0.0,0.0,0.5263157894736842,0.0,1.0,0.0,0.0,31,0.0
Jayden Meghoma,Brentford,0.2222222222222222,0.05555555555555555,0.16666666666666666,0.011111111111111112,0.0,0.5,1.0,0.0,0.0,0.0,31,0.0
Jayden Danns,Liverpool,0.0,0.0,0.0,0.0,0.0,0.3333333333333333,0.0,1.0,0.0,0.0,31,0.0
Jayce Fitzgerald,Man Utd,0.0,0.0,0.0,0.0,0.0,0.5833333333333334,0.0,0.0,0.0,1.0,31,0.0
Jacob Slater,Brighton,0.0,0.0,0.0,0.0,0.0,0.4444444444444444,1.0,0.0,0.0,0.0,31,0.0
Hamed Traorè,Bournemouth,0.0,0.0,0.0,0.0,0.0,0.47619047619047616,0.0,0.0,0.0,1.0,31,0.0
Jacob Greaves,Ipswich,51.42857142857143,1.0476190476190477,5.095238095238095,13.085714285714285,3.0952380952380953,0.5238095238095238,1.0,0.0,0.0,0.0,31,0.0
Jack Taylor,Ipswich,17.80952380952381,0.9523809523809523,3.7142857142857144,4.438095238095238,3.0952380952380953,0.5238095238095238,0.0,0.0,0.0,1.0,31,0.0
Hannibal Mejbri,Man Utd,0.0,0.0,0.0,0.0,0.0,0.5238095238095238,0.0,0.0,0.0,1.0,31,0.0
Jack Hinshelwood,Brighton,39.95238095238095,1.3333333333333333,6.142857142857143,5.571428571428571,3.619047619047619,0.47619047619047616,0.0,0.0,0.0,1.0,31,0.0
Harry Amass,Man Utd,0.0,0.0,0.0,0.0,0.0,0.5384615384615384,1.0,0.0,0.0,0.0,31,0.0
Jack Grealish,Man City,27.238095238095237,1.1428571428571428,6.571428571428571,5.457142857142857,9.571428571428571,0.47619047619047616,0.0,0.0,0.0,1.0,31,0.0
Jack Fletcher,Man Utd,0.0,0.0,0.0,0.0,0.0,0.5714285714285714,0.0,0.0,0.0,1.0,31,0.0
Jack Clarke,Ipswich,27.842105263157894,1.368421052631579,5.473684210526316,5.526315789473684,4.052631578947368,0.5263157894736842,0.0,0.0,0.0,1.0,31,0.0
Ivan Toney,Brentford,0.0,0.0,0.0,0.0,0.0,0.5238095238095238,0.0,1.0,0.0,0.0,31,0.0
Issa Kaboré,Man City,0.0,0.0,0.0,0.0,0.0,0.5,1.0,0.0,0.0,0.0,31,0.0
Issa Diop,Fulham,50.714285714285715,1.1428571428571428,5.238095238095238,9.704761904761904,3.6666666666666665,0.5238095238095238,1.0,0.0,0.0,0.0,31,0.0
Ismeal Kabia,Arsenal,0.0,0.0,0.0,0.0,0.0,0.4444444444444444,0.0,0.0,0.0,1.0,31,0.0
Harry Maguire,Man Utd,38.76190476190476,0.7619047619047619,4.0,7.752380952380953,2.5238095238095237,0.5238095238095238,1.0,0.0,0.0,0.0,31,0.0
Isaac Hayden,Newcastle,0.0,0.0,0.0,0.0,0.0,0.47619047619047616,0.0,0.0,0.0,1.0,31,0.0
Imari Samuels,Brighton,0.0,0.0,0.0,0.0,0.0,0.4375,1.0,0.0,0.0,0.0,31,0.0
Harry Souttar,Leicester,0.0,0.0,0.0,0.0,0.0,0.5238095238095238,1.0,0.0,0.0,0.0,31,0.0
Harvey Davies,Liverpool,0.0,0.0,0.0,0.0,0.0,0.5,0.0,0.0,1.0,0.0,31,0.0
Henry Cartwright,Leicester,0.0,0.0,0.0,0.0,0.0,0.5,0.0,0.0,0.0,1.0,31,0.0
Igor Julio dos Santos de Paulo,Brighton,42.857142857142854,0.8095238095238095,4.904761904761905,8.676190476190476,0.19047619047619047,0.47619047619047616,1.0,0.0,0.0,0.0,31,0.0
Hugo Bueno López,Wolves,0.0,0.0,0.0,0.0,0.0,0.47619047619047616,1.0,0.0,0.0,0.0,31,0.0
Hwang Hee-chan,Wolves,25.714285714285715,1.3333333333333333,4.666666666666667,4.39047619047619,3.0952380952380953,0.47619047619047616,0.0,0.0,0.0,1.0,31,0.0
Ibrahim Osman,Brighton,0.0,0.0,0.0,0.0,0.0,0.47619047619047616,0.0,0.0,0.0,1.0,31,0.0
Jacob Ramsey,Aston Villa,37.95238095238095,1.3333333333333333,6.619047619047619,5.304761904761905,6.333333333333333,0.5238095238095238,0.0,0.0,0.0,1.0,31,0.0
Jacob Wright,Man City,0.0,0.0,0.0,0.0,0.0,0.4166666666666667,0.0,0.0,0.0,1.0,31,0.0
Jay Stansfield,Fulham,0.047619047619047616,0.047619047619047616,0.09523809523809523,0.0,0.0,0.5238095238095238,0.0,1.0,0.0,0.0,31,0.0
Gustavo Nunes Fernandes Gomes,Brentford,0.0,0.0,0.0,0.0,0.0,0.5263157894736842,0.0,0.0,0.0,1.0,31,0.0
Franco Umeh-Chibueze,Crystal Palace,0.0,0.0,0.0,0.0,0.0,0.5263157894736842,0.0,0.0,0.0,1.0,31,0.0
Fraser Forster,Spurs,30.0,0.9047619047619048,3.0476190476190474,10.523809523809524,0.0,0.5238095238095238,0.0,0.0,1.0,0.0,31,0.0
Freddie Ladapo,Ipswich,0.0,0.0,0.0,0.0,0.0,0.5238095238095238,0.0,1.0,0.0,0.0,31,0.0
Fábio Ferreira Vieira,Arsenal,0.0,0.0,0.0,0.0,0.0,0.47619047619047616,0.0,0.0,0.0,1.0,31,0.0
Fábio Freitas Gouveia Carvalho,Brentford,19.904761904761905,1.2857142857142858,4.523809523809524,5.066666666666667,6.142857142857143,0.5238095238095238,0.0,0.0,0.0,1.0,31,0.0
Fábio Silva,Wolves,0.0,0.0,0.0,0.0,0.0,0.47619047619047616,0.0,1.0,0.0,0.0,31,0.0
Garang Kuol,Newcastle,0.0,0.0,0.0,0.0,0.0,0.47619047619047616,0.0,0.0,0.0,1.0,31,0.0
James Ward-Prowse,Nott'm Forest,20.842105263157894,0.7368421052631579,3.210526315789474,3.2421052631578946,0.5789473684210527,0.47368421052631576,0.0,0.0,0.0,1.0,31,0.0
Gavin Bazunu,Southampton,0.0,0.0,0.0,0.0,0.0,0.47619047619047616,0.0,0.0,1.0,0.0,31,0.0
George Earthy,West Ham,0.0,0.0,0.0,0.0,0.0,0.5238095238095238,0.0,0.0,0.0,1.0,31,0.0
James McConnell,Liverpool,0.0,0.0,0.0,0.0,0.0,0.5,0.0,0.0,0.0,1.0,31,0.0
George Edmundson,Ipswich,0.047619047619047616,0.047619047619047616,0.14285714285714285,0.0,0.0,0.5238095238095238,1.0,0.0,0.0,0.0,31,0.0
George Hirst,Ipswich,8.571428571428571,0.8571428571428571,2.8095238095238093,2.876190476190476,3.238095238095238,0.5238095238095238,0.0,1.0,0.0,0.0,31,0.0
James Hill,Bournemouth,8.380952380952381,0.6190476190476191,2.0476190476190474,1.7523809523809526,0.047619047619047616,0.47619047619047616,1.0,0.0,0.0,0.0,31,0.0
Giovani Lo Celso,Spurs,0.0,0.0,0.0,0.0,0.0,0.5238095238095238,0.0,0.0,0.0,1.0,31,0.0
Jamaldeen Jimoh,Aston Villa,0.0,0.0,0.0,0.0,0.0,0.5,0.0,0.0,0.0,1.0,31,0.0
Jamal Lewis,Newcastle,0.0,0.0,0.0,0.0,0.0,0.47619047619047616,1.0,0.0,0.0,0.0,31,0.0
Jamaal Lascelles,Newcastle,0.0,0.0,0.0,0.0,0.0,0.47619047619047616,1.0,0.0,0.0,0.0,31,0.0
Godwill Kukonki,Man Utd,0.0,0.0,0.0,0.0,0.0,0.5,1.0,0.0,0.0,0.0,31,0.0
Jakub Kiwior,Arsenal,15.380952380952381,0.6190476190476191,1.8571428571428572,2.342857142857143,0.0,0.47619047619047616,1.0,0.0,0.0,0.0,31,0.0
Jaidon Anthony,Bournemouth,0.0,0.0,0.0,0.0,0.0,0.47619047619047616,0.0,0.0,0.0,1.0,31,0.0
Guido Rodríguez,West Ham,46.142857142857146,1.2380952380952381,7.190476190476191,7.571428571428571,1.0952380952380953,0.5238095238095238,0.0,0.0,0.0,1.0,31,0.0
Jadon Sancho,Man Utd,0.0,0.0,0.0,0.0,0.0,0.6666666666666666,0.0,0.0,0.0,1.0,31,0.0
Kadan Young,Aston Villa,0.0,0.0,0.0,0.0,0.0,0.5555555555555556,0.0,0.0,0.0,1.0,31,0.0
Kaden Rodney,Crystal Palace,0.0,0.0,0.0,0.0,0.0,0.5263157894736842,0.0,0.0,0.0,1.0,31,0.0
Kaine Kesler-Hayden,Aston Villa,0.0,0.0,0.0,0.0,0.0,0.5238095238095238,1.0,0.0,0.0,0.0,31,0.0
Mathias Jensen,Brentford,29.952380952380953,1.0952380952380953,5.523809523809524,4.20952380952381,1.1904761904761905,0.5238095238095238,0.0,0.0,0.0,1.0,31,0.0
Matheus Luiz Nunes,Man City,29.38095238095238,1.4285714285714286,7.0476190476190474,7.752380952380953,4.238095238095238,0.47619047619047616,0.0,0.0,0.0,1.0,31,0.0
Matheus França de Oliveira,Crystal Palace,0.0,0.0,0.0,0.0,0.0,0.5238095238095238,0.0,0.0,0.0,1.0,31,0.0
Mateusz Lis,Southampton,0.0,0.0,0.0,0.0,0.0,0.47619047619047616,0.0,0.0,1.0,0.0,31,0.0
Matai Akinmboni,Bournemouth,0.0,0.0,0.0,0.0,0.0,0.0,1.0,0.0,0.0,0.0,31,0.0
Craig Dawson,Wolves,46.142857142857146,0.8095238095238095,2.7142857142857144,9.723809523809523,2.619047619047619,0.47619047619047616,1.0,0.0,0.0,0.0,31,0.0
Daichi Kamada,Crystal Palace,36.523809523809526,1.0,4.9523809523809526,5.847619047619047,4.380952380952381,0.5238095238095238,0.0,0.0,0.0,1.0,31,0.0
Mason Holgate,Everton,0.25,0.05,-0.05,0.0,0.0,0.5,1.0,0.0,0.0,0.0,31,0.0
Martin Sherif,Everton,0.0,0.0,0.0,0.0,0.0,1.0,0.0,1.0,0.0,0.0,31,0.0
Dane Scarlett,Spurs,0.0,0.0,0.0,0.0,0.0,0.5238095238095238,0.0,1.0,0.0,0.0,31,0.0
Daniel Adu-Adjei,Bournemouth,0.0,0.0,0.0,0.0,0.0,0.0,0.0,1.0,0.0,0.0,31,0.0
Mark Travers,Bournemouth,21.428571428571427,0.9047619047619048,3.619047619047619,6.9714285714285715,0.0,0.47619047619047616,0.0,0.0,1.0,0.0,31,0.0
Mark O’Mahony,Brighton,0.0,0.0,0.0,0.0,0.0,0.47619047619047616,0.0,1.0,0.0,0.0,31,0.0
Mark Flekken,Brentford,87.38095238095238,3.0476190476190474,14.523809523809524,37.38095238095238,0.0,0.5238095238095238,0.0,0.0,1.0,0.0,31,0.0
Daniel Bentley,Wolves,0.0,0.0,0.0,0.0,0.0,0.47619047619047616,0.0,0.0,1.0,0.0,31,0.0
Daniel Iversen,Leicester,0.0,0.0,0.0,0.0,0.0,0.5238095238095238,0.0,0.0,1.0,0.0,31,0.0
Danny Ings,West Ham,9.619047619047619,1.3333333333333333,4.619047619047619,4.438095238095238,6.619047619047619,0.5238095238095238,0.0,1.0,0.0,0.0,31,0.0
Marcus Bettinelli,Chelsea,0.0,0.0,0.0,0.0,0.0,0.47619047619047616,0.0,0.0,1.0,0.0,31,0.0
Marcos Senesi,Bournemouth,43.666666666666664,1.0,3.9047619047619047,10.523809523809524,1.380952380952381,0.47619047619047616,1.0,0.0,0.0,0.0,31,0.0
David Brooks,Bournemouth,16.0,1.3333333333333333,5.095238095238095,5.314285714285714,6.142857142857143,0.47619047619047616,0.0,0.0,0.0,1.0,31,0.0
Manuel Ugarte,Man Utd,47.166666666666664,0.9444444444444444,7.166666666666667,8.2,1.1111111111111112,0.5,0.0,0.0,0.0,1.0,31,0.0
Manuel Akanji,Man City,69.33333333333333,1.7142857142857142,9.619047619047619,12.80952380952381,2.3333333333333335,0.47619047619047616,1.0,0.0,0.0,0.0,31,0.0
Manor Solomon,Spurs,0.0,0.0,0.0,0.0,0.0,0.5238095238095238,0.0,0.0,0.0,1.0,31,0.0
Maldini Kacurri,Arsenal,0.0,0.0,0.0,0.0,0.0,0.4444444444444444,1.0,0.0,0.0,0.0,31,0.0
Corrie Ndaba,Ipswich,0.0,0.0,0.0,0.0,0.0,0.5238095238095238,1.0,0.0,0.0,0.0,31,0.0
Mathias Jorgensen,Brentford,0.0,0.0,0.0,0.0,0.0,0.5238095238095238,1.0,0.0,0.0,0.0,31,0.0
Malang Sarr,Chelsea,0.0,0.0,0.0,0.0,0.0,0.47619047619047616,1.0,0.0,0.0,0.0,31,0.0
Mats Wieffer,Brighton,22.095238095238095,1.3333333333333333,4.9523809523809526,6.857142857142857,2.7142857142857144,0.47619047619047616,0.0,0.0,0.0,1.0,31,0.0
Moisés Caicedo Corozo,Chelsea,88.33333333333333,2.8095238095238093,17.19047619047619,18.371428571428574,2.8095238095238093,0.47619047619047616,0.0,0.0,0.0,1.0,31,0.0
Miodrag Pivaš,Newcastle,0.0,0.0,0.0,0.0,0.0,0.47619047619047616,1.0,0.0,0.0,0.0,31,0.0
Min-Hyeok Yang,Spurs,0.0,0.0,0.0,0.0,0.0,0.0,0.0,0.0,0.0,1.0,31,0.0
Carney Chukwuemeka,Chelsea,0.0,0.0,0.0,0.0,0.0,0.47619047619047616,0.0,0.0,0.0,1.0,31,0.0
Cesare Casadei,Chelsea,0.0,0.0,0.0,0.0,0.0,0.47619047619047616,0.0,0.0,0.0,1.0,31,0.0
Cheick Doucouré,Crystal Palace,21.095238095238095,0.9047619047619048,3.380952380952381,2.7904761904761903,1.0952380952380953,0.5238095238095238,0.0,0.0,0.0,1.0,31,0.0
Chris Mepham,Bournemouth,0.0,0.0,0.0,0.0,0.0,0.47619047619047616,1.0,0.0,0.0,0.0,31,0.0
Chris Richards,Crystal Palace,33.95238095238095,1.0,3.5714285714285716,6.352380952380953,1.1904761904761905,0.5238095238095238,1.0,0.0,0.0,0.0,31,0.0
Micky van de Ven,Spurs,37.523809523809526,1.3333333333333333,6.095238095238095,7.666666666666667,1.9047619047619047,0.5238095238095238,1.0,0.0,0.0,0.0,31,0.0
Christian Eriksen,Man Utd,29.952380952380953,1.0952380952380953,6.190476190476191,5.247619047619048,1.1428571428571428,0.5238095238095238,0.0,0.0,0.0,1.0,31,0.0
Michael Golding,Leicester,0.0,0.0,0.0,0.0,0.0,0.5238095238095238,0.0,0.0,0.0,1.0,31,0.0
Maxwel Cornet,West Ham,0.0,0.0,0.0,0.0,0.0,0.5,0.0,0.0,0.0,1.0,31,0.0
Christian Walton,Ipswich,17.142857142857142,0.6666666666666666,2.380952380952381,4.6,0.0,0.5238095238095238,0.0,0.0,1.0,0.0,31,0.0
Cieran Slicker,Ipswich,0.0,0.0,0.0,0.0,0.0,0.5238095238095238,0.0,0.0,1.0,0.0,31,0.0
Max Kinsey,Bournemouth,0.0,0.0,0.0,0.0,0.0,0.5,1.0,0.0,0.0,0.0,31,0.0
Max Alleyne,Man City,0.0,0.0,0.0,0.0,0.0,0.5,1.0,0.0,0.0,0.0,31,0.0
Ian Maatsen,Aston Villa,14.428571428571429,0.8095238095238095,2.857142857142857,4.066666666666667,2.761904761904762,0.5238095238095238,1.0,0.0,0.0,0.0,31,0.0
Conor Bradley,Liverpool,11.75,0.6,2.35,2.17,4.65,0.5,1.0,0.0,0.0,0.0,31,0.0
Conor Gallagher,Chelsea,0.0,0.0,0.0,0.0,0.0,0.47619047619047616,0.0,0.0,0.0,1.0,31,0.0
Matt Turner,Nott'm Forest,0.0,0.0,0.0,0.0,0.0,0.5,0.0,0.0,1.0,0.0,31,0.0
Matt Turner,Crystal Palace,0.0,0.0,0.0,0.0,0.0,0.5263157894736842,0.0,0.0,1.0,0.0,31,0.0
Matt O'Riley,Brighton,21.63157894736842,1.1578947368421053,5.315789473684211,5.2631578947368425,5.2631578947368425,0.47368421052631576,0.0,0.0,0.0,1.0,31,0.0
Matt Doherty,Wolves,42.42857142857143,1.3333333333333333,5.238095238095238,10.047619047619047,4.0,0.47619047619047616,1.0,0.0,0.0,0.0,31,0.0
Malcolm Ebiowei,Crystal Palace,0.0,0.0,0.0,0.0,0.0,0.5238095238095238,0.0,0.0,0.0,1.0,31,0.0
Malachi Hardy,Spurs,0.0,0.0,0.0,0.0,0.0,0.5,1.0,0.0,0.0,0.0,31,0.0
Kalvin Phillips,Ipswich,36.523809523809526,0.8571428571428571,4.9523809523809526,4.761904761904762,1.2857142857142858,0.5238095238095238,0.0,0.0,0.0,1.0,31,0.0
Lesley Ugochukwu,Southampton,26.9,0.65,2.75,4.39,1.0,0.5,0.0,0.0,0.0,1.0,31,0.0
Leon Chiwome,Wolves,0.0,0.0,0.0,0.0,0.0,0.47619047619047616,0.0,1.0,0.0,0.0,31,0.0
Djed Spence,Spurs,23.80952380952381,0.5714285714285714,3.3333333333333335,5.933333333333333,0.6666666666666666,0.5238095238095238,1.0,0.0,0.0,0.0,31,0.0
Dominic Sadi,Bournemouth,0.0,0.0,0.0,0.0,0.0,0.0,0.0,0.0,0.0,1.0,31,0.0
Dominik Szoboszlai,Liverpool,60.85,3.1,14.3,12.620000000000001,13.9,0.5,0.0,0.0,0.0,1.0,31,0.0
Leander Dendoncker,Aston Villa,0.0,0.0,0.0,0.0,0.0,0.5238095238095238,0.0,0.0,0.0,1.0,31,0.0
Kyle Walker,Man City,46.0,0.6190476190476191,3.0,7.495238095238095,1.380952380952381,0.47619047619047616,1.0,0.0,0.0,0.0,31,0.0
Kurt Zouma,West Ham,0.0,0.0,0.0,0.0,0.0,0.5238095238095238,1.0,0.0,0.0,0.0,31,0.0
Eddie Nketiah,Arsenal,0.0,0.0,0.0,0.0,0.0,0.5,0.0,1.0,0.0,0.0,31,0.0
Kortney Hause,Aston Villa,0.0,0.0,0.0,0.0,0.0,0.5238095238095238,1.0,0.0,0.0,0.0,31,0.0
Konstantinos Tsimikas,Liverpool,13.65,0.95,4.6,4.87,1.15,0.5,1.0,0.0,0.0,0.0,31,0.0
Eddie Nketiah,Crystal Palace,31.0,1.105263157894737,4.2631578947368425,3.547368421052631,9.578947368421053,0.5263157894736842,0.0,1.0,0.0,0.0,31,0.0
Kobbie Mainoo,Man Utd,54.333333333333336,1.2857142857142858,8.142857142857142,6.904761904761905,4.0,0.5238095238095238,0.0,0.0,0.0,1.0,31,0.0
Killian Cahill,Brighton,0.0,0.0,0.0,0.0,0.0,0.46153846153846156,0.0,0.0,1.0,0.0,31,0.0
Edson Álvarez Velázquez,West Ham,50.38095238095238,0.9523809523809523,6.571428571428571,8.028571428571428,1.5714285714285714,0.5238095238095238,0.0,0.0,0.0,1.0,31,0.0
Kieran Trippier,Newcastle,22.952380952380953,1.1428571428571428,4.857142857142857,3.7809523809523813,0.6190476190476191,0.47619047619047616,1.0,0.0,0.0,0.0,31,0.0
Elkan Baggott,Ipswich,0.0,0.0,0.0,0.0,0.0,0.5238095238095238,1.0,0.0,0.0,0.0,31,0.0
Ki-Jana Hoever,Wolves,0.0,0.0,0.0,0.0,0.0,0.47619047619047616,1.0,0.0,0.0,0.0,31,0.0
Kevin Mbabu,Fulham,0.0,0.0,0.0,0.0,0.0,0.5238095238095238,1.0,0.0,0.0,0.0,31,0.0
Emerson Leite de Souza Junior,Spurs,0.0,0.0,0.0,0.0,0.0,0.5238095238095238,1.0,0.0,0.0,0.0,31,0.0
Kepa Arrizabalaga,Chelsea,0.0,0.0,0.0,0.0,0.0,0.5,0.0,0.0,1.0,0.0,31,0.0
Kasey McAteer,Leicester,16.857142857142858,0.8571428571428571,3.0,2.8571428571428568,3.1904761904761907,0.5238095238095238,0.0,0.0,0.0,1.0,31,0.0
Karl Hein,Arsenal,0.0,0.0,0.0,0.0,0.0,0.47619047619047616,0.0,0.0,1.0,0.0,31,0.0
Kamaldeen Sulemana,Southampton,11.714285714285714,0.5238095238095238,1.619047619047619,1.3523809523809522,2.4285714285714284,0.47619047619047616,0.0,0.0,0.0,1.0,31,0.0
Lesley Ugochukwu,Chelsea,0.0,0.0,0.0,0.0,0.0,1.0,0.0,0.0,0.0,1.0,31,0.0
Levi Colwill,Chelsea,85.71428571428571,2.238095238095238,11.095238095238095,18.495238095238093,3.0,0.47619047619047616,1.0,0.0,0.0,0.0,31,0.0
Mahmoud Dahoud,Brighton,0.0,0.0,0.0,0.0,0.0,0.47619047619047616,0.0,0.0,0.0,1.0,31,0.0
Lewis Cook,Bournemouth,79.57142857142857,2.5238095238095237,14.904761904761905,18.076190476190476,3.619047619047619,0.47619047619047616,0.0,0.0,0.0,1.0,31,0.0
Maeson King,Spurs,0.0,0.0,0.0,0.0,0.0,0.5,1.0,0.0,0.0,0.0,31,0.0
David Datro Fofana,Chelsea,0.0,0.0,0.0,0.0,0.0,0.47619047619047616,0.0,1.0,0.0,0.0,31,0.0
David Ozoh,Crystal Palace,0.0,0.0,0.0,0.0,0.0,0.5238095238095238,0.0,0.0,0.0,1.0,31,0.0
Luke Woolfenden,Ipswich,35.095238095238095,0.6190476190476191,3.0,7.019047619047619,0.2857142857142857,0.5238095238095238,1.0,0.0,0.0,0.0,31,0.0
Dean Henderson,Crystal Palace,90.0,3.4761904761904763,11.904761904761905,23.80952380952381,0.19047619047619047,0.5238095238095238,0.0,0.0,1.0,0.0,31,0.0
Declan Rice,Arsenal,69.95238095238095,2.5714285714285716,14.952380952380953,15.857142857142858,7.904761904761905,0.47619047619047616,0.0,0.0,0.0,1.0,31,0.0
Luke Harris,Fulham,0.0,0.0,0.0,0.0,0.0,0.5238095238095238,0.0,0.0,0.0,1.0,31,0.0
Luke Cundle,Wolves,0.0,0.0,0.0,0.0,0.0,0.47619047619047616,0.0,0.0,0.0,1.0,31,0.0
Luis Sinisterra,Bournemouth,9.666666666666666,0.9047619047619048,3.5714285714285716,4.685714285714286,8.428571428571429,0.47619047619047616,0.0,0.0,0.0,1.0,31,0.0
Deivid Washington de Souza Eugênio,Chelsea,0.0,0.0,0.0,0.0,0.0,0.47619047619047616,0.0,1.0,0.0,0.0,31,0.0
Deniz Undav,Brighton,0.0,0.0,0.0,0.0,0.0,0.47619047619047616,0.0,1.0,0.0,0.0,31,0.0
Destiny Udogie,Spurs,68.0952380952381,1.7619047619047619,9.714285714285714,11.838095238095239,5.523809523809524,0.5238095238095238,1.0,0.0,0.0,0.0,31,0.0
Lucas Bergvall,Spurs,17.714285714285715,0.7619047619047619,4.285714285714286,4.914285714285715,0.5714285714285714,0.5238095238095238,0.0,0.0,0.0,1.0,31,0.0
Lucas Bergström,Chelsea,0.0,0.0,0.0,0.0,0.0,0.47619047619047616,0.0,0.0,1.0,0.0,31,0.0
Luca Williams-Barnett,Spurs,0.0,0.0,0.0,0.0,0.0,0.5555555555555556,0.0,0.0,0.0,1.0,31,0.0
Lloyd Kelly,Newcastle,14.095238095238095,0.5238095238095238,1.8095238095238095,3.838095238095238,0.6666666666666666,0.47619047619047616,1.0,0.0,0.0,0.0,31,0.0
Lino da Cruz Sousa,Aston Villa,0.0,0.0,0.0,0.0,0.0,0.5238095238095238,1.0,0.0,0.0,0.0,31,0.0
Diego Carlos Santos Silva,Aston Villa,39.42857142857143,1.0,3.2857142857142856,7.171428571428571,2.5714285714285716,0.5238095238095238,1.0,0.0,0.0,0.0,31,0.0
Lewis Orford,West Ham,0.0,0.0,0.0,0.0,0.0,0.5,0.0,0.0,0.0,1.0,31,0.0
Lewis O'Brien,Nott'm Forest,0.0,0.0,0.0,0.0,0.0,0.47619047619047616,0.0,0.0,0.0,1.0,31,0.0
Diego Gómez,Brighton,0.0,0.0,0.0,0.0,0.0,0.0,0.0,0.0,0.0,1.0,31,0.0
Divin Mubama,Man City,0.0,0.0,0.0,0.0,0.0,0.5,0.0,1.0,0.0,0.0,31,0.0
Lewis Dobbin,Aston Villa,0.0,0.0,0.0,0.0,0.0,0.5238095238095238,0.0,0.0,0.0,1.0,31,0.0
João Félix Sequeira,Chelsea,17.8,1.15,4.45,4.37,7.05,0.45,0.0,0.0,0.0,1.0,31,0.0
