name,team,position,GW,predicted_goals,minutes,raw_predicted_goals,blended_prediction,min_probability
Mohamed Salah,Liverpool,MID,31,0.62,88.15,1.1877145657485544,0.6205819565846563,0.12
Erling Haaland,Man City,FWD,31,0.57,89.61904761904762,1.009062408375381,0.5663109737139389,0.2
Cole Palmer,Chelsea,MID,31,0.42,87.52380952380952,0.7835384065948401,0.41849387700779916,0.12
Alexander Isak,Newcastle,FWD,31,0.39,73.42857142857143,0.6569279507503383,0.39024374490141756,0.2
Nicolas Jackson,Chelsea,FWD,31,0.29,73.04761904761905,0.4485091076532592,0.286034323352878,0.2
Ollie Watkins,Aston Villa,FWD,31,0.26,69.04761904761905,0.39311540967597003,0.25833747436423343,0.2
Raúl Jiménez,Fulham,FWD,31,0.26,62.476190476190474,0.39009567342666707,0.25682760623958195,0.2
Chris Wood,Nott'm Forest,FWD,31,0.25,79.0952380952381,0.38587703732420764,0.25471828818835224,0.2
Matheus Santos Carneiro Da Cunha,Wolves,FWD,31,0.24,76.42857142857143,0.3652474005269069,0.24440346978970184,0.2
Kai Havertz,Arsenal,FWD,31,0.24,74.76190476190476,0.3648185656245832,0.24418905233854,0.2
Yoane Wissa,Brentford,FWD,31,0.22,66.23809523809524,0.31162690936908727,0.21759322421079202,0.2
Dominic Solanke-Mitchell,Spurs,FWD,31,0.22,76.0952380952381,0.3118849071047405,0.21772222307861863,0.2
Brennan Johnson,Spurs,MID,31,0.21,70.95238095238095,0.3679094471361111,0.21067939727843468,0.12
Dominic Calvert-Lewin,Everton,FWD,31,0.2,73.45,0.05526108246328834,0.08941031075789257,0.2
Francisco Evanilson de Lima Barbosa,Bournemouth,FWD,31,0.2,68.4,0.17008076238836647,0.14682015072043164,0.2
Jamie Vardy,Leicester,FWD,31,0.2,73.85714285714286,0.06177562715062713,0.09266758310156196,0.2
Liam Delap,Ipswich,FWD,31,0.2,72.61904761904762,0.043418663852487376,0.08348910145249208,0.2
Jean-Philippe Mateta,Crystal Palace,FWD,31,0.2,75.71428571428571,0.03789772441610677,0.08072863173430178,0.2
Jørgen Strand Larsen,Wolves,FWD,31,0.2,81.61904761904762,0.13752997494052013,0.13054475699650847,0.2
Iliman Ndiaye,Everton,FWD,31,0.2,80.15,0.010220959595959596,0.0668902493242282,0.2
Odsonne Edouard,Crystal Palace,FWD,31,0.19,57.5,0.002777777777777778,0.06316865841513729,0.19166666666666668
Danny Welbeck,Brighton,FWD,31,0.18,53.476190476190474,0.055986235986235956,0.08977288751936638,0.17825396825396825
Luis Díaz,Liverpool,MID,31,0.18,59.3,0.30708876375884353,0.1802690555898009,0.11859999999999998
João Pedro Junqueira de Jesus,Brighton,FWD,31,0.18,53.095238095238095,0.049863442113442104,0.08671149058296945,0.176984126984127
Noni Madueke,Chelsea,MID,31,0.18,56.95238095238095,0.30453391310997363,0.17899163026536594,0.1139047619047619
Cody Gakpo,Liverpool,FWD,31,0.18,53.55,0.17545144174735378,0.14950549039992528,0.1785
Adam Armstrong,Southampton,FWD,31,0.18,53.80952380952381,0.0030000000000000005,0.06327976952624839,0.1793650793650794
Bryan Mbeumo,Brentford,MID,31,0.17,89.76190476190476,0.2947130213981801,0.17408118440946918,0.12
James Maddison,Spurs,MID,31,0.16,57.285714285714285,0.27365175092040145,0.16355054917057985,0.11457142857142856
Antoine Semenyo,Bournemouth,MID,31,0.16,83.14285714285714,0.2726260253860928,0.16303768640342553,0.12
Rasmus Højlund,Man Utd,FWD,31,0.16,48.714285714285715,0.0,0.0617797695262484,0.1623809523809524
Bukayo Saka,Arsenal,MID,31,0.15,60.38095238095238,0.25651012214583935,0.1549797347832988,0.12
Cameron Archer,Southampton,FWD,31,0.15,45.19047619047619,0.006082251082251081,0.06482089506737394,0.15063492063492065
Justin Kluivert,Bournemouth,MID,31,0.14,60.04761904761905,0.22998544291965348,0.14171739517020585,0.12
Michail Antonio,West Ham,FWD,31,0.13,39.714285714285715,0.0,0.0617797695262484,0.13238095238095238
Jarrod Bowen,West Ham,MID,31,0.12,78.85714285714286,0.154394230661839,0.10392178904129862,0.12
Morgan Rogers,Aston Villa,MID,31,0.12,78.52380952380952,0.09670805187940817,0.07507869965008321,0.12
Bruno Borges Fernandes,Man Utd,MID,31,0.12,78.80952380952381,0.19249631311334597,0.12297283026705211,0.12
Mateo Kovačić,Man City,MID,31,0.12,61.523809523809526,0.003922619047619047,0.028685983234188642,0.12
Ismaïla Sarr,Crystal Palace,MID,31,0.12,64.76190476190476,0.1386991995346426,0.09607427347770042,0.12
Anthony Gordon,Newcastle,MID,31,0.12,75.61904761904762,0.17698660178494272,0.11521797460285048,0.12
Mario Lemina,Wolves,MID,31,0.12,64.9047619047619,0.0014285714285714286,0.027438959424664833,0.12
Orel Mangala,Everton,MID,31,0.12,63.35294117647059,0.0,0.026724673710379118,0.12
Tomáš Souček,West Ham,MID,31,0.12,68.23809523809524,0.027705139372822297,0.040577243396790266,0.12
Ryan Christie,Bournemouth,MID,31,0.12,71.0,0.010480699855699856,0.03196502363822905,0.12
Joshua Zirkzee,Man Utd,FWD,31,0.12,34.95238095238095,0.015877220002220003,0.0697183795273584,0.1165079365079365
Tyler Dibling,Southampton,MID,31,0.12,58.333333333333336,0.0022727272727272726,0.027861037346742754,0.11666666666666665
Ilkay Gündogan,Man City,MID,31,0.12,57.9,0.005059523809523809,0.029254435615141024,0.11579999999999999
Ryan Yates,Nott'm Forest,MID,31,0.12,66.61904761904762,0.001,0.027224673710379118,0.12
Amad Diallo,Man Utd,MID,31,0.12,62.904761904761905,0.16590013062455194,0.1096747390226551,0.12
Morgan Gibbs-White,Nott'm Forest,MID,31,0.12,63.80952380952381,0.1077301430499157,0.08058974523533696,0.12
Moisés Caicedo Corozo,Chelsea,MID,31,0.12,88.33333333333333,0.0,0.026724673710379118,0.12
Carlos Baleba,Brighton,MID,31,0.12,63.80952380952381,0.0,0.026724673710379118,0.12
Callum Hudson-Odoi,Nott'm Forest,MID,31,0.12,70.85714285714286,0.01689702634110529,0.03517318688093176,0.12
Harry Winks,Leicester,MID,31,0.12,57.76190476190476,0.0,0.026724673710379118,0.11552380952380951
Eberechi Eze,Crystal Palace,MID,31,0.12,67.38095238095238,0.08704719108987095,0.07024826925531459,0.12
Darwin Núñez Ribeiro,Liverpool,FWD,31,0.12,37.45,0.01948205266955267,0.07152079586102474,0.12483333333333335
Mateus Gonçalo Espanha Fernandes,Southampton,MID,31,0.12,73.5,0.007284798534798535,0.030367072977778384,0.12
Dominik Szoboszlai,Liverpool,MID,31,0.12,60.85,0.024155235967735972,0.03880229169424711,0.12
Keane Lewis-Potter,Brentford,MID,31,0.12,78.42857142857143,0.009036935286935287,0.03124314135384676,0.12
João Victor Gomes da Silva,Wolves,MID,31,0.12,80.61904761904762,0.0011111111111111111,0.027280229265934673,0.12
Dejan Kulusevski,Spurs,MID,31,0.12,79.9047619047619,0.11028857369541034,0.08186896055808429,0.12
Mohammed Kudus,West Ham,MID,31,0.12,61.57142857142857,0.014488275613275616,0.033968811517016924,0.12
Enzo Fernández,Chelsea,MID,31,0.12,71.76190476190476,0.05813982799945836,0.0557945877101083,0.12
Vitaly Janelt,Brentford,MID,31,0.12,71.28571428571429,0.0011111111111111111,0.027280229265934673,0.12
Alexis Mac Allister,Liverpool,MID,31,0.12,70.55,0.01437824675324675,0.03391379708700249,0.12
Thomas Partey,Arsenal,MID,31,0.12,75.28571428571429,0.004125,0.028787173710379116,0.12
Mitoma Kaoru,Brighton,MID,31,0.12,79.14285714285714,0.10911197252017098,0.0812806599704646,0.12
Joelinton Cássio Apolinário de Lira,Newcastle,MID,31,0.12,79.61904761904762,0.02204871517371517,0.0377490312972367,0.12
Elliot Anderson,Nott'm Forest,MID,31,0.12,61.285714285714285,0.010633658008658009,0.032041502714708125,0.12
Bruno Guimarães Rodriguez Moura,Newcastle,MID,31,0.12,87.38095238095238,0.020201659451659457,0.03682550343620884,0.12
Wilfred Ndidi,Leicester,MID,31,0.12,57.904761904761905,0.000625,0.027037173710379118,0.1158095238095238
Youri Tielemans,Aston Villa,MID,31,0.12,84.33333333333333,0.00125,0.027349673710379118,0.12
Ryan Gravenberch,Liverpool,MID,31,0.12,86.9,0.0,0.026724673710379118,0.12
Lewis Cook,Bournemouth,MID,31,0.12,79.57142857142857,0.0,0.026724673710379118,0.12
Declan Rice,Arsenal,MID,31,0.12,69.95238095238095,0.020491011303511306,0.03697017936213477,0.12
Christian Nørgaard,Brentford,MID,31,0.12,69.95238095238095,0.0,0.026724673710379118,0.12
John McGinn,Aston Villa,MID,31,0.12,59.666666666666664,0.00125,0.027349673710379118,0.11933333333333332
Bernardo Veiga de Carvalho e Silva,Man City,MID,31,0.12,82.57142857142857,0.061349968290667176,0.0573996578557127,0.12
Andreas Hoelgebaum Pereira,Fulham,MID,31,0.12,59.19047619047619,0.018112294625452517,0.035780821023105376,0.11838095238095236
Omari Giraud-Hutchinson,Ipswich,MID,31,0.12,77.47619047619048,0.007091450216450215,0.030270398818604227,0.12
Sam Morsy,Ipswich,MID,31,0.12,77.71428571428571,0.0,0.026724673710379118,0.12
Son Heung-min,Spurs,MID,31,0.12,62.523809523809526,0.16969853203305718,0.11157393972690771,0.12
Saša Lukić,Fulham,MID,31,0.12,59.142857142857146,0.0,0.026724673710379118,0.11828571428571429
Alex Iwobi,Fulham,MID,31,0.12,86.0,0.16948765826117992,0.11146850284096908,0.12
Flynn Downes,Southampton,MID,31,0.12,66.0,0.0,0.026724673710379118,0.12
Lucas Tolentino Coelho de Lima,West Ham,MID,31,0.12,69.57142857142857,0.009770833333333334,0.031610090377045784,0.12
Mikkel Damsgaard,Brentford,MID,31,0.12,72.95238095238095,0.057006592213829047,0.05522796981729364,0.12
Idrissa Gueye,Everton,MID,31,0.12,74.3,0.0,0.026724673710379118,0.12
Abdoulaye Doucouré,Everton,MID,31,0.12,71.2,0.0,0.026724673710379118,0.12
Georginio Rutter,Brighton,MID,31,0.11,55.3,0.010770382395382394,0.032109864908070315,0.11059999999999999
Marcus Tavernier,Bournemouth,MID,31,0.11,54.19047619047619,0.016586159211159208,0.03501775331595872,0.10838095238095238
Anthony Elanga,Nott'm Forest,MID,31,0.11,57.23809523809524,0.010116341991341992,0.03178284470605011,0.11447619047619048
Leandro Trossard,Arsenal,MID,31,0.11,56.57142857142857,0.04297299651567945,0.04821117196821884,0.11314285714285714
Phil Foden,Man City,MID,31,0.11,54.23809523809524,0.05877777315277313,0.05611356028676569,0.10847619047619048
Facundo Buonanotte,Leicester,MID,31,0.11,52.714285714285715,0.012020382395382395,0.032734864908070316,0.10542857142857143
Alejandro Garnacho,Man Utd,MID,31,0.11,53.19047619047619,0.03751243201243201,0.04548088971659513,0.10638095238095237
Gabriel Martinelli Silva,Arsenal,MID,31,0.11,56.904761904761905,0.13768320609129428,0.09556627675602626,0.1138095238095238
Martin Ødegaard,Arsenal,MID,31,0.11,52.76190476190476,0.021083814333814333,0.037266580877286286,0.10552380952380952
Dwight McNeil,Everton,MID,31,0.11,57.0,0.04228754578754579,0.047868446604152015,0.11399999999999999
Emile Smith Rowe,Fulham,MID,31,0.11,57.19047619047619,0.02219554057054057,0.0378224439956494,0.11438095238095237
Kobbie Mainoo,Man Utd,MID,31,0.11,54.333333333333336,0.0,0.026724673710379118,0.10866666666666666
Jefferson Lerma Solís,Crystal Palace,MID,31,0.11,52.904761904761905,0.0,0.026724673710379118,0.1058095238095238
André Trindade da Costa Neto,Wolves,MID,31,0.11,55.89473684210526,0.0,0.026724673710379118,0.11178947368421051
Sandro Tonali,Newcastle,MID,31,0.11,56.523809523809526,0.001875,0.02766217371037912,0.11304761904761904
Will Hughes,Crystal Palace,MID,31,0.11,54.61904761904762,0.0,0.026724673710379118,0.10923809523809523
Jadon Sancho,Chelsea,MID,31,0.11,53.22222222222222,0.010595508658008658,0.032022428039383447,0.10644444444444444
Joe Aribo,Southampton,MID,31,0.11,56.80952380952381,0.0038749999999999995,0.028662173710379116,0.1136190476190476
Stephy Mavididi,Leicester,MID,31,0.11,57.142857142857146,0.003181818181818182,0.028315582801288208,0.11428571428571428
Jack Harrison,Everton,MID,31,0.1,49.65,0.004958333333333334,0.029203840377045785,0.0993
Gabriel Fernando de Jesus,Arsenal,FWD,31,0.1,28.571428571428573,0.01402061827061827,0.06879007866155754,0.09523809523809525
Edson Álvarez Velázquez,West Ham,MID,31,0.1,50.38095238095238,0.0,0.026724673710379118,0.10076190476190476
Sander Berge,Fulham,MID,31,0.1,47.8,0.0,0.026724673710379118,0.09559999999999999
Pape Matar Sarr,Spurs,MID,31,0.1,52.38095238095238,0.0021428571428571425,0.027796102281807688,0.10476190476190476
Yasin Ayari,Brighton,MID,31,0.1,52.38095238095238,0.003125,0.02828717371037912,0.10476190476190476
Pedro Lomba Neto,Chelsea,MID,31,0.1,47.95238095238095,0.002375,0.02791217371037912,0.0959047619047619
Sávio 'Savinho' Moreira de Oliveira,Man City,MID,31,0.1,51.285714285714285,0.12192627631749656,0.0876878118691274,0.10257142857142856
Eddie Nketiah,Crystal Palace,FWD,31,0.1,31.0,0.002857142857142857,0.06320834095481982,0.10333333333333335
Jacob Murphy,Newcastle,MID,31,0.1,52.19047619047619,0.016826569264069263,0.03513795834241375,0.10438095238095238
Amadou Onana,Aston Villa,MID,31,0.09,47.476190476190474,0.00626984126984127,0.029859594345299754,0.09495238095238094
Boubakary Soumaré,Leicester,MID,31,0.09,43.857142857142854,0.0,0.026724673710379118,0.0877142857142857
Jordan Ayew,Leicester,MID,31,0.09,45.85,0.006224747474747474,0.029837047447752854,0.09169999999999999
Guido Rodríguez,West Ham,MID,31,0.09,46.142857142857146,0.0,0.026724673710379118,0.09228571428571429
Marcus Rashford,Man Utd,MID,31,0.09,46.42857142857143,0.009182900432900433,0.03131612392682934,0.09285714285714286
Dango Ouattara,Bournemouth,MID,31,0.09,45.95238095238095,0.07583086087354379,0.06464010414715102,0.09190476190476189
Curtis Jones,Liverpool,MID,31,0.09,44.0,0.042074149169543905,0.04776174829515107,0.088
Wes Burns,Ipswich,MID,31,0.09,42.57142857142857,0.0,0.026724673710379118,0.08514285714285713
Yves Bissouma,Spurs,MID,31,0.09,45.80952380952381,0.0009090909090909091,0.02717921916492457,0.09161904761904763
Jens Cajuste,Ipswich,MID,31,0.09,45.2,0.0,0.026724673710379118,0.09040000000000001
Kevin De Bruyne,Man City,MID,31,0.09,43.285714285714285,0.11128327642143432,0.08236631192109628,0.08657142857142856
Leon Bailey,Aston Villa,MID,31,0.09,43.523809523809526,0.007212121212121212,0.030330734316439723,0.08704761904761904
Rodrigo Muniz Carvalho,Fulham,FWD,31,0.09,28.285714285714285,0.008580447330447329,0.06606999319147207,0.09428571428571429
Carlos Soler,West Ham,MID,31,0.09,43.888888888888886,0.0029924242424242426,0.028220885831591238,0.08777777777777776
Jhon Durán,Aston Villa,FWD,31,0.09,28.0,0.047253885003885,0.08540671202819089,0.09333333333333334
Manuel Ugarte,Man Utd,MID,31,0.09,47.166666666666664,0.0,0.026724673710379118,0.09433333333333332
Sam Szmodics,Ipswich,MID,31,0.09,46.42857142857143,0.011178987678987678,0.03231416754987296,0.09285714285714286
Kevin Schade,Brentford,MID,31,0.09,45.523809523809526,0.05920881202131203,0.05632907972103513,0.09104761904761906
Adama Traoré,Fulham,MID,31,0.09,45.476190476190474,0.012900523088023088,0.033174935254390664,0.09095238095238095
Bilal El Khannouss,Leicester,MID,31,0.09,45.31578947368421,0.0,0.026724673710379118,0.09063157894736842
Nicolás Domínguez,Nott'm Forest,MID,31,0.09,45.904761904761905,0.0050757575757575755,0.029262552498257904,0.09180952380952381
Jack Hinshelwood,Brighton,MID,31,0.08,39.95238095238095,0.0,0.026724673710379118,0.0799047619047619
Carlos Henrique Casimiro,Man Utd,MID,31,0.08,39.666666666666664,0.004351190476190476,0.028900268948474354,0.07933333333333333
Jean-Ricner Bellegarde,Wolves,MID,31,0.08,39.142857142857146,0.0,0.026724673710379118,0.07828571428571428
Jacob Ramsey,Aston Villa,MID,31,0.08,37.95238095238095,0.0,0.026724673710379118,0.0759047619047619
Crysencio Summerville,West Ham,MID,31,0.07,36.95238095238095,0.001,0.027224673710379118,0.07390476190476189
Diogo Teixeira da Silva,Liverpool,MID,31,0.07,31.1,0.08567846042846043,0.06956390392460933,0.0622
Daichi Kamada,Crystal Palace,MID,31,0.07,36.523809523809526,0.0,0.026724673710379118,0.07304761904761906
Mikel Merino,Arsenal,MID,31,0.07,34.89473684210526,0.01248369196163314,0.032966519691195684,0.06978947368421051
Harvey Barnes,Newcastle,MID,31,0.07,36.80952380952381,0.04071590909090909,0.04708262825583366,0.07361904761904763
Oliver Skipp,Leicester,MID,31,0.07,36.4,0.0,0.026724673710379118,0.0728
Boubacar Kamara,Aston Villa,MID,31,0.07,36.333333333333336,0.0,0.026724673710379118,0.07266666666666667
Jérémy Doku,Man City,MID,31,0.07,32.95238095238095,0.00778409090909091,0.03061671916492457,0.0659047619047619
Norberto Bercique Gomes Betuncal,Everton,FWD,31,0.07,11.35,0.009692009379509378,0.06662577421600309,0.04000000000000001
Sean Longstaff,Newcastle,MID,31,0.07,33.857142857142854,0.0,0.026724673710379118,0.06771428571428571
Harry Wilson,Fulham,MID,31,0.07,32.714285714285715,0.016759920634920634,0.035104634027839435,0.06542857142857143
Jesper Lindstrøm,Everton,MID,31,0.07,33.0,0.0003333333333333333,0.026891340377045783,0.066
Archie Gray,Spurs,MID,31,0.07,33.0,0.0,0.026724673710379118,0.066
Kalvin Phillips,Ipswich,MID,31,0.07,36.523809523809526,0.0,0.026724673710379118,0.07304761904761906
Danny Ings,West Ham,FWD,31,0.07,9.619047619047619,0.01624825174825175,0.06990389540037427,0.04000000000000001
Rodrigo Bentancur,Spurs,MID,31,0.07,32.61904761904762,0.0,0.026724673710379118,0.06523809523809525
Matthijs de Ligt,Man Utd,DEF,31,0.06,66.19047619047619,0.008045014398583055,0.011372315465162854,0.06
Nathan Fraser,Wolves,FWD,31,0.06,0.0,0.0,0.0617797695262484,0.04000000000000001
Tom Cannon,Leicester,FWD,31,0.06,0.0,0.0,0.0617797695262484,0.04000000000000001
Lucas Digne,Aston Villa,DEF,31,0.06,75.71428571428571,0.0001939487975174554,0.007446782664630053,0.06
Antonee Robinson,Fulham,DEF,31,0.06,90.0,0.005473891077459736,0.010086753804601193,0.06
Lewis Hall,Newcastle,DEF,31,0.06,79.85714285714286,0.0001939487975174554,0.007446782664630053,0.06
Marc Guiu Paz,Chelsea,FWD,31,0.06,1.5714285714285714,0.0,0.0617797695262484,0.04000000000000001
Dane Scarlett,Spurs,FWD,31,0.06,0.0,0.0,0.0617797695262484,0.04000000000000001
Marc Cucurella Saseta,Chelsea,DEF,31,0.06,73.0952380952381,0.0021442207477894056,0.008421918639766029,0.06
Nathan Butler-Oyedeji,Arsenal,FWD,31,0.06,0.0,0.0,0.0617797695262484,0.04000000000000001
Gonçalo Manuel Ganchinho Guedes,Wolves,MID,31,0.06,28.19047619047619,0.001,0.027224673710379118,0.05638095238095238
Daniel Adu-Adjei,Bournemouth,FWD,31,0.06,0.0,0.0,0.0617797695262484,0.04000000000000001
Calvin Bassey,Fulham,DEF,31,0.06,85.71428571428571,0.0020121306156992737,0.008355873573720963,0.06
Jan Bednarek,Southampton,DEF,31,0.06,72.0,0.0001939487975174554,0.007446782664630053,0.06
Eddie Nketiah,Arsenal,FWD,31,0.06,0.0,0.0,0.0617797695262484,0.04000000000000001
Maxence Lacroix,Crystal Palace,DEF,31,0.06,90.0,0.0009471539257225835,0.007823385228732617,0.06
Wout Faes,Leicester,DEF,31,0.06,65.33333333333333,0.0001939487975174554,0.007446782664630053,0.06
Lisandro Martínez,Man Utd,DEF,31,0.06,75.23809523809524,0.0011939487975174553,0.007946782664630054,0.06
Rayan Aït-Nouri,Wolves,DEF,31,0.06,82.14285714285714,0.006705113071839625,0.010702364801791138,0.06
James Justin,Leicester,DEF,31,0.06,82.0,0.0011939487975174553,0.007946782664630054,0.06
Trevoh Chalobah,Crystal Palace,DEF,31,0.06,58.888888888888886,0.003333333333333333,0.009016474932537991,0.05888888888888888
Taylor Harwood-Bellis,Southampton,DEF,31,0.06,79.47619047619048,0.0001939487975174554,0.007446782664630053,0.06
Joël Veltman,Brighton,DEF,31,0.06,61.38095238095238,0.0,0.007349808265871325,0.06
Adam Wharton,Crystal Palace,MID,31,0.06,29.571428571428573,0.0,0.026724673710379118,0.05914285714285714
James Tarkowski,Everton,DEF,31,0.06,89.55,0.0008189487975174553,0.0077592826646300525,0.06
Murillo Santiago Costa dos Santos,Nott'm Forest,DEF,31,0.06,84.61904761904762,0.003051091654660312,0.008875354093201481,0.06
Rico Lewis,Man City,DEF,31,0.06,65.80952380952381,0.0001939487975174554,0.007446782664630053,0.06
Callum Wilson,Newcastle,FWD,31,0.06,2.7142857142857144,0.0,0.0617797695262484,0.04000000000000001
Trent Alexander-Arnold,Liverpool,DEF,31,0.06,74.2,0.007202712093045458,0.010951164312394054,0.06
Jurriën Timber,Arsenal,DEF,31,0.06,70.71428571428571,0.0016225202260888839,0.008161068378915767,0.06
Jan Paul van Hecke,Brighton,DEF,31,0.06,76.66666666666667,0.0001939487975174554,0.007446782664630053,0.06
Toti António Gomes,Wolves,DEF,31,0.06,60.142857142857146,0.0,0.007349808265871325,0.06
Saša Kalajdžić,Wolves,FWD,31,0.06,0.0,0.0,0.0617797695262484,0.04000000000000001
Leon Chiwome,Wolves,FWD,31,0.06,0.0,0.0,0.0617797695262484,0.04000000000000001
Deivid Washington de Souza Eugênio,Chelsea,FWD,31,0.06,0.0,0.0,0.0617797695262484,0.04000000000000001
Lewis Dunk,Brighton,DEF,31,0.06,61.42857142857143,0.0,0.007349808265871325,0.06
Levi Colwill,Chelsea,DEF,31,0.06,85.71428571428571,0.0001939487975174554,0.007446782664630053,0.06
William Osula,Newcastle,FWD,31,0.06,1.9047619047619047,0.0,0.0617797695262484,0.04000000000000001
Sékou Mara,Southampton,FWD,31,0.06,0.0,0.0,0.0617797695262484,0.04000000000000001
Divin Mubama,Man City,FWD,31,0.06,0.0,0.0,0.0617797695262484,0.04000000000000001
Milos Kerkez,Bournemouth,DEF,31,0.06,86.52380952380952,0.0005510916546603125,0.007625354093201481,0.06
Ross Stewart,Southampton,FWD,31,0.06,6.190476190476191,0.0,0.0617797695262484,0.04000000000000001
Alejo Véliz,Spurs,FWD,31,0.06,0.0,0.0,0.0617797695262484,0.04000000000000001
Illia Zabarnyi,Bournemouth,DEF,31,0.06,90.0,0.0001939487975174554,0.007446782664630053,0.06
Kenny Tete,Fulham,DEF,31,0.06,60.095238095238095,0.0,0.007349808265871325,0.06
Conor Chaplin,Ipswich,MID,31,0.06,28.80952380952381,0.0029924242424242426,0.028220885831591238,0.05761904761904762
Andrew Robertson,Liverpool,DEF,31,0.06,72.15,0.0007495043530730108,0.007724560442407831,0.06
Jayden Danns,Liverpool,FWD,31,0.06,0.0,0.0,0.0617797695262484,0.04000000000000001
Patson Daka,Leicester,FWD,31,0.06,11.142857142857142,0.0,0.0617797695262484,0.04000000000000001
Remy Rees-Dottin,Bournemouth,FWD,31,0.06,0.0,0.0,0.0617797695262484,0.04000000000000001
Neal Maupay,Everton,FWD,31,0.06,0.0,0.0,0.0617797695262484,0.04000000000000001
Diogo Dalot Teixeira,Man Utd,DEF,31,0.06,84.0952380952381,0.0001939487975174554,0.007446782664630053,0.06
Carlos Vinícius Alves Morais,Fulham,FWD,31,0.06,0.14285714285714285,0.0,0.0617797695262484,0.04000000000000001
Yankuba Minteh,Brighton,MID,31,0.06,31.285714285714285,0.0035664335664335666,0.0285078904935959,0.06257142857142857
Emmanuel Agbadou,Wolves,DEF,31,0.06,90.0,0.0001939487975174554,0.007446782664630053,0.06
Victor Kristiansen,Leicester,DEF,31,0.06,75.0952380952381,0.0001939487975174554,0.007446782664630053,0.06
Kyle Walker-Peters,Southampton,DEF,31,0.06,80.47619047619048,0.0001939487975174554,0.007446782664630053,0.06
Pervis Estupiñán,Brighton,DEF,31,0.06,63.42857142857143,0.0001939487975174554,0.007446782664630053,0.06
Tino Livramento,Newcastle,DEF,31,0.06,66.61904761904762,0.0001939487975174554,0.007446782664630053,0.06
Manuel Akanji,Man City,DEF,31,0.06,69.33333333333333,0.0001939487975174554,0.007446782664630053,0.06
Destiny Udogie,Spurs,DEF,31,0.06,68.0952380952381,0.0001939487975174554,0.007446782664630053,0.06
Deniz Undav,Brighton,FWD,31,0.06,0.0,0.0,0.0617797695262484,0.04000000000000001
Marc Guéhi,Crystal Palace,DEF,31,0.06,85.71428571428571,0.0029717265752952334,0.008835671553518942,0.06
Ibrahima Konaté,Liverpool,DEF,31,0.06,56.45,0.0,0.007349808265871325,0.05645
Freddie Ladapo,Ipswich,FWD,31,0.06,0.0,0.0,0.0617797695262484,0.04000000000000001
Ivan Toney,Brentford,FWD,31,0.06,0.0,0.0,0.0617797695262484,0.04000000000000001
Nathan Collins,Brentford,DEF,31,0.06,90.0,0.05047136582493448,0.03258549117833857,0.06
Zach Marsh,Crystal Palace,FWD,31,0.06,0.0,0.0,0.0617797695262484,0.04000000000000001
Emerson Palmieri dos Santos,West Ham,DEF,31,0.06,68.14285714285714,0.0007766993802680381,0.007738157956005344,0.06
Pau Torres,Aston Villa,DEF,31,0.06,73.76190476190476,0.0001939487975174554,0.007446782664630053,0.06
Max Kilman,West Ham,DEF,31,0.06,86.57142857142857,0.0020770656806343383,0.008388341106188494,0.06
Tyler Adams,Bournemouth,MID,31,0.06,28.142857142857142,0.0,0.026724673710379118,0.056285714285714286
Gabriel dos Santos Magalhães,Arsenal,DEF,31,0.06,77.52380952380952,0.01386154917100018,0.014280582851371414,0.06
Martin Sherif,Everton,FWD,31,0.06,0.0,0.0,0.0617797695262484,0.04000000000000001
Ethan Pinnock,Brentford,DEF,31,0.06,68.57142857142857,0.0011939487975174553,0.007946782664630054,0.06
Armando Broja,Chelsea,FWD,31,0.06,0.0,0.0,0.0617797695262484,0.04000000000000001
Daniel Muñoz,Crystal Palace,DEF,31,0.06,81.61904761904762,0.022998002494716317,0.018848809513229484,0.06
Enes Ünal,Bournemouth,FWD,31,0.06,15.714285714285714,0.003352272727272727,0.06345590588988476,0.05238095238095239
Will Lankshear,Spurs,FWD,31,0.06,0.42857142857142855,0.0,0.0617797695262484,0.04000000000000001
Dan Burn,Newcastle,DEF,31,0.06,85.71428571428571,0.0001939487975174554,0.007446782664630053,0.06
William Saliba,Arsenal,DEF,31,0.06,82.80952380952381,0.0001939487975174554,0.007446782664630053,0.06
Odsonne Edouard,Leicester,FWD,31,0.06,1.368421052631579,0.0,0.0617797695262484,0.04000000000000001
Richarlison de Andrade,Spurs,FWD,31,0.06,4.714285714285714,0.0,0.0617797695262484,0.04000000000000001
Emmanuel Dennis,Nott'm Forest,FWD,31,0.06,0.0,0.0,0.0617797695262484,0.04000000000000001
Fábio Silva,Wolves,FWD,31,0.06,0.0,0.0,0.0617797695262484,0.04000000000000001
Paul Onuachu,Southampton,FWD,31,0.06,15.523809523809524,0.0,0.0617797695262484,0.051746031746031755
Ola Aina,Nott'm Forest,DEF,31,0.06,86.80952380952381,0.0001939487975174554,0.007446782664630053,0.06
Vitalii Mykolenko,Everton,DEF,31,0.06,77.75,0.0007495043530730108,0.007724560442407831,0.06
Tyrick Mitchell,Crystal Palace,DEF,31,0.06,86.76190476190476,0.0001939487975174554,0.007446782664630053,0.06
Evan Ferguson,Brighton,FWD,31,0.06,10.333333333333334,0.0,0.0617797695262484,0.04000000000000001
Daniel Jebbison,Bournemouth,FWD,31,0.06,1.5714285714285714,0.0,0.0617797695262484,0.04000000000000001
Jack Clarke,Ipswich,MID,31,0.06,27.842105263157894,0.001,0.027224673710379118,0.05568421052631579
George Hirst,Ipswich,FWD,31,0.06,8.571428571428571,0.0,0.0617797695262484,0.04000000000000001
Romelu Lukaku Bolingoli,Chelsea,FWD,31,0.06,0.0,0.0,0.0617797695262484,0.04000000000000001
Christian Eriksen,Man Utd,MID,31,0.06,29.952380952380953,0.0,0.026724673710379118,0.059904761904761905
Aaron Wan-Bissaka,West Ham,DEF,31,0.06,81.61904761904762,0.0007495043530730108,0.007724560442407831,0.06
Ali Al-Hamadi,Ipswich,FWD,31,0.06,5.9523809523809526,0.0,0.0617797695262484,0.04000000000000001
Mark O’Mahony,Brighton,FWD,31,0.06,0.0,0.0,0.0617797695262484,0.04000000000000001
Matheus Luiz Nunes,Man City,MID,31,0.06,29.38095238095238,0.0,0.026724673710379118,0.05876190476190476
Niclas Füllkrug,West Ham,FWD,31,0.06,17.428571428571427,0.0005827505827505828,0.062071144817623686,0.05809523809523809
Dara O'Shea,Ipswich,DEF,31,0.06,83.78947368421052,0.0001939487975174554,0.007446782664630053,0.06
Ethan Wheatley,Man Utd,FWD,31,0.06,0.0,0.0,0.0617797695262484,0.04000000000000001
Jay Stansfield,Fulham,FWD,31,0.06,0.047619047619047616,0.0,0.0617797695262484,0.04000000000000001
Nikola Milenković,Nott'm Forest,DEF,31,0.06,85.71428571428571,0.013296311712380372,0.013997964122061512,0.06
Armando Broja,Everton,FWD,31,0.06,8.666666666666666,0.0,0.0617797695262484,0.04000000000000001
Julián Álvarez,Man City,FWD,31,0.06,0.0,0.0,0.0617797695262484,0.04000000000000001
Taiwo Awoniyi,Nott'm Forest,FWD,31,0.06,10.428571428571429,0.0015656565656565658,0.06256259780907668,0.04000000000000001
Mathias Jensen,Brentford,MID,31,0.06,29.952380952380953,0.0,0.026724673710379118,0.059904761904761905
Fabian Schär,Newcastle,DEF,31,0.06,69.85714285714286,0.002693948797517455,0.008696782664630053,0.06
Youssef Ramalho Chermiti,Everton,FWD,31,0.06,0.0,0.0,0.0617797695262484,0.04000000000000001
David Datro Fofana,Chelsea,FWD,31,0.06,0.0,0.0,0.0617797695262484,0.04000000000000001
Nélson Cabral Semedo,Wolves,DEF,31,0.06,68.04761904761905,0.0001939487975174554,0.007446782664630053,0.06
Ashley Young,Everton,DEF,31,0.06,71.9,0.0001939487975174554,0.007446782664630053,0.06
Ezri Konsa Ngoyo,Aston Villa,DEF,31,0.06,77.66666666666667,0.0001939487975174554,0.007446782664630053,0.06
Noussair Mazraoui,Man Utd,DEF,31,0.06,76.19047619047619,0.0001939487975174554,0.007446782664630053,0.06
Leif Davis,Ipswich,DEF,31,0.06,90.0,0.00057856418213284,0.007639090356937745,0.06
Virgil van Dijk,Liverpool,DEF,31,0.06,90.0,0.006844922823491481,0.010772269677617066,0.06
Pedro Porro,Spurs,DEF,31,0.06,81.71428571428571,0.020126335854904514,0.017412976193323583,0.06
Joachim Andersen,Crystal Palace,DEF,31,0.06,90.0,0.0008791339827026407,0.007789375257222645,0.06
Konstantinos Mavropanos,West Ham,DEF,31,0.06,62.142857142857146,0.0,0.007349808265871325,0.06
Sepp van den Berg,Brentford,DEF,31,0.06,71.35,0.0001939487975174554,0.007446782664630053,0.06
Hwang Ui-jo,Nott'm Forest,FWD,31,0.06,0.0,0.0,0.0617797695262484,0.04000000000000001
Malo Gusto,Chelsea,DEF,31,0.06,58.95238095238095,0.0,0.007349808265871325,0.05895238095238095
Joško Gvardiol,Man City,DEF,31,0.06,83.42857142857143,0.052630515814729634,0.03366506617323614,0.06
Igor Thiago Nascimento Rodrigues,Brentford,FWD,31,0.06,6.142857142857143,0.001,0.0622797695262484,0.04000000000000001
Santiago Bueno,Wolves,DEF,31,0.05,54.76190476190476,0.001153846153846154,0.007926731342794402,0.05476190476190476
Hwang Hee-chan,Wolves,MID,31,0.05,25.714285714285715,0.0,0.026724673710379118,0.05142857142857143
Reiss Nelson,Fulham,MID,31,0.05,25.31578947368421,0.004381422924901185,0.02891538517282971,0.050631578947368416
Ross Barkley,Aston Villa,MID,31,0.05,25.904761904761905,0.005442028985507247,0.02944568820313274,0.05180952380952381
Sugawara Yukinari,Southampton,DEF,31,0.05,50.714285714285715,0.0,0.007349808265871325,0.05071428571428571
Jacob Greaves,Ipswich,DEF,31,0.05,51.42857142857143,0.0,0.007349808265871325,0.05142857142857143
Issa Diop,Fulham,DEF,31,0.05,50.714285714285715,0.0,0.007349808265871325,0.05071428571428571
Joe Willock,Newcastle,MID,31,0.05,26.095238095238095,0.0,0.026724673710379118,0.05219047619047619
Joachim Andersen,Fulham,DEF,31,0.05,52.65,0.0,0.007349808265871325,0.052649999999999995
Lesley Ugochukwu,Southampton,MID,31,0.05,26.9,0.0,0.026724673710379118,0.053799999999999994
Timo Werner,Spurs,MID,31,0.05,23.61904761904762,0.0,0.026724673710379118,0.04723809523809524
João Pedro Ferreira Silva,Nott'm Forest,MID,31,0.05,26.61904761904762,0.001,0.027224673710379118,0.05323809523809524
Matty Cash,Aston Villa,DEF,31,0.05,51.333333333333336,0.0,0.007349808265871325,0.051333333333333335
Radu Drăgușin,Spurs,DEF,31,0.05,53.095238095238095,0.0,0.007349808265871325,0.05309523809523809
Yehor Yarmoliuk,Brentford,MID,31,0.05,24.61904761904762,0.0009090909090909091,0.02717921916492457,0.04923809523809524
Kyle Walker,Man City,DEF,31,0.05,46.0,0.0,0.007349808265871325,0.046
Jarrad Branthwaite,Everton,DEF,31,0.05,49.8,0.0,0.007349808265871325,0.0498
Roméo Lavia,Chelsea,MID,31,0.05,25.238095238095237,0.002857142857142857,0.028153245138950546,0.05047619047619047
Craig Dawson,Wolves,DEF,31,0.05,46.142857142857146,0.0,0.007349808265871325,0.046142857142857145
Rodrigo Martins Gomes,Wolves,MID,31,0.05,24.952380952380953,0.0,0.026724673710379118,0.0499047619047619
Wesley Fofana,Chelsea,DEF,31,0.05,48.333333333333336,0.0,0.007349808265871325,0.04833333333333333
Jannik Vestergaard,Leicester,DEF,31,0.05,48.57142857142857,0.0,0.007349808265871325,0.04857142857142857
Rúben Gato Alves Dias,Man City,DEF,31,0.05,51.714285714285715,0.0,0.007349808265871325,0.05171428571428571
Jordan Ayew,Crystal Palace,MID,31,0.05,20.0,0.04387639443889443,0.04866287092982633,0.039999999999999994
Cristian Romero,Spurs,DEF,31,0.05,46.38095238095238,0.003181818181818182,0.008940717356780417,0.046380952380952384
Dean Huijsen,Bournemouth,DEF,31,0.05,46.19047619047619,0.005286541889483066,0.009993079210612859,0.04619047619047619
Simon Adingra,Brighton,MID,31,0.05,25.952380952380953,0.005189052795031056,0.029319200107894645,0.051904761904761905
Abdul Fatawu,Leicester,MID,31,0.05,27.428571428571427,0.0013333333333333333,0.027391340377045784,0.054857142857142854
Jack Grealish,Man City,MID,31,0.05,27.238095238095237,0.0,0.026724673710379118,0.05447619047619048
Neco Williams,Nott'm Forest,DEF,31,0.05,51.57142857142857,0.0,0.007349808265871325,0.05157142857142857
Adam Smith,Bournemouth,DEF,31,0.05,49.142857142857146,0.0,0.007349808265871325,0.04914285714285715
Álex Moreno Lopera,Nott'm Forest,DEF,31,0.04,39.4,0.0,0.007349808265871325,0.0394
Jean-Clair Todibo,West Ham,DEF,31,0.04,41.095238095238095,0.0,0.007349808265871325,0.041095238095238094
Jack Taylor,Ipswich,MID,31,0.04,17.80952380952381,0.0,0.026724673710379118,0.03561904761904762
Cameron Burgess,Ipswich,DEF,31,0.04,38.57142857142857,0.0,0.007349808265871325,0.03857142857142857
Michael Keane,Everton,DEF,31,0.04,40.5,0.0,0.007349808265871325,0.0405
Matt O'Riley,Brighton,MID,31,0.04,21.63157894736842,0.0013257575757575756,0.027387552498257906,0.043263157894736844
Micky van de Ven,Spurs,DEF,31,0.04,37.523809523809526,0.0,0.007349808265871325,0.03752380952380952
Cheick Doucouré,Crystal Palace,MID,31,0.04,21.095238095238095,0.00045454545454545455,0.026951946437651846,0.04219047619047619
Lucas Bergvall,Spurs,MID,31,0.04,17.714285714285715,0.0,0.026724673710379118,0.03542857142857143
Marcos Senesi,Bournemouth,DEF,31,0.04,43.666666666666664,0.0,0.007349808265871325,0.043666666666666666
João Félix Sequeira,Chelsea,MID,31,0.04,17.8,0.011082811813790075,0.03226607961727415,0.0356
Christopher Nkunku,Chelsea,MID,31,0.04,18.476190476190474,0.019093740427659867,0.03627154392420905,0.036952380952380945
Tommy Doyle,Wolves,MID,31,0.04,20.523809523809526,0.00045454545454545455,0.026951946437651846,0.04104761904761905
Jack Stephens,Southampton,DEF,31,0.04,37.76190476190476,0.0,0.007349808265871325,0.03776190476190476
Mats Wieffer,Brighton,MID,31,0.04,22.095238095238095,0.0,0.026724673710379118,0.04419047619047618
Mads Roerslev Rasmussen,Brentford,DEF,31,0.04,43.80952380952381,0.0,0.007349808265871325,0.043809523809523805
Diego Carlos Santos Silva,Aston Villa,DEF,31,0.04,39.42857142857143,0.0,0.007349808265871325,0.039428571428571424
Harry Maguire,Man Utd,DEF,31,0.04,38.76190476190476,0.0,0.007349808265871325,0.038761904761904754
Caleb Okoli,Leicester,DEF,31,0.04,38.04761904761905,0.0,0.007349808265871325,0.03804761904761905
Ben Brereton Díaz,Southampton,MID,31,0.04,21.238095238095237,0.00045454545454545455,0.026951946437651846,0.04247619047619047
Tim Iroegbunam,Everton,MID,31,0.04,19.05,0.0,0.026724673710379118,0.0381
Axel Tuanzebe,Ipswich,DEF,31,0.04,36.666666666666664,0.0,0.007349808265871325,0.03666666666666666
Jorge Luiz Frello Filho,Arsenal,MID,31,0.04,21.714285714285715,0.0,0.026724673710379118,0.04342857142857143
Luke Woolfenden,Ipswich,DEF,31,0.04,35.095238095238095,0.0,0.007349808265871325,0.035095238095238096
Matt Doherty,Wolves,DEF,31,0.04,42.42857142857143,0.0,0.007349808265871325,0.04242857142857143
Fábio Freitas Gouveia Carvalho,Brentford,MID,31,0.04,19.904761904761905,0.0038888888888888888,0.02866911815482356,0.03980952380952381
Igor Julio dos Santos de Paulo,Brighton,DEF,31,0.04,42.857142857142854,0.0,0.007349808265871325,0.04285714285714285
James Ward-Prowse,Nott'm Forest,MID,31,0.04,20.842105263157894,0.00045454545454545455,0.026951946437651846,0.04168421052631578
Ramón Sosa,Nott'm Forest,MID,31,0.03,10.55,0.0,0.026724673710379118,0.024
Ryan Fraser,Southampton,MID,31,0.03,15.842105263157896,0.0,0.026724673710379118,0.03168421052631579
Scott McTominay,Man Utd,MID,31,0.03,0.8095238095238095,0.0,0.026724673710379118,0.024
Diego Gómez,Brighton,MID,31,0.03,0.0,0.0,0.026724673710379118,0.024
Kaden Rodney,Crystal Palace,MID,31,0.03,0.0,0.0,0.026724673710379118,0.024
Asher Agbinone,Crystal Palace,MID,31,0.03,0.21052631578947367,0.0,0.026724673710379118,0.024
Chiedozie Ogbene,Ipswich,MID,31,0.03,12.473684210526315,0.0,0.026724673710379118,0.024947368421052628
Vladimír Coufal,West Ham,DEF,31,0.03,27.047619047619047,0.0019090909090909091,0.00830435372041678,0.027047619047619046
Julio Enciso,Brighton,MID,31,0.03,13.571428571428571,0.0016090367965367967,0.027529192108647516,0.027142857142857142
Jamaldeen Jimoh,Aston Villa,MID,31,0.03,0.0,0.0,0.026724673710379118,0.024
Cameron Humphreys,Ipswich,MID,31,0.03,0.0,0.0,0.026724673710379118,0.024
Stefan Bajčetić Maquieira,Liverpool,MID,31,0.03,0.0,0.0,0.026724673710379118,0.024
Dominic Sadi,Bournemouth,MID,31,0.03,0.0,0.0,0.026724673710379118,0.024
Gustavo Nunes Fernandes Gomes,Brentford,MID,31,0.03,0.0,0.0,0.026724673710379118,0.024
Justin Devenny,Crystal Palace,MID,31,0.03,12.578947368421053,0.0,0.026724673710379118,0.025157894736842105
Enzo Barrenechea,Aston Villa,MID,31,0.03,0.0,0.0,0.026724673710379118,0.024
Salah-Eddine Oulad M'hand,Arsenal,MID,31,0.03,0.0,0.0,0.026724673710379118,0.024
Maxwel Cornet,Southampton,MID,31,0.03,3.736842105263158,0.0,0.026724673710379118,0.024
Federico Chiesa,Liverpool,MID,31,0.03,1.0,0.0,0.026724673710379118,0.024
Boubacar Traoré,Wolves,MID,31,0.03,0.0,0.0,0.026724673710379118,0.024
James Milner,Brighton,MID,31,0.03,8.047619047619047,0.0005,0.026974673710379118,0.024
Ryan Trevitt,Brentford,MID,31,0.03,0.14285714285714285,0.0,0.026724673710379118,0.024
Franco Umeh-Chibueze,Crystal Palace,MID,31,0.03,0.0,0.0,0.026724673710379118,0.024
Jeremy Sarmiento Morante,Brighton,MID,31,0.03,0.38095238095238093,0.0,0.026724673710379118,0.024
Naouirou Ahamada,Crystal Palace,MID,31,0.03,0.0,0.0,0.026724673710379118,0.024
George Earthy,West Ham,MID,31,0.03,0.0,0.0,0.026724673710379118,0.024
Adam Lallana,Southampton,MID,31,0.03,15.333333333333334,0.0,0.026724673710379118,0.03066666666666667
Tawanda Chirewa,Wolves,MID,31,0.03,0.0,0.0,0.026724673710379118,0.024
Renato Palma Veiga,Chelsea,MID,31,0.03,8.380952380952381,0.0,0.026724673710379118,0.024
Mykhailo Mudryk,Chelsea,MID,31,0.03,6.904761904761905,0.0,0.026724673710379118,0.024
Paris Maghoma,Brentford,MID,31,0.03,6.166666666666667,0.0,0.026724673710379118,0.024
Jayce Fitzgerald,Man Utd,MID,31,0.03,0.0,0.0,0.026724673710379118,0.024
David Brooks,Bournemouth,MID,31,0.03,16.0,0.0,0.026724673710379118,0.032
Will Smallbone,Southampton,MID,31,0.03,12.714285714285714,0.0,0.026724673710379118,0.02542857142857143
Jacob Wright,Man City,MID,31,0.03,0.0,0.0,0.026724673710379118,0.024
Solly March,Brighton,MID,31,0.03,0.09523809523809523,0.0,0.026724673710379118,0.024
Manor Solomon,Spurs,MID,31,0.03,0.0,0.0,0.026724673710379118,0.024
Jack Fletcher,Man Utd,MID,31,0.03,0.0,0.0,0.026724673710379118,0.024
Andrew Moran,Brighton,MID,31,0.03,0.0,0.0,0.026724673710379118,0.024
Tyler Morton,Liverpool,MID,31,0.03,0.0,0.0,0.026724673710379118,0.024
Matheus França de Oliveira,Crystal Palace,MID,31,0.03,0.0,0.0,0.026724673710379118,0.024
Tony Yogane,Brentford,MID,31,0.03,0.0,0.0,0.026724673710379118,0.024
Carlos Roberto Forbs Borges,Wolves,MID,31,0.03,13.055555555555555,0.0,0.026724673710379118,0.02611111111111111
Benjamin White,Arsenal,DEF,31,0.03,33.04761904761905,0.0,0.007349808265871325,0.03304761904761905
Nathan Wood-Gordon,Southampton,DEF,31,0.03,27.476190476190474,0.0,0.007349808265871325,0.027476190476190473
Reiss Nelson,Arsenal,MID,31,0.03,1.0,0.0,0.026724673710379118,0.024
Ismeal Kabia,Arsenal,MID,31,0.03,0.0,0.0,0.026724673710379118,0.024
Tosin Adarabioyo,Chelsea,DEF,31,0.03,30.476190476190474,0.0,0.007349808265871325,0.030476190476190473
Lewis Miley,Newcastle,MID,31,0.03,0.8571428571428571,0.0,0.026724673710379118,0.024
Kadan Young,Aston Villa,MID,31,0.03,0.0,0.0,0.026724673710379118,0.024
Ibrahim Osman,Brighton,MID,31,0.03,0.0,0.0,0.026724673710379118,0.024
Raheem Sterling,Arsenal,MID,31,0.03,10.736842105263158,0.0,0.026724673710379118,0.024
Jaidon Anthony,Bournemouth,MID,31,0.03,0.0,0.0,0.026724673710379118,0.024
Kamaldeen Sulemana,Southampton,MID,31,0.03,11.714285714285714,0.0,0.026724673710379118,0.024
Hamed Traorè,Bournemouth,MID,31,0.03,0.0,0.0,0.026724673710379118,0.024
Samuel Iling-Junior,Aston Villa,MID,31,0.03,0.0,0.0,0.026724673710379118,0.024
Giovani Lo Celso,Spurs,MID,31,0.03,0.0,0.0,0.026724673710379118,0.024
Pierre-Emile Højbjerg,Spurs,MID,31,0.03,0.0,0.0,0.026724673710379118,0.024
Myles Lewis-Skelly,Arsenal,MID,31,0.03,15.619047619047619,0.0,0.026724673710379118,0.03123809523809524
Pablo Sarabia,Wolves,MID,31,0.03,9.428571428571429,0.0003333333333333333,0.026891340377045783,0.024
Bryan Gil Salvatierra,Spurs,MID,31,0.03,0.0,0.0,0.026724673710379118,0.024
Raheem Sterling,Chelsea,MID,31,0.03,0.0,0.0,0.026724673710379118,0.024
Henry Cartwright,Leicester,MID,31,0.03,0.0,0.0,0.026724673710379118,0.024
Jakub Moder,Brighton,MID,31,0.03,0.42857142857142855,0.0,0.026724673710379118,0.024
Samuel Rak-Sakyi,Chelsea,MID,31,0.03,0.0,0.0,0.026724673710379118,0.024
David Ozoh,Crystal Palace,MID,31,0.03,0.0,0.0,0.026724673710379118,0.024
Kristoffer Ajer,Brentford,DEF,31,0.03,34.142857142857146,0.0,0.007349808265871325,0.03414285714285715
Danilo dos Santos de Oliveira,Nott'm Forest,MID,31,0.03,0.6666666666666666,0.0,0.026724673710379118,0.024
Lewis Orford,West Ham,MID,31,0.03,0.0,0.0,0.026724673710379118,0.024
Josh Acheampong,Chelsea,DEF,31,0.03,26.666666666666668,0.0,0.007349808265871325,0.02666666666666667
Jenson Metcalfe,Everton,MID,31,0.03,0.0,0.0,0.026724673710379118,0.024
Tyrique George,Chelsea,MID,31,0.03,0.0,0.0,0.026724673710379118,0.024
Joseph O'Brien-Whitmarsh,Southampton,MID,31,0.03,0.0,0.0,0.026724673710379118,0.024
Luca Williams-Barnett,Spurs,MID,31,0.03,0.0,0.0,0.026724673710379118,0.024
Ben Winterburn,Bournemouth,MID,31,0.03,0.8888888888888888,0.0,0.026724673710379118,0.024
Treymaurice Nyoni,Liverpool,MID,31,0.03,0.0,0.0,0.026724673710379118,0.024
Tom Edozie,Wolves,MID,31,0.03,0.0,0.0,0.026724673710379118,0.024
James McConnell,Liverpool,MID,31,0.03,0.0,0.0,0.026724673710379118,0.024
Ben Broggio,Aston Villa,MID,31,0.03,0.0,0.0,0.026724673710379118,0.024
Callum Olusesi,Spurs,MID,31,0.03,0.0,0.0,0.026724673710379118,0.024
Callum Bates,Everton,MID,31,0.03,0.0,0.0,0.026724673710379118,0.024
Carlos Alcaraz Durán,Southampton,MID,31,0.03,0.42857142857142855,0.0,0.026724673710379118,0.024
Oscar Bobb,Man City,MID,31,0.03,0.0,0.0,0.026724673710379118,0.024
Alex Scott,Bournemouth,MID,31,0.03,12.285714285714286,0.0,0.026724673710379118,0.024571428571428574
James McAtee,Man City,MID,31,0.03,1.8571428571428572,0.0,0.026724673710379118,0.024
Min-Hyeok Yang,Spurs,MID,31,0.03,0.0,0.0,0.026724673710379118,0.024
Alex Mighten,Nott'm Forest,MID,31,0.03,0.0,0.0,0.026724673710379118,0.024
Chris Richards,Crystal Palace,DEF,31,0.03,33.95238095238095,0.0,0.007349808265871325,0.03395238095238095
Cesare Casadei,Chelsea,MID,31,0.03,0.0,0.0,0.026724673710379118,0.024
Jaden Philogene,Aston Villa,MID,31,0.03,15.476190476190476,0.0,0.026724673710379118,0.030952380952380953
Luis Sinisterra,Bournemouth,MID,31,0.03,9.666666666666666,0.00450487012987013,0.028977108775314182,0.024
Lesley Ugochukwu,Chelsea,MID,31,0.03,0.0,0.0,0.026724673710379118,0.024
Frank Onyeka,Brentford,MID,31,0.03,1.0952380952380953,0.0,0.026724673710379118,0.024
Facundo Pellistri Rebollo,Man Utd,MID,31,0.03,0.0,0.0,0.026724673710379118,0.024
Ryan Manning,Southampton,DEF,31,0.03,31.80952380952381,0.0,0.007349808265871325,0.03180952380952381
Josh King,Fulham,MID,31,0.03,3.6666666666666665,0.0,0.026724673710379118,0.024
Wanya Marçal-Madivádua,Leicester,MID,31,0.03,0.0,0.0,0.026724673710379118,0.024
Leander Dendoncker,Aston Villa,MID,31,0.03,0.0,0.0,0.026724673710379118,0.024
Riccardo Calafiori,Arsenal,DEF,31,0.03,33.523809523809526,0.002857142857142857,0.008778379694442754,0.033523809523809525
Luke Cundle,Wolves,MID,31,0.03,0.0,0.0,0.026724673710379118,0.024
Lewis O'Brien,Nott'm Forest,MID,31,0.03,0.0,0.0,0.026724673710379118,0.024
Hamza Choudhury,Leicester,MID,31,0.03,6.142857142857143,0.0,0.026724673710379118,0.024
Endo Wataru,Liverpool,MID,31,0.03,2.8,0.0,0.026724673710379118,0.024
Fábio Ferreira Vieira,Arsenal,MID,31,0.03,0.0,0.0,0.026724673710379118,0.024
Oliver Skipp,Spurs,MID,31,0.03,0.0,0.0,0.026724673710379118,0.024
Jesurun Rak-Sakyi,Crystal Palace,MID,31,0.03,0.0,0.0,0.026724673710379118,0.024
Billy Gilmour,Brighton,MID,31,0.03,4.619047619047619,0.0,0.026724673710379118,0.024
Harrison Reed,Fulham,MID,31,0.03,2.5714285714285716,0.0,0.026724673710379118,0.024
Maxwel Cornet,West Ham,MID,31,0.03,0.0,0.0,0.026724673710379118,0.024
Andy Irving,West Ham,MID,31,0.03,3.9523809523809526,0.0,0.026724673710379118,0.024
Kiernan Dewsbury-Hall,Chelsea,MID,31,0.03,2.6666666666666665,0.0,0.026724673710379118,0.024
Antony Matheus dos Santos,Man Utd,MID,31,0.03,6.142857142857143,0.000625,0.027037173710379118,0.024
Rodrigo 'Rodri' Hernandez,Man City,MID,31,0.03,3.0952380952380953,0.0,0.026724673710379118,0.024
Brajan Gruda,Brighton,MID,31,0.03,15.095238095238095,0.0,0.026724673710379118,0.030190476190476188
Joe Gomez,Liverpool,DEF,31,0.03,25.85,0.0,0.007349808265871325,0.02585
Philip Billing,Bournemouth,MID,31,0.03,8.380952380952381,0.0013333333333333333,0.027391340377045784,0.024
Pascal Groß,Brighton,MID,31,0.03,0.0,0.0,0.026724673710379118,0.024
Toby Collyer,Man Utd,MID,31,0.03,3.857142857142857,0.0,0.026724673710379118,0.024
Ben Doak,Liverpool,MID,31,0.03,0.0,0.0,0.026724673710379118,0.024
Mason Mount,Man Utd,MID,31,0.03,11.571428571428571,0.0,0.026724673710379118,0.024
Amario Cozier-Duberry,Brighton,MID,31,0.03,0.0,0.0,0.026724673710379118,0.024
Martial Godo,Fulham,MID,31,0.03,0.6666666666666666,0.0,0.026724673710379118,0.024
Daniel Castelo Podence,Wolves,MID,31,0.03,2.1904761904761907,0.0,0.026724673710379118,0.024
Ryan Fraser,Newcastle,MID,31,0.03,0.0,0.0,0.026724673710379118,0.024
Ângelo Gabriel Borges Damaceno,Chelsea,MID,31,0.03,0.0,0.0,0.026724673710379118,0.024
Omari Kellyman,Chelsea,MID,31,0.03,0.0,0.0,0.026724673710379118,0.024
Lewis Dobbin,Aston Villa,MID,31,0.03,0.0,0.0,0.026724673710379118,0.024
James Garner,Everton,MID,31,0.03,12.55,0.0,0.026724673710379118,0.0251
Miguel Almirón Rejala,Newcastle,MID,31,0.03,7.0476190476190474,0.0,0.026724673710379118,0.024
Bobby Clark,Liverpool,MID,31,0.03,0.0,0.0,0.026724673710379118,0.024
Joe White,Newcastle,MID,31,0.03,0.0,0.0,0.026724673710379118,0.024
Josh Bowler,Nott'm Forest,MID,31,0.03,0.0,0.0,0.026724673710379118,0.024
Bobby De Cordova-Reid,Leicester,MID,31,0.03,12.952380952380953,0.0,0.026724673710379118,0.025904761904761906
Nathan Broadhead,Ipswich,MID,31,0.03,14.380952380952381,0.0,0.026724673710379118,0.028761904761904763
Cameron Peupion,Brighton,MID,31,0.03,0.0,0.0,0.026724673710379118,0.024
Timothy Castagne,Fulham,DEF,31,0.03,29.904761904761905,0.002857142857142857,0.008778379694442754,0.029904761904761903
Jadon Sancho,Man Utd,MID,31,0.03,0.0,0.0,0.026724673710379118,0.024
Shea Charles,Southampton,MID,31,0.03,0.0,0.0,0.026724673710379118,0.024
Josh Dasilva,Brentford,MID,31,0.03,0.0,0.0,0.026724673710379118,0.024
Samuel Edozie,Southampton,MID,31,0.03,3.0476190476190474,0.0,0.026724673710379118,0.024
Massimo Luongo,Ipswich,MID,31,0.03,6.809523809523809,0.0,0.026724673710379118,0.024
Harvey Elliott,Liverpool,MID,31,0.03,2.15,0.0,0.026724673710379118,0.024
Garang Kuol,Newcastle,MID,31,0.03,0.0,0.0,0.026724673710379118,0.024
Andrey Nascimento dos Santos,Chelsea,MID,31,0.03,0.0,0.0,0.026724673710379118,0.024
Myles Peart-Harris,Brentford,MID,31,0.03,0.0,0.0,0.026724673710379118,0.024
Mahmoud Dahoud,Brighton,MID,31,0.03,0.0,0.0,0.026724673710379118,0.024
Nico O'Reilly,Man City,MID,31,0.03,0.0,0.0,0.026724673710379118,0.024
Ethan Brierley,Brentford,MID,31,0.03,0.0,0.0,0.026724673710379118,0.024
Moussa Diaby,Aston Villa,MID,31,0.03,0.0,0.0,0.026724673710379118,0.024
Alfie Devine,Spurs,MID,31,0.03,0.0,0.0,0.026724673710379118,0.024
Benicio Baker-Boaitey,Brighton,MID,31,0.03,0.0,0.0,0.026724673710379118,0.024
Will Alves,Leicester,MID,31,0.03,0.047619047619047616,0.0,0.026724673710379118,0.024
Conor Gallagher,Chelsea,MID,31,0.03,0.0,0.0,0.026724673710379118,0.024
Francisco Jorge Tomás Oliveira,Wolves,MID,31,0.03,0.2857142857142857,0.0,0.026724673710379118,0.024
Kacper Kozłowski,Brighton,MID,31,0.03,0.0,0.0,0.026724673710379118,0.024
Yunus Emre Konak,Brentford,MID,31,0.03,0.9047619047619048,0.0,0.026724673710379118,0.024
Adrian Mazilu,Brighton,MID,31,0.03,0.0,0.0,0.026724673710379118,0.024
Ben Johnson,Ipswich,DEF,31,0.03,31.952380952380953,0.0,0.007349808265871325,0.031952380952380954
Ibrahim Sangaré,Nott'm Forest,MID,31,0.03,10.095238095238095,0.0,0.026724673710379118,0.024
Enso González,Wolves,MID,31,0.03,0.0,0.0,0.026724673710379118,0.024
Ethan Nwaneri,Arsenal,MID,31,0.03,10.952380952380953,0.0,0.026724673710379118,0.024
Emiliano Buendía Stati,Aston Villa,MID,31,0.03,3.380952380952381,0.0,0.026724673710379118,0.024
Kasey McAteer,Leicester,MID,31,0.03,16.857142857142858,0.0,0.026724673710379118,0.03371428571428571
Isaac Hayden,Newcastle,MID,31,0.03,0.0,0.0,0.026724673710379118,0.024
Hannibal Mejbri,Man Utd,MID,31,0.03,0.0,0.0,0.026724673710379118,0.024
Wilson Odobert,Spurs,MID,31,0.03,7.619047619047619,0.0013333333333333333,0.027391340377045784,0.024
Luke Harris,Fulham,MID,31,0.03,0.0,0.0,0.026724673710379118,0.024
Conor Coady,Leicester,DEF,31,0.03,33.904761904761905,0.0,0.007349808265871325,0.0339047619047619
Jeffrey Schlupp,Crystal Palace,MID,31,0.03,4.476190476190476,0.0,0.026724673710379118,0.024
Nathan Aké,Man City,DEF,31,0.03,28.61904761904762,0.0,0.007349808265871325,0.02861904761904762
Marcus Myers-Harness,Ipswich,MID,31,0.03,2.0476190476190474,0.0,0.026724673710379118,0.024
Malcolm Ebiowei,Crystal Palace,MID,31,0.03,0.0,0.0,0.026724673710379118,0.024
Carney Chukwuemeka,Chelsea,MID,31,0.03,0.0,0.0,0.026724673710379118,0.024
Harrison Armstrong,Everton,MID,31,0.03,2.35,0.0,0.026724673710379118,0.024
Joe Hodge,Wolves,MID,31,0.03,0.0,0.0,0.026724673710379118,0.024
Michael Golding,Leicester,MID,31,0.03,0.0,0.0,0.026724673710379118,0.024
Luis Guilherme Lira dos Santos,West Ham,MID,31,0.03,1.8095238095238095,0.0,0.026724673710379118,0.024
Eric da Silva Moreira,Nott'm Forest,MID,31,0.03,1.3333333333333333,0.0,0.026724673710379118,0.024
Romain Faivre,Bournemouth,MID,31,0.03,0.0,0.0,0.026724673710379118,0.024
Tom Cairney,Fulham,MID,31,0.03,17.476190476190474,0.0,0.026724673710379118,0.03495238095238095
Samuel Amo-Ameyaw,Southampton,MID,31,0.03,1.2380952380952381,0.0,0.026724673710379118,0.024
Mikey Moore,Spurs,MID,31,0.03,3.9047619047619047,0.0,0.026724673710379118,0.024
James Ward-Prowse,West Ham,MID,31,0.03,8.0,0.0005,0.026974673710379118,0.024
Tyrone Mings,Aston Villa,DEF,31,0.02,16.19047619047619,0.0,0.007349808265871325,0.01619047619047619
James Bree,Southampton,DEF,31,0.02,19.0,0.0,0.007349808265871325,0.019
Jakub Kiwior,Arsenal,DEF,31,0.02,15.380952380952381,0.0,0.007349808265871325,0.015380952380952382
Tariq Lamptey,Brighton,DEF,31,0.02,16.523809523809526,0.0,0.007349808265871325,0.016523809523809524
Leny Yoro,Man Utd,DEF,31,0.02,15.619047619047619,0.00041666666666666664,0.007558141599204658,0.01561904761904762
Julián Araujo Zúñiga,Bournemouth,DEF,31,0.02,16.761904761904763,0.0,0.007349808265871325,0.016761904761904763
Ferdi Kadioglu,Brighton,DEF,31,0.02,20.263157894736842,0.00045454545454545455,0.007577080993144052,0.02026315789473684
Axel Disasi,Chelsea,DEF,31,0.02,16.666666666666668,0.0,0.007349808265871325,0.016666666666666666
Kieran Trippier,Newcastle,DEF,31,0.02,22.952380952380953,0.0,0.007349808265871325,0.022952380952380953
Felipe Rodrigues da Silva,Nott'm Forest,DEF,31,0.02,21.833333333333332,0.0,0.007349808265871325,0.021833333333333333
Harry Clarke,Ipswich,DEF,31,0.02,17.952380952380953,0.0,0.007349808265871325,0.017952380952380952
John Stones,Man City,DEF,31,0.02,15.619047619047619,0.0,0.007349808265871325,0.01561904761904762
Nathaniel Clyne,Crystal Palace,DEF,31,0.02,18.523809523809526,0.0,0.007349808265871325,0.018523809523809522
Yerson Mosquera,Wolves,DEF,31,0.02,21.0,0.00045454545454545455,0.007577080993144052,0.020999999999999998
Djed Spence,Spurs,DEF,31,0.02,23.80952380952381,0.0,0.007349808265871325,0.02380952380952381
Ezra Mayers,West Ham,DEF,31,0.01,0.0,0.0,0.007349808265871325,0.012
Alfie Pond,Wolves,DEF,31,0.01,0.0625,0.0,0.007349808265871325,0.012
Alex Murphy,Newcastle,DEF,31,0.01,0.0,0.0,0.007349808265871325,0.012
Maldini Kacurri,Arsenal,DEF,31,0.01,0.0,0.0,0.007349808265871325,0.012
Jonny Evans,Man Utd,DEF,31,0.01,13.714285714285714,0.0,0.007349808265871325,0.013714285714285714
Antonín Kinsky,Spurs,GK,31,0.01,90.0,0.0,0.0,0.01
Kaine Kesler-Hayden,Aston Villa,DEF,31,0.01,0.0,0.0,0.007349808265871325,0.012
Welington Damascena Santos,Southampton,DEF,31,0.01,0.0,0.0,0.007349808265871325,0.012
Issa Kaboré,Man City,DEF,31,0.01,0.0,0.0,0.007349808265871325,0.012
Jayden Meghoma,Brentford,DEF,31,0.01,0.2222222222222222,0.0,0.007349808265871325,0.012
Ryan Sessegnon,Fulham,DEF,31,0.01,0.23809523809523808,0.0,0.007349808265871325,0.012
Rob Holding,Crystal Palace,DEF,31,0.01,0.0,0.0,0.007349808265871325,0.012
Mads Hermansen,Leicester,GK,31,0.01,66.42857142857143,0.0007142857142857143,0.00035714285714285714,0.01
Rico Henry,Brentford,DEF,31,0.01,0.14285714285714285,0.0,0.007349808265871325,0.012
Joel Ward,Crystal Palace,DEF,31,0.01,0.0,0.0,0.007349808265871325,0.012
Josh Nichols,Arsenal,DEF,31,0.01,0.0,0.0,0.007349808265871325,0.012
Joachim Kayi-Sanda,Southampton,DEF,31,0.01,0.0,0.0,0.007349808265871325,0.012
Caleb Kporha,Crystal Palace,DEF,31,0.01,0.7333333333333333,0.0,0.007349808265871325,0.012
Matai Akinmboni,Bournemouth,DEF,31,0.01,0.0,0.0,0.007349808265871325,0.012
Jahmai Simpson-Pusey,Man City,DEF,31,0.01,7.916666666666667,0.0,0.007349808265871325,0.012
José Malheiro de Sá,Wolves,GK,31,0.01,60.0,0.0,0.0,0.01
Ollie Scarles,West Ham,DEF,31,0.01,3.909090909090909,0.0,0.007349808265871325,0.012
Harry Amass,Man Utd,DEF,31,0.01,0.0,0.0,0.007349808265871325,0.012
Josh Wilson-Esbrand,Man City,DEF,31,0.01,0.0,0.0,0.007349808265871325,0.012
Julio Soler,Bournemouth,DEF,31,0.01,0.0,0.0,0.007349808265871325,0.012
Séamus Coleman,Everton,DEF,31,0.01,9.8,0.00041666666666666664,0.007558141599204658,0.012
George Edmundson,Ipswich,DEF,31,0.01,0.047619047619047616,0.0,0.007349808265871325,0.012
Tomiyasu Takehiro,Arsenal,DEF,31,0.01,0.2857142857142857,0.0,0.007349808265871325,0.012
Imari Samuels,Brighton,DEF,31,0.01,0.0,0.0,0.007349808265871325,0.012
Ben Godfrey,Ipswich,DEF,31,0.01,0.0,0.0,0.007349808265871325,0.012
Roman Dixon,Everton,DEF,31,0.01,4.7368421052631575,0.0,0.007349808265871325,0.012
João Cavaco Cancelo,Man City,DEF,31,0.01,0.0,0.0,0.007349808265871325,0.012
Wes Okoduwa,Wolves,DEF,31,0.01,0.0,0.0,0.007349808265871325,0.012
Joe Worrall,Nott'm Forest,DEF,31,0.01,0.0,0.0,0.007349808265871325,0.012
Thomas Wilson-Brown,Leicester,DEF,31,0.01,0.0,0.0,0.007349808265871325,0.012
Benoît Badiashile,Chelsea,DEF,31,0.01,11.761904761904763,0.0,0.007349808265871325,0.012
Jacob Slater,Brighton,DEF,31,0.01,0.0,0.0,0.007349808265871325,0.012
Adam Webster,Brighton,DEF,31,0.01,7.809523809523809,0.0,0.007349808265871325,0.012
Samuel Amissah,Fulham,DEF,31,0.01,0.0,0.0,0.007349808265871325,0.012
Alphonse Areola,West Ham,GK,31,0.01,43.285714285714285,0.0,0.0,0.007214285714285715
Bastien Meupiyou,Wolves,DEF,31,0.01,0.0,0.0,0.007349808265871325,0.012
Ruairi McConville,Brighton,DEF,31,0.01,0.0,0.0,0.007349808265871325,0.012
Amara Nallo,Liverpool,DEF,31,0.01,0.0,0.0,0.007349808265871325,0.012
Godwill Kukonki,Man Utd,DEF,31,0.01,0.0,0.0,0.007349808265871325,0.012
Max Kinsey,Bournemouth,DEF,31,0.01,0.0,0.0,0.007349808265871325,0.012
Kaelan Casey,West Ham,DEF,31,0.01,0.05263157894736842,0.0,0.007349808265871325,0.012
Miodrag Pivaš,Newcastle,DEF,31,0.01,0.0,0.0,0.007349808265871325,0.012
Luke Thomas,Leicester,DEF,31,0.01,8.523809523809524,0.0,0.007349808265871325,0.012
Sil Swinkels,Aston Villa,DEF,31,0.01,0.0,0.0,0.007349808265871325,0.012
Maeson King,Spurs,DEF,31,0.01,0.0,0.0,0.007349808265871325,0.012
Alfie Dorrington,Spurs,DEF,31,0.01,2.1666666666666665,0.0,0.007349808265871325,0.012
Zach Abbott,Nott'm Forest,DEF,31,0.01,0.0,0.0,0.007349808265871325,0.012
Arijanet Muric,Ipswich,GK,31,0.01,72.85714285714286,0.002109002109002109,0.0010545010545010545,0.01
Caoimhin Kelleher,Liverpool,GK,31,0.01,36.0,0.0015384615384615385,0.0007692307692307692,0.006
Odeluga Offiah,Brighton,DEF,31,0.01,0.0,0.0,0.007349808265871325,0.012
Lino da Cruz Sousa,Aston Villa,DEF,31,0.01,0.0,0.0,0.007349808265871325,0.012
Aaron Ramsdale,Southampton,GK,31,0.01,66.3157894736842,0.0007142857142857143,0.00035714285714285714,0.01
Malachi Hardy,Spurs,DEF,31,0.01,0.0,0.0,0.007349808265871325,0.012
Benjamin Arthur,Brentford,DEF,31,0.01,0.0,0.0,0.007349808265871325,0.012
Emerson Leite de Souza Junior,Spurs,DEF,31,0.01,0.0,0.0,0.007349808265871325,0.012
Sam Johnstone,Wolves,GK,31,0.01,33.1578947368421,0.0,0.0,0.005526315789473684
Max Alleyne,Man City,DEF,31,0.01,0.0,0.0,0.007349808265871325,0.012
Archie Harris,Bournemouth,DEF,31,0.01,0.0,0.0,0.007349808265871325,0.012
Ayden Heaven,Arsenal,DEF,31,0.01,0.0,0.0,0.007349808265871325,0.012
Kepa Arrizabalaga,Bournemouth,GK,31,0.01,66.3157894736842,0.0017142857142857142,0.0008571428571428571,0.01
Trevoh Chalobah,Chelsea,DEF,31,0.01,0.0,0.0,0.007349808265871325,0.012
Tim Ream,Fulham,DEF,31,0.01,0.0,0.0,0.007349808265871325,0.012
Ian Maatsen,Aston Villa,DEF,31,0.01,14.428571428571429,0.0,0.007349808265871325,0.014428571428571428
James Hill,Bournemouth,DEF,31,0.01,8.380952380952381,0.0005,0.007599808265871325,0.012
Mason Holgate,Everton,DEF,31,0.01,0.25,0.0,0.007349808265871325,0.012
Ashley Phillips,Spurs,DEF,31,0.01,0.0,0.0,0.007349808265871325,0.012
Emiliano Martínez Romero,Aston Villa,GK,31,0.01,87.85714285714286,0.0,0.0,0.01
Konstantinos Tsimikas,Liverpool,DEF,31,0.01,13.65,0.0,0.007349808265871325,0.01365
Pedro Cardoso de Lima,Wolves,DEF,31,0.01,2.761904761904762,0.0,0.007349808265871325,0.012
Łukasz Fabiański,West Ham,GK,31,0.01,46.666666666666664,0.0,0.0,0.007777777777777778
Nick Pope,Newcastle,GK,31,0.01,64.28571428571429,0.0022527472527472526,0.0011263736263736263,0.01
Chadi Riad Dnanou,Crystal Palace,DEF,31,0.01,4.285714285714286,0.0,0.007349808265871325,0.012
Mathias Jorgensen,Brentford,DEF,31,0.01,0.0,0.0,0.007349808265871325,0.012
Kurt Zouma,West Ham,DEF,31,0.01,0.0,0.0,0.007349808265871325,0.012
Harry Souttar,Leicester,DEF,31,0.01,0.0,0.0,0.007349808265871325,0.012
Ben Nelson,Leicester,DEF,31,0.01,0.0,0.0,0.007349808265871325,0.012
Álex Moreno Lopera,Aston Villa,DEF,31,0.01,0.0,0.0,0.007349808265871325,0.012
Tyrell Malacia,Man Utd,DEF,31,0.01,4.285714285714286,0.0,0.007349808265871325,0.012
Norberto Murara Neto,Bournemouth,GK,31,0.01,90.0,0.0,0.0,0.01
Nathaniel Phillips,Liverpool,DEF,31,0.01,0.0,0.0,0.007349808265871325,0.012
Kim Ji-soo,Brentford,DEF,31,0.01,1.2857142857142858,0.0,0.007349808265871325,0.012
Ben Davies,Spurs,DEF,31,0.01,12.857142857142858,0.0,0.007349808265871325,0.012857142857142857
Guglielmo Vicario,Spurs,GK,31,0.01,51.42857142857143,0.0,0.0,0.008571428571428572
André Onana,Man Utd,GK,31,0.01,90.0,0.0,0.0,0.01
Jamal Lewis,Newcastle,DEF,31,0.01,0.0,0.0,0.007349808265871325,0.012
Matt Targett,Newcastle,DEF,31,0.01,0.5714285714285714,0.0,0.007349808265871325,0.012
Chris Mepham,Bournemouth,DEF,31,0.01,0.0,0.0,0.007349808265871325,0.012
Charlie Taylor,Southampton,DEF,31,0.01,12.523809523809524,0.0,0.007349808265871325,0.012523809523809524
Alfie Gilchrist,Chelsea,DEF,31,0.01,0.0,0.0,0.007349808265871325,0.012
Nayef Aguerd,West Ham,DEF,31,0.01,0.0,0.0,0.007349808265871325,0.012
David Raya Martin,Arsenal,GK,31,0.01,90.0,0.0007142857142857143,0.00035714285714285714,0.01
Ben Mee,Brentford,DEF,31,0.01,8.285714285714286,0.0,0.007349808265871325,0.012
Ronnie Edwards,Southampton,DEF,31,0.01,0.5714285714285714,0.0,0.007349808265871325,0.012
Jordan Pickford,Everton,GK,31,0.01,90.0,0.0,0.0,0.01
Hugo Bueno López,Wolves,DEF,31,0.01,0.0,0.0,0.007349808265871325,0.012
Sven Botman,Newcastle,DEF,31,0.01,8.571428571428571,0.0,0.007349808265871325,0.012
Jamaal Lascelles,Newcastle,DEF,31,0.01,0.0,0.0,0.007349808265871325,0.012
Bernd Leno,Fulham,GK,31,0.01,90.0,0.0,0.0,0.01
Luke Shaw,Man Utd,DEF,31,0.01,3.238095238095238,0.0,0.007349808265871325,0.012
Andrew Omobamidele,Nott'm Forest,DEF,31,0.01,0.0,0.0,0.007349808265871325,0.012
Alisson Ramses Becker,Liverpool,GK,31,0.01,53.4,0.0,0.0,0.0089
Aaron Hickey,Brentford,DEF,31,0.01,0.0,0.0,0.007349808265871325,0.012
Ederson Santana de Moraes,Man City,GK,31,0.01,55.714285714285715,0.0,0.0,0.009285714285714286
Dean Henderson,Crystal Palace,GK,31,0.01,90.0,0.0,0.0,0.01
Ki-Jana Hoever,Wolves,DEF,31,0.01,0.0,0.0,0.007349808265871325,0.012
Oleksandr Zinchenko,Arsenal,DEF,31,0.01,11.333333333333334,0.0,0.007349808265871325,0.012
Reece James,Chelsea,DEF,31,0.01,13.047619047619047,0.0,0.007349808265871325,0.013047619047619047
Jarell Quansah,Liverpool,DEF,31,0.01,11.25,0.0,0.007349808265871325,0.012
Corrie Ndaba,Ipswich,DEF,31,0.01,0.0,0.0,0.007349808265871325,0.012
Conor Bradley,Liverpool,DEF,31,0.01,11.75,0.0,0.007349808265871325,0.012
Kortney Hause,Aston Villa,DEF,31,0.01,0.0,0.0,0.007349808265871325,0.012
Mark Flekken,Brentford,GK,31,0.01,87.38095238095238,0.0,0.0,0.01
Jorge Cuenca Barreno,Fulham,DEF,31,0.01,4.428571428571429,0.0,0.007349808265871325,0.012
Sepp van den Berg,Liverpool,DEF,31,0.01,0.0,0.0,0.007349808265871325,0.012
Sergio Reguilón,Spurs,DEF,31,0.01,4.0476190476190474,0.0,0.007349808265871325,0.012
Valentín Barco,Brighton,DEF,31,0.01,0.0,0.0,0.007349808265871325,0.012
Max Aarons,Bournemouth,DEF,31,0.01,4.0,0.0,0.007349808265871325,0.012
Rhys Williams,Liverpool,DEF,31,0.01,0.0,0.0,0.007349808265871325,0.012
Kieran Tierney,Arsenal,DEF,31,0.01,0.6190476190476191,0.0,0.007349808265871325,0.012
Lamare Bogarde,Aston Villa,DEF,31,0.01,10.142857142857142,0.0,0.007349808265871325,0.012
Victor Lindelöf,Man Utd,DEF,31,0.01,2.8095238095238093,0.0,0.007349808265871325,0.012
Willy Boly,Nott'm Forest,DEF,31,0.01,5.380952380952381,0.0,0.007349808265871325,0.012
Armel Bella-Kotchap,Southampton,DEF,31,0.01,0.0,0.0,0.007349808265871325,0.012
Jonathan Panzo,Nott'm Forest,DEF,31,0.01,0.0,0.0,0.007349808265871325,0.012
Ben Chilwell,Chelsea,DEF,31,0.01,0.0,0.0,0.007349808265871325,0.012
Jake O'Brien,Everton,DEF,31,0.01,2.05,0.0,0.007349808265871325,0.012
Ricardo Barbosa Pereira,Leicester,DEF,31,0.01,6.9523809523809526,0.0,0.007349808265871325,0.012
Conor Townsend,Ipswich,DEF,31,0.01,0.047619047619047616,0.0,0.007349808265871325,0.012
Robert Sánchez,Chelsea,GK,31,0.01,81.42857142857143,0.0,0.0,0.01
Malang Sarr,Chelsea,DEF,31,0.01,0.0,0.0,0.007349808265871325,0.012
Kosta Nedeljković,Aston Villa,DEF,31,0.01,5.428571428571429,0.0,0.007349808265871325,0.012
Stefan Ortega Moreno,Man City,GK,31,0.01,34.285714285714285,0.0,0.0,0.005714285714285714
Kevin Mbabu,Fulham,DEF,31,0.01,0.0,0.0,0.007349808265871325,0.012
Elkan Baggott,Ipswich,DEF,31,0.01,0.0,0.0,0.007349808265871325,0.012
Bart Verbruggen,Brighton,GK,31,0.01,81.42857142857143,0.0005555555555555556,0.0002777777777777778,0.01
Emil Krafth,Newcastle,DEF,31,0.01,11.428571428571429,0.0,0.007349808265871325,0.012
Lloyd Kelly,Newcastle,DEF,31,0.01,14.095238095238095,0.0,0.007349808265871325,0.014095238095238095
Omar Richards,Nott'm Forest,DEF,31,0.01,0.0,0.0,0.007349808265871325,0.012
Caleb Wiley,Chelsea,DEF,31,0.01,0.0,0.0,0.007349808265871325,0.012
Aaron Cresswell,West Ham,DEF,31,0.01,2.8095238095238093,0.0,0.007349808265871325,0.012
Nathan Patterson,Everton,DEF,31,0.01,4.25,0.0,0.007349808265871325,0.012
Juan Larios López,Southampton,DEF,31,0.01,0.0,0.0,0.007349808265871325,0.012
Matz Sels,Nott'm Forest,GK,31,0.01,90.0,0.0,0.0,0.01
Harry Toffolo,Nott'm Forest,DEF,31,0.01,2.142857142857143,0.0,0.007349808265871325,0.012
Steven Benda,Fulham,GK,31,0.0,0.0,0.0,0.0,0.002
Asmir Begovic,Everton,GK,31,0.0,0.0,0.0,0.0,0.002
Alex Paulsen,Bournemouth,GK,31,0.0,0.0,0.0,0.0,0.002
Viljami Sinisalo,Aston Villa,GK,31,0.0,0.0,0.0,0.0,0.002
Carl Rushworth,Brighton,GK,31,0.0,0.0,0.0,0.0,0.002
Alex McCarthy,Southampton,GK,31,0.0,17.142857142857142,0.0,0.0,0.002857142857142857
Tom King,Wolves,GK,31,0.0,0.0,0.0,0.0,0.002
Jason Steele,Brighton,GK,31,0.0,8.571428571428571,0.0,0.0,0.002
Joe Gauci,Aston Villa,GK,31,0.0,0.0,0.0,0.0,0.002
Alfie Whiteman,Spurs,GK,31,0.0,0.0,0.0,0.0,0.002
Martin Dúbravka,Newcastle,GK,31,0.0,25.714285714285715,0.0,0.0,0.004285714285714286
Daniel Bentley,Wolves,GK,31,0.0,0.0,0.0,0.0,0.002
Marcus Bettinelli,Chelsea,GK,31,0.0,0.0,0.0,0.0,0.002
Robin Olsen,Aston Villa,GK,31,0.0,2.142857142857143,0.0,0.0,0.002
Wayne Hennessey,Nott'm Forest,GK,31,0.0,0.0,0.0,0.0,0.002
Spike Brits,Man City,GK,31,0.0,0.0,0.0,0.0,0.002
Danny Ward,Leicester,GK,31,0.0,6.428571428571429,0.0,0.0,0.002
Hákon Valdimarsson,Brentford,GK,31,0.0,2.5714285714285716,0.0,0.0,0.002
João Neves Virgínia,Everton,GK,31,0.0,0.0,0.0,0.0,0.002
Gavin Bazunu,Southampton,GK,31,0.0,0.0,0.0,0.0,0.002
Brandon Austin,Spurs,GK,31,0.0,4.285714285714286,0.0,0.0,0.002
Tom Heaton,Man Utd,GK,31,0.0,0.0,0.0,0.0,0.002
John Ruddy,Newcastle,GK,31,0.0,0.0,0.0,0.0,0.002
Odysseas Vlachodimos,Newcastle,GK,31,0.0,0.0,0.0,0.0,0.002
Filip Marschall,Aston Villa,GK,31,0.0,0.0,0.0,0.0,0.002
Altay Bayindir,Man Utd,GK,31,0.0,0.0,0.0,0.0,0.002
Tommy Setford,Arsenal,GK,31,0.0,0.0,0.0,0.0,0.002
Oliwier Zych,Aston Villa,GK,31,0.0,0.0,0.0,0.0,0.002
Christian Walton,Ipswich,GK,31,0.0,17.142857142857142,0.0,0.0,0.002857142857142857
Will Dennis,Bournemouth,GK,31,0.0,0.0,0.0,0.0,0.002
Joe Lumley,Southampton,GK,31,0.0,12.857142857142858,0.0,0.0,0.002142857142857143
Norberto Murara Neto,Arsenal,GK,31,0.0,0.0,0.0,0.0,0.002
Karl Hein,Arsenal,GK,31,0.0,0.0,0.0,0.0,0.002
Cieran Slicker,Ipswich,GK,31,0.0,0.0,0.0,0.0,0.002
Matt Turner,Nott'm Forest,GK,31,0.0,0.0,0.0,0.0,0.002
Jakub Stolarczyk,Leicester,GK,31,0.0,17.142857142857142,0.0,0.0,0.002857142857142857
Vítezslav Jaros,Liverpool,GK,31,0.0,0.6875,0.0,0.0,0.002
Matt Turner,Crystal Palace,GK,31,0.0,0.0,0.0,0.0,0.002
Đorđe Petrović,Chelsea,GK,31,0.0,0.0,0.0,0.0,0.002
Harvey Davies,Liverpool,GK,31,0.0,0.0,0.0,0.0,0.002
Killian Cahill,Brighton,GK,31,0.0,0.0,0.0,0.0,0.002
Scott Carson,Man City,GK,31,0.0,0.0,0.0,0.0,0.002
Aaron Ramsdale,Arsenal,GK,31,0.0,0.0,0.0,0.0,0.002
Fraser Forster,Spurs,GK,31,0.0,30.0,0.003701298701298701,0.0018506493506493505,0.005
Remi Matthews,Crystal Palace,GK,31,0.0,0.0,0.0,0.0,0.002
Mateusz Lis,Southampton,GK,31,0.0,0.0,0.0,0.0,0.002
Lucas Bergström,Chelsea,GK,31,0.0,0.0,0.0,0.0,0.002
Daniel Iversen,Leicester,GK,31,0.0,0.0,0.0,0.0,0.002
Kepa Arrizabalaga,Chelsea,GK,31,0.0,0.0,0.0,0.0,0.002
Mark Travers,Bournemouth,GK,31,0.0,21.428571428571427,0.0,0.0,0.003571428571428571
Sam Johnstone,Crystal Palace,GK,31,0.0,0.0,0.0,0.0,0.002
Wes Foderingham,West Ham,GK,31,0.0,0.0,0.0,0.0,0.002
Carlos Miguel dos Santos Pereira,Nott'm Forest,GK,31,0.0,0.0,0.0,0.0,0.002
Filip Jørgensen,Chelsea,GK,31,0.0,8.571428571428571,0.0,0.0,0.002
