name,team,position,GW,opponent_name,was_home,fixture_difficulty,predicted_goals,raw_predicted_goals,fixture_adjusted_goals,blended_prediction,min_probability,opponent_team,team_attacking,opp_defending
Mohamed Salah,Liverpool,MID,38,Crystal Palace,True,4.45,0.82,1.1483890680278706,1.5933890680278706,0.8234192077243144,0.12,7,1340,1120
Erling Haaland,Man City,FWD,38,Fulham,False,1.0,0.57,0.9263987034339061,1.0263987034339062,0.5749791212432015,0.2,9,1150,1150
Kai Havertz,Arsenal,FWD,38,Southampton,False,5.9,0.5,0.377305473937827,0.877305473937827,0.5004325064951619,0.2,17,1370,1060
Alexander Isak,Newcastle,FWD,38,Everton,True,1.1,0.46,0.6866096455490661,0.7966096455490661,0.46008459230078147,0.2,8,1140,1100
Bukayo Saka,Arsenal,MID,38,Southampton,False,5.9,0.43,0.29909045673538726,0.7990904567353873,0.42626990207807275,0.12,17,1370,1060
Cole Palmer,Chelsea,MID,38,Nott'm Forest,False,0.0,0.41,0.7670638288306728,0.7670638288306728,0.4102565881257155,0.12,16,1150,1190
Luis Díaz,Liverpool,MID,38,Crystal Palace,True,4.45,0.41,0.3203679794362845,0.7653679794362844,0.40940866342852134,0.11859999999999998,7,1340,1120
Cody Gakpo,Liverpool,FWD,38,Crystal Palace,True,4.45,0.39,0.20218899469705925,0.6471889946970593,0.38537426687477805,0.1785,7,1340,1120
Gabriel Martinelli Silva,Arsenal,MID,38,Southampton,False,5.9,0.38,0.19709287992002342,0.6970928799200234,0.37527111367039084,0.1138095238095238,17,1370,1060
Ollie Watkins,Aston Villa,FWD,38,Man Utd,False,1.5,0.35,0.4203457160025256,0.5703457160025256,0.3469526275275112,0.2,14,1160,1110
Gabriel Fernando de Jesus,Arsenal,FWD,38,Southampton,False,5.9,0.33,0.035315978955684835,0.5353159789556848,0.32943775900409084,0.09523809523809525,17,1370,1060
Leandro Trossard,Arsenal,MID,38,Southampton,False,5.9,0.32,0.08237501700808154,0.5823750170080816,0.3179121822144199,0.11314285714285714,17,1370,1060
Nathan Butler-Oyedeji,Arsenal,FWD,38,Southampton,False,5.9,0.31,0.000625,0.500625,0.3120922695262484,0.04000000000000001,17,1370,1060
Eddie Nketiah,Arsenal,FWD,38,Southampton,False,5.9,0.31,0.0011805555555555556,0.5011805555555555,0.3123700473040262,0.04000000000000001,17,1370,1060
Darwin Núñez Ribeiro,Liverpool,FWD,38,Crystal Palace,True,4.45,0.3,0.03168275392907746,0.47668275392907744,0.30012114649078714,0.12483333333333335,7,1340,1120
Martin Ødegaard,Arsenal,MID,38,Southampton,False,5.9,0.3,0.05216496330466919,0.5521649633046692,0.30280715536271374,0.10552380952380952,17,1370,1060
Mikel Merino,Arsenal,MID,38,Southampton,False,5.9,0.29,0.027208250083250073,0.5272082500832501,0.2903287987520042,0.06978947368421051,17,1370,1060
Diogo Teixeira da Silva,Liverpool,MID,38,Crystal Palace,True,4.45,0.29,0.08005968541262658,0.5250596854126265,0.28925451641669236,0.0622,7,1340,1120
Declan Rice,Arsenal,MID,38,Southampton,False,5.9,0.29,0.027612942612942608,0.5276129426129426,0.2905311450168504,0.12,17,1370,1060
Ethan Nwaneri,Arsenal,MID,38,Southampton,False,5.9,0.28,0.0,0.5,0.2767246737103791,0.024,17,1370,1060
Ismeal Kabia,Arsenal,MID,38,Southampton,False,5.9,0.28,0.0,0.5,0.2767246737103791,0.024,17,1370,1060
Thomas Partey,Arsenal,MID,38,Southampton,False,5.9,0.28,0.0060457516339869274,0.5060457516339869,0.2797475495273726,0.12,17,1370,1060
Gabriel dos Santos Magalhães,Arsenal,DEF,38,Southampton,False,5.9,0.28,0.04890282816598605,0.548902828165986,0.28180122234886434,0.06,17,1370,1060
Salah-Eddine Oulad M'hand,Arsenal,MID,38,Southampton,False,5.9,0.28,0.0,0.5,0.2767246737103791,0.024,17,1370,1060
Myles Lewis-Skelly,Arsenal,MID,38,Southampton,False,5.9,0.28,0.0,0.5,0.2767246737103791,0.03123809523809524,17,1370,1060
Nicolas Jackson,Chelsea,FWD,38,Nott'm Forest,False,0.0,0.28,0.43495885160591025,0.43495885160591025,0.2792591953292035,0.2,16,1150,1190
Jorge Luiz Frello Filho,Arsenal,MID,38,Southampton,False,5.9,0.28,0.0,0.5,0.2767246737103791,0.04342857142857143,17,1370,1060
Jayden Danns,Liverpool,FWD,38,Crystal Palace,True,4.45,0.28,0.0,0.44499999999999995,0.2842797695262484,0.04000000000000001,7,1340,1120
Fábio Ferreira Vieira,Arsenal,MID,38,Southampton,False,5.9,0.28,0.0,0.5,0.2767246737103791,0.024,17,1370,1060
Reiss Nelson,Arsenal,MID,38,Southampton,False,5.9,0.28,0.0017777777777777776,0.5017777777777778,0.277613562599268,0.024,17,1370,1060
Raheem Sterling,Arsenal,MID,38,Southampton,False,5.9,0.28,0.0,0.5,0.2767246737103791,0.024,17,1370,1060
William Saliba,Arsenal,DEF,38,Southampton,False,5.9,0.27,0.023666106554264446,0.5236661065542645,0.2691828615430036,0.06,17,1370,1060
Curtis Jones,Liverpool,MID,38,Crystal Palace,True,4.45,0.27,0.035247012383041794,0.48024701238304174,0.26684817990189996,0.088,7,1340,1120
Dominik Szoboszlai,Liverpool,MID,38,Crystal Palace,True,4.45,0.27,0.0334612216531097,0.47846122165310967,0.26595528453693396,0.12,7,1340,1120
Jurriën Timber,Arsenal,DEF,38,Southampton,False,5.9,0.26,0.012790005316321105,0.5127900053163211,0.2637448109240319,0.06,17,1370,1060
Kieran Tierney,Arsenal,DEF,38,Southampton,False,5.9,0.26,0.0020535714285714285,0.5020535714285714,0.25837659398015705,0.012,17,1370,1060
Oleksandr Zinchenko,Arsenal,DEF,38,Southampton,False,5.9,0.26,0.000625,0.500625,0.25766230826587133,0.012,17,1370,1060
Jakub Kiwior,Arsenal,DEF,38,Southampton,False,5.9,0.26,0.0020535714285714285,0.5020535714285714,0.25837659398015705,0.015380952380952382,17,1370,1060
David Raya Martin,Arsenal,GK,38,Southampton,False,5.9,0.26,0.016993525480367585,0.5169935254803676,0.2584967627401838,0.01,17,1370,1060
Benjamin White,Arsenal,DEF,38,Southampton,False,5.9,0.26,0.0,0.5,0.25734980826587134,0.03304761904761905,17,1370,1060
Ayden Heaven,Arsenal,DEF,38,Southampton,False,5.9,0.26,0.0,0.5,0.25734980826587134,0.012,17,1370,1060
Tomiyasu Takehiro,Arsenal,DEF,38,Southampton,False,5.9,0.26,0.0,0.5,0.25734980826587134,0.012,17,1370,1060
Alexis Mac Allister,Liverpool,MID,38,Crystal Palace,True,4.45,0.26,0.01656963869463869,0.46156963869463863,0.25750949305769844,0.12,7,1340,1120
Riccardo Calafiori,Arsenal,DEF,38,Southampton,False,5.9,0.26,0.0008823529411764706,0.5008823529411764,0.25779098473645956,0.033523809523809525,17,1370,1060
Josh Nichols,Arsenal,DEF,38,Southampton,False,5.9,0.26,0.0,0.5,0.25734980826587134,0.012,17,1370,1060
Maldini Kacurri,Arsenal,DEF,38,Southampton,False,5.9,0.26,0.0,0.5,0.25734980826587134,0.012,17,1370,1060
Stefan Bajčetić Maquieira,Liverpool,MID,38,Crystal Palace,True,4.45,0.25,0.0,0.44499999999999995,0.2492246737103791,0.024,7,1340,1120
Yoane Wissa,Brentford,FWD,38,Wolves,False,0.6,0.25,0.323241779419411,0.38324177941941096,0.2534006592359539,0.2,20,1080,1120
Treymaurice Nyoni,Liverpool,MID,38,Crystal Palace,True,4.45,0.25,0.0,0.44499999999999995,0.2492246737103791,0.024,7,1340,1120
Harvey Elliott,Liverpool,MID,38,Crystal Palace,True,4.45,0.25,0.0,0.44499999999999995,0.2492246737103791,0.024,7,1340,1120
Tyler Morton,Liverpool,MID,38,Crystal Palace,True,4.45,0.25,0.0,0.44499999999999995,0.2492246737103791,0.024,7,1340,1120
Karl Hein,Arsenal,GK,38,Southampton,False,5.9,0.25,0.0,0.5,0.25,0.002,17,1370,1060
Ben Doak,Liverpool,MID,38,Crystal Palace,True,4.45,0.25,0.0,0.44499999999999995,0.2492246737103791,0.024,7,1340,1120
Bobby Clark,Liverpool,MID,38,Crystal Palace,True,4.45,0.25,0.0,0.44499999999999995,0.2492246737103791,0.024,7,1340,1120
Federico Chiesa,Liverpool,MID,38,Crystal Palace,True,4.45,0.25,0.0,0.44499999999999995,0.2492246737103791,0.024,7,1340,1120
Endo Wataru,Liverpool,MID,38,Crystal Palace,True,4.45,0.25,0.0,0.44499999999999995,0.2492246737103791,0.024,7,1340,1120
Tommy Setford,Arsenal,GK,38,Southampton,False,5.9,0.25,0.0,0.5,0.25,0.002,17,1370,1060
Ryan Gravenberch,Liverpool,MID,38,Crystal Palace,True,4.45,0.25,0.0011111111111111111,0.44611111111111107,0.24978022926593466,0.12,7,1340,1120
Aaron Ramsdale,Arsenal,GK,38,Southampton,False,5.9,0.25,0.0,0.5,0.25,0.002,17,1370,1060
Norberto Murara Neto,Arsenal,GK,38,Southampton,False,5.9,0.25,0.0,0.5,0.25,0.002,17,1370,1060
James McConnell,Liverpool,MID,38,Crystal Palace,True,4.45,0.25,0.0,0.44499999999999995,0.2492246737103791,0.024,7,1340,1120
Antoine Semenyo,Bournemouth,MID,38,Leicester,True,1.5,0.24,0.27301260077819406,0.4230126007781941,0.23823097409947616,0.12,11,1130,1090
Trent Alexander-Arnold,Liverpool,DEF,38,Crystal Palace,True,4.45,0.24,0.019655067155067155,0.4646550671550671,0.2396773418434049,0.06,7,1340,1120
Virgil van Dijk,Liverpool,DEF,38,Crystal Palace,True,4.45,0.24,0.014579670329670329,0.4595796703296703,0.23713964343070648,0.06,7,1340,1120
Sepp van den Berg,Liverpool,DEF,38,Crystal Palace,True,4.45,0.23,0.0,0.44499999999999995,0.2298498082658713,0.012,7,1340,1120
Jarell Quansah,Liverpool,DEF,38,Crystal Palace,True,4.45,0.23,0.0,0.44499999999999995,0.2298498082658713,0.012,7,1340,1120
Conor Bradley,Liverpool,DEF,38,Crystal Palace,True,4.45,0.23,0.000625,0.44562499999999994,0.2301623082658713,0.012,7,1340,1120
Konstantinos Tsimikas,Liverpool,DEF,38,Crystal Palace,True,4.45,0.23,0.0,0.44499999999999995,0.2298498082658713,0.01365,7,1340,1120
Nathaniel Phillips,Liverpool,DEF,38,Crystal Palace,True,4.45,0.23,0.0,0.44499999999999995,0.2298498082658713,0.012,7,1340,1120
Andrew Robertson,Liverpool,DEF,38,Crystal Palace,True,4.45,0.23,3.205128205128205e-05,0.44503205128205126,0.22986583390689697,0.06,7,1340,1120
Rhys Williams,Liverpool,DEF,38,Crystal Palace,True,4.45,0.23,0.0,0.44499999999999995,0.2298498082658713,0.012,7,1340,1120
Joe Gomez,Liverpool,DEF,38,Crystal Palace,True,4.45,0.23,0.0,0.44499999999999995,0.2298498082658713,0.02585,7,1340,1120
Amara Nallo,Liverpool,DEF,38,Crystal Palace,True,4.45,0.23,0.0,0.44499999999999995,0.2298498082658713,0.012,7,1340,1120
Ibrahima Konaté,Liverpool,DEF,38,Crystal Palace,True,4.45,0.23,0.003492063492063492,0.44849206349206344,0.23159584001190306,0.05645,7,1340,1120
Caoimhin Kelleher,Liverpool,GK,38,Crystal Palace,True,4.45,0.22,0.0,0.44499999999999995,0.22249999999999998,0.006,7,1340,1120
Alisson Ramses Becker,Liverpool,GK,38,Crystal Palace,True,4.45,0.22,0.004487012987012987,0.44948701298701293,0.22474350649350647,0.0089,7,1340,1120
Harvey Davies,Liverpool,GK,38,Crystal Palace,True,4.45,0.22,0.0,0.44499999999999995,0.22249999999999998,0.002,7,1340,1120
Vítezslav Jaros,Liverpool,GK,38,Crystal Palace,True,4.45,0.22,0.0,0.44499999999999995,0.22249999999999998,0.002,7,1340,1120
Bryan Mbeumo,Brentford,MID,38,Wolves,False,0.6,0.21,0.3002607528121683,0.36026075281216824,0.20685505011646324,0.12,20,1080,1120
Francisco Evanilson de Lima Barbosa,Bournemouth,FWD,38,Leicester,True,1.5,0.21,0.15534626411170524,0.3053462641117053,0.21445290158210104,0.2,11,1130,1090
Justin Kluivert,Bournemouth,MID,38,Leicester,True,1.5,0.21,0.2182879322474911,0.3682879322474911,0.21086863983412468,0.12,11,1130,1090
Iliman Ndiaye,Everton,FWD,38,Newcastle,False,-1.8,0.2,0.009143578643578643,0.0,0.0617797695262484,0.2,15,1140,1250
Dominic Calvert-Lewin,Everton,FWD,38,Newcastle,False,-1.8,0.2,0.051165697456138644,0.0,0.0617797695262484,0.2,15,1140,1250
Dominic Solanke-Mitchell,Spurs,FWD,38,Brighton,True,-0.7,0.2,0.3129685608509139,0.2429685608509139,0.18326404995170534,0.2,5,1090,1160
Matheus Santos Carneiro Da Cunha,Wolves,FWD,38,Brentford,True,-3.4,0.2,0.3932048060849801,0.05320480608498013,0.08838217256873845,0.2,4,1070,1310
Liam Delap,Ipswich,FWD,38,West Ham,True,-0.75,0.2,0.0814378978864273,0.006437897886427291,0.06499871846946204,0.2,19,1070,1120
Jamie Vardy,Leicester,FWD,38,Bournemouth,False,-2.9,0.2,0.1318613992216933,0.0,0.0617797695262484,0.2,3,1080,1260
Jean-Philippe Mateta,Crystal Palace,FWD,38,Liverpool,False,-4.55,0.2,0.09735999662102601,0.0,0.0617797695262484,0.2,12,1140,1370
Jørgen Strand Larsen,Wolves,FWD,38,Brentford,True,-3.4,0.2,0.23028594240726588,0.0,0.0617797695262484,0.2,4,1070,1310
Raúl Jiménez,Fulham,FWD,38,Man City,True,-3.0,0.2,0.36677093767086044,0.06677093767086045,0.09516523836167862,0.2,13,1150,1350
Chris Wood,Nott'm Forest,FWD,38,Chelsea,True,-1.6,0.2,0.4154353111525931,0.25543531115259305,0.18949742510254491,0.2,6,1200,1320
Odsonne Edouard,Crystal Palace,FWD,38,Liverpool,False,-4.55,0.19,0.008670634920634922,0.0,0.0617797695262484,0.19166666666666668,12,1140,1370
Adam Armstrong,Southampton,FWD,38,Arsenal,True,-5.3,0.18,0.013373889998889998,0.0,0.0617797695262484,0.1793650793650794,1,1050,1300
João Pedro Junqueira de Jesus,Brighton,FWD,38,Spurs,False,-0.7,0.18,0.06022985004054613,0.0,0.0617797695262484,0.176984126984127,18,1140,1210
Danny Welbeck,Brighton,FWD,38,Spurs,False,-0.7,0.18,0.06507498298055572,0.0,0.0617797695262484,0.17825396825396825,18,1140,1210
Noni Madueke,Chelsea,MID,38,Nott'm Forest,False,0.0,0.16,0.2740535781620343,0.2740535781620343,0.16375146279139627,0.1139047619047619,16,1150,1190
Rasmus Højlund,Man Utd,FWD,38,Aston Villa,True,-2.5,0.16,0.0,0.0,0.0617797695262484,0.1623809523809524,2,1120,1270
Morgan Rogers,Aston Villa,MID,38,Man Utd,False,1.5,0.16,0.12390706515706514,0.27390706515706514,0.1636782062889117,0.12,14,1160,1110
Brennan Johnson,Spurs,MID,38,Brighton,True,-0.7,0.16,0.3414673290242344,0.27146732902423437,0.1624583382224963,0.12,5,1090,1160
James Maddison,Spurs,MID,38,Brighton,True,-0.7,0.16,0.3333259567038221,0.2633259567038221,0.15838765206229016,0.11457142857142856,5,1090,1160
Anthony Gordon,Newcastle,MID,38,Everton,True,1.1,0.16,0.16535220072073517,0.2753522007207352,0.1644007740707467,0.12,8,1140,1100
Jhon Durán,Aston Villa,FWD,38,Man Utd,False,1.5,0.16,0.039584840812782,0.189584840812782,0.1565721899326394,0.09333333333333334,14,1160,1110
Cameron Archer,Southampton,FWD,38,Arsenal,True,-5.3,0.15,0.02109387344681462,0.0,0.0617797695262484,0.15063492063492065,1,1050,1300
Daniel Adu-Adjei,Bournemouth,FWD,38,Leicester,True,1.5,0.14,0.0,0.15000000000000002,0.1367797695262484,0.04000000000000001,11,1130,1090
Sávio 'Savinho' Moreira de Oliveira,Man City,MID,38,Fulham,False,1.0,0.14,0.11986993561993559,0.21986993561993556,0.1366596415203469,0.10257142857142856,9,1150,1150
Enes Ünal,Bournemouth,FWD,38,Leicester,True,1.5,0.14,0.011777777777777778,0.1617777777777778,0.1426686584151373,0.05238095238095239,11,1130,1090
Daniel Jebbison,Bournemouth,FWD,38,Leicester,True,1.5,0.14,0.0,0.15000000000000002,0.1367797695262484,0.04000000000000001,11,1130,1090
Dango Ouattara,Bournemouth,MID,38,Leicester,True,1.5,0.14,0.07787301587301589,0.2278730158730159,0.14066118164688707,0.09190476190476189,11,1130,1090
Jarrod Bowen,West Ham,MID,38,Ipswich,False,0.25,0.14,0.19786109395331264,0.22286109395331266,0.13815522068703545,0.12,10,1080,1080
Remy Rees-Dottin,Bournemouth,FWD,38,Leicester,True,1.5,0.14,0.0,0.15000000000000002,0.1367797695262484,0.04000000000000001,11,1130,1090
Michail Antonio,West Ham,FWD,38,Ipswich,False,0.25,0.13,0.004625000000000001,0.029625000000000023,0.07659226952624841,0.13238095238095238,10,1080,1080
Carlos Baleba,Brighton,MID,38,Spurs,False,-0.7,0.12,0.0,0.0,0.026724673710379118,0.12,18,1140,1210
Youri Tielemans,Aston Villa,MID,38,Man Utd,False,1.5,0.12,0.010648199023199023,0.16064819902319905,0.10704877322197864,0.12,14,1160,1110
Flynn Downes,Southampton,MID,38,Arsenal,True,-5.3,0.12,0.0,0.0,0.026724673710379118,0.12,1,1050,1300
Tyler Dibling,Southampton,MID,38,Arsenal,True,-5.3,0.12,0.00926758658008658,0.0,0.026724673710379118,0.11666666666666665,1,1050,1300
Mikkel Damsgaard,Brentford,MID,38,Wolves,False,0.6,0.12,0.06465958061546295,0.1246595806154629,0.08905446401811057,0.12,20,1080,1120
Enzo Fernández,Chelsea,MID,38,Nott'm Forest,False,0.0,0.12,0.042859446109446114,0.042859446109446114,0.04815439676510218,0.12,16,1150,1190
Marcus Tavernier,Bournemouth,MID,38,Leicester,True,1.5,0.12,0.033747290128172486,0.1837472901281725,0.11859831877446537,0.10838095238095238,11,1130,1090
Bruno Borges Fernandes,Man Utd,MID,38,Aston Villa,True,-2.5,0.12,0.24460007645862908,0.0,0.026724673710379118,0.12,2,1120,1270
Wilfred Ndidi,Leicester,MID,38,Bournemouth,False,-2.9,0.12,0.00125,0.0,0.026724673710379118,0.1158095238095238,3,1080,1260
Callum Wilson,Newcastle,FWD,38,Everton,True,1.1,0.12,0.0,0.10999999999999999,0.11677976952624838,0.04000000000000001,8,1140,1100
Mateus Gonçalo Espanha Fernandes,Southampton,MID,38,Arsenal,True,-5.3,0.12,0.023460642135642137,0.0,0.026724673710379118,0.12,1,1050,1300
Harry Winks,Leicester,MID,38,Bournemouth,False,-2.9,0.12,0.0,0.0,0.026724673710379118,0.11552380952380951,3,1080,1260
Ryan Christie,Bournemouth,MID,38,Leicester,True,1.5,0.12,0.009332611832611833,0.15933261183261185,0.10639097962668505,0.12,11,1130,1090
Alex Iwobi,Fulham,MID,38,Man City,True,-3.0,0.12,0.23278133628963116,0.0,0.026724673710379118,0.12,13,1150,1350
Mitoma Kaoru,Brighton,MID,38,Spurs,False,-0.7,0.12,0.10409202990828276,0.03409202990828275,0.043770688664520496,0.12,18,1140,1210
Mario Lemina,Wolves,MID,38,Brentford,True,-3.4,0.12,0.00982638888888889,0.0,0.026724673710379118,0.12,4,1070,1310
Joshua Zirkzee,Man Utd,FWD,38,Aston Villa,True,-2.5,0.12,0.018454365079365077,0.0,0.0617797695262484,0.1165079365079365,2,1120,1270
Omari Giraud-Hutchinson,Ipswich,MID,38,West Ham,True,-0.75,0.12,0.02306354593119299,0.0,0.026724673710379118,0.12,19,1070,1120
Saša Lukić,Fulham,MID,38,Man City,True,-3.0,0.12,0.0,0.0,0.026724673710379118,0.11828571428571429,13,1150,1350
Kevin De Bruyne,Man City,MID,38,Fulham,False,1.0,0.12,0.0801727258352021,0.18017272583520208,0.11681103662798016,0.08657142857142856,9,1150,1150
Lucas Tolentino Coelho de Lima,West Ham,MID,38,Ipswich,False,0.25,0.12,0.014153350734233088,0.03915335073423311,0.04630134907749567,0.12,10,1080,1080
João Victor Gomes da Silva,Wolves,MID,38,Brentford,True,-3.4,0.12,0.007420482295482296,0.0,0.026724673710379118,0.12,4,1070,1310
Idrissa Gueye,Everton,MID,38,Newcastle,False,-1.8,0.12,0.0,0.0,0.026724673710379118,0.12,15,1140,1250
Lewis Cook,Bournemouth,MID,38,Leicester,True,1.5,0.12,0.0020833333333333333,0.15208333333333335,0.1027663403770458,0.12,11,1130,1090
Christian Nørgaard,Brentford,MID,38,Wolves,False,0.6,0.12,0.0059992784992785,0.06599927849927845,0.059724312960018344,0.12,20,1080,1120
Callum Hudson-Odoi,Nott'm Forest,MID,38,Chelsea,True,-1.6,0.12,0.015847714785214784,0.0,0.026724673710379118,0.12,6,1200,1320
Dejan Kulusevski,Spurs,MID,38,Brighton,True,-0.7,0.12,0.14096994328444123,0.07096994328444123,0.062209645352599735,0.12,5,1090,1160
Mohammed Kudus,West Ham,MID,38,Ipswich,False,0.25,0.12,0.024100951744334097,0.04910095174433412,0.05127514958254618,0.12,10,1080,1080
Vitaly Janelt,Brentford,MID,38,Wolves,False,0.6,0.12,0.0,0.05999999999999994,0.05672467371037909,0.12,20,1080,1120
Orel Mangala,Everton,MID,38,Newcastle,False,-1.8,0.12,0.0005555555555555556,0.0,0.026724673710379118,0.12,15,1140,1250
Abdoulaye Doucouré,Everton,MID,38,Newcastle,False,-1.8,0.12,0.0,0.0,0.026724673710379118,0.12,15,1140,1250
Keane Lewis-Potter,Brentford,MID,38,Wolves,False,0.6,0.12,0.021108833976481032,0.08110883397648097,0.0672790906986196,0.12,20,1080,1120
Ilkay Gündogan,Man City,MID,38,Fulham,False,1.0,0.12,0.010021367521367522,0.1100213675213675,0.08173535747106286,0.11579999999999999,9,1150,1150
Bruno Guimarães Rodriguez Moura,Newcastle,MID,38,Everton,True,1.1,0.12,0.011389957264957264,0.12138995726495724,0.08741965234285774,0.12,8,1140,1100
William Osula,Newcastle,FWD,38,Everton,True,1.1,0.12,0.0,0.10999999999999999,0.11677976952624838,0.04000000000000001,8,1140,1100
Morgan Gibbs-White,Nott'm Forest,MID,38,Chelsea,True,-1.6,0.12,0.10578964091464094,0.0,0.026724673710379118,0.12,6,1200,1320
Amad Diallo,Man Utd,MID,38,Aston Villa,True,-2.5,0.12,0.21757073929051643,0.0,0.026724673710379118,0.12,2,1120,1270
Ryan Yates,Nott'm Forest,MID,38,Chelsea,True,-1.6,0.12,0.004395604395604396,0.0,0.026724673710379118,0.12,6,1200,1320
Mateo Kovačić,Man City,MID,38,Fulham,False,1.0,0.12,0.008541666666666666,0.10854166666666665,0.08099550704371244,0.12,9,1150,1150
Elliot Anderson,Nott'm Forest,MID,38,Chelsea,True,-1.6,0.12,0.017257742257742258,0.0,0.026724673710379118,0.12,6,1200,1320
Andreas Hoelgebaum Pereira,Fulham,MID,38,Man City,True,-3.0,0.12,0.020785166222666226,0.0,0.026724673710379118,0.11838095238095236,13,1150,1350
Eberechi Eze,Crystal Palace,MID,38,Liverpool,False,-4.55,0.12,0.15200757575757573,0.0,0.026724673710379118,0.12,12,1140,1370
Sam Morsy,Ipswich,MID,38,West Ham,True,-0.75,0.12,0.0,0.0,0.026724673710379118,0.12,19,1070,1120
Son Heung-min,Spurs,MID,38,Brighton,True,-0.7,0.12,0.21876177148874515,0.14876177148874514,0.10110555945475169,0.12,5,1090,1160
Bernardo Veiga de Carvalho e Silva,Man City,MID,38,Fulham,False,1.0,0.12,0.07386800892605846,0.17386800892605844,0.11365867817340834,0.12,9,1150,1150
Ismaïla Sarr,Crystal Palace,MID,38,Liverpool,False,-4.55,0.12,0.18949362079245888,0.0,0.026724673710379118,0.12,12,1140,1370
Moisés Caicedo Corozo,Chelsea,MID,38,Nott'm Forest,False,0.0,0.12,0.0022222222222222222,0.0022222222222222222,0.02783578482149023,0.12,16,1150,1190
Joelinton Cássio Apolinário de Lira,Newcastle,MID,38,Everton,True,1.1,0.12,0.012398809523809522,0.12239880952380951,0.08792407847228387,0.12,8,1140,1100
Tomáš Souček,West Ham,MID,38,Ipswich,False,0.25,0.12,0.0330007215007215,0.058000721500721525,0.05572503446073988,0.12,10,1080,1080
John McGinn,Aston Villa,MID,38,Man Utd,False,1.5,0.12,0.0024285714285714284,0.15242857142857144,0.10293895942466484,0.11933333333333332,14,1160,1110
Alejandro Garnacho,Man Utd,MID,38,Aston Villa,True,-2.5,0.11,0.028117934933143914,0.0,0.026724673710379118,0.10638095238095237,2,1120,1270
André Trindade da Costa Neto,Wolves,MID,38,Brentford,True,-3.4,0.11,0.0,0.0,0.026724673710379118,0.11178947368421051,4,1070,1310
Jadon Sancho,Chelsea,MID,38,Nott'm Forest,False,0.0,0.11,0.02087319624819625,0.02087319624819625,0.03716127183447724,0.10644444444444444,16,1150,1190
Emile Smith Rowe,Fulham,MID,38,Man City,True,-3.0,0.11,0.02198395354645355,0.0,0.026724673710379118,0.11438095238095237,13,1150,1350
Facundo Buonanotte,Leicester,MID,38,Bournemouth,False,-2.9,0.11,0.02715557889822595,0.0,0.026724673710379118,0.10542857142857143,3,1080,1260
Sandro Tonali,Newcastle,MID,38,Everton,True,1.1,0.11,0.003142857142857143,0.11314285714285713,0.08329610228180769,0.11304761904761904,8,1140,1100
Phil Foden,Man City,MID,38,Fulham,False,1.0,0.11,0.04830880230880231,0.14830880230880228,0.10087907486478026,0.10847619047619048,9,1150,1150
Georginio Rutter,Brighton,MID,38,Spurs,False,-0.7,0.11,0.009742063492063491,0.0,0.026724673710379118,0.11059999999999999,18,1140,1210
Julián Álvarez,Man City,FWD,38,Fulham,False,1.0,0.11,0.0,0.09999999999999998,0.11177976952624838,0.04000000000000001,9,1150,1150
Leon Bailey,Aston Villa,MID,38,Man Utd,False,1.5,0.11,0.012351329226329226,0.16235132922632925,0.10790033832354375,0.08704761904761904,14,1160,1110
Kobbie Mainoo,Man Utd,MID,38,Aston Villa,True,-2.5,0.11,0.0,0.0,0.026724673710379118,0.10866666666666666,2,1120,1270
Will Hughes,Crystal Palace,MID,38,Liverpool,False,-4.55,0.11,0.0012142857142857142,0.0,0.026724673710379118,0.10923809523809523,12,1140,1370
Anthony Elanga,Nott'm Forest,MID,38,Chelsea,True,-1.6,0.11,0.01949652430902431,0.0,0.026724673710379118,0.11447619047619048,6,1200,1320
Dwight McNeil,Everton,MID,38,Newcastle,False,-1.8,0.11,0.02115525066331518,0.0,0.026724673710379118,0.11399999999999999,15,1140,1250
Stephy Mavididi,Leicester,MID,38,Bournemouth,False,-2.9,0.11,0.010769230769230769,0.0,0.026724673710379118,0.11428571428571428,3,1080,1260
Joe Aribo,Southampton,MID,38,Arsenal,True,-5.3,0.11,0.017244769119769122,0.0,0.026724673710379118,0.1136190476190476,1,1050,1300
Divin Mubama,Man City,FWD,38,Fulham,False,1.0,0.11,0.0,0.09999999999999998,0.11177976952624838,0.04000000000000001,9,1150,1150
Jefferson Lerma Solís,Crystal Palace,MID,38,Liverpool,False,-4.55,0.11,0.0,0.0,0.026724673710379118,0.1058095238095238,12,1140,1370
Tyler Adams,Bournemouth,MID,38,Leicester,True,1.5,0.1,0.0,0.15000000000000002,0.10172467371037913,0.056285714285714286,11,1130,1090
Eddie Nketiah,Crystal Palace,FWD,38,Liverpool,False,-4.55,0.1,0.010834505772005771,0.0,0.0617797695262484,0.10333333333333335,12,1140,1370
Jack Harrison,Everton,MID,38,Newcastle,False,-1.8,0.1,0.005571428571428572,0.0,0.026724673710379118,0.0993,15,1140,1250
Luis Sinisterra,Bournemouth,MID,38,Leicester,True,1.5,0.1,0.0038095238095238095,0.15380952380952384,0.10362943561514104,0.024,11,1130,1090
Amadou Onana,Aston Villa,MID,38,Man Utd,False,1.5,0.1,0.006542207792207793,0.15654220779220782,0.10499577760648303,0.09495238095238094,14,1160,1110
Jaden Philogene,Aston Villa,MID,38,Man Utd,False,1.5,0.1,0.0,0.15000000000000002,0.10172467371037913,0.030952380952380953,14,1160,1110
Enzo Barrenechea,Aston Villa,MID,38,Man Utd,False,1.5,0.1,0.0,0.15000000000000002,0.10172467371037913,0.024,14,1160,1110
Jacob Murphy,Newcastle,MID,38,Everton,True,1.1,0.1,0.016236111111111107,0.1262361111111111,0.08984272926593467,0.10438095238095238,8,1140,1100
Harvey Barnes,Newcastle,MID,38,Everton,True,1.1,0.1,0.0384269851880146,0.1484269851880146,0.10093816630438641,0.07361904761904763,8,1140,1100
Kadan Young,Aston Villa,MID,38,Man Utd,False,1.5,0.1,0.0,0.15000000000000002,0.10172467371037913,0.024,14,1160,1110
Moussa Diaby,Aston Villa,MID,38,Man Utd,False,1.5,0.1,0.0,0.15000000000000002,0.10172467371037913,0.024,14,1160,1110
Ben Broggio,Aston Villa,MID,38,Man Utd,False,1.5,0.1,0.0,0.15000000000000002,0.10172467371037913,0.024,14,1160,1110
Ben Winterburn,Bournemouth,MID,38,Leicester,True,1.5,0.1,0.0,0.15000000000000002,0.10172467371037913,0.024,11,1130,1090
Leander Dendoncker,Aston Villa,MID,38,Man Utd,False,1.5,0.1,0.0,0.15000000000000002,0.10172467371037913,0.024,14,1160,1110
Dominic Sadi,Bournemouth,MID,38,Leicester,True,1.5,0.1,0.0,0.15000000000000002,0.10172467371037913,0.024,11,1130,1090
Hamed Traorè,Bournemouth,MID,38,Leicester,True,1.5,0.1,0.0,0.15000000000000002,0.10172467371037913,0.024,11,1130,1090
Jaidon Anthony,Bournemouth,MID,38,Leicester,True,1.5,0.1,0.0,0.15000000000000002,0.10172467371037913,0.024,11,1130,1090
Jamaldeen Jimoh,Aston Villa,MID,38,Man Utd,False,1.5,0.1,0.0,0.15000000000000002,0.10172467371037913,0.024,14,1160,1110
Yasin Ayari,Brighton,MID,38,Spurs,False,-0.7,0.1,0.0025,0.0,0.026724673710379118,0.10476190476190476,18,1140,1210
Alex Scott,Bournemouth,MID,38,Leicester,True,1.5,0.1,0.0,0.15000000000000002,0.10172467371037913,0.024571428571428574,11,1130,1090
Samuel Iling-Junior,Aston Villa,MID,38,Man Utd,False,1.5,0.1,0.0,0.15000000000000002,0.10172467371037913,0.024,14,1160,1110
Lewis Dobbin,Aston Villa,MID,38,Man Utd,False,1.5,0.1,0.0,0.15000000000000002,0.10172467371037913,0.024,14,1160,1110
Boubacar Kamara,Aston Villa,MID,38,Man Utd,False,1.5,0.1,0.0,0.15000000000000002,0.10172467371037913,0.07266666666666667,14,1160,1110
Romain Faivre,Bournemouth,MID,38,Leicester,True,1.5,0.1,0.0,0.15000000000000002,0.10172467371037913,0.024,11,1130,1090
David Brooks,Bournemouth,MID,38,Leicester,True,1.5,0.1,0.0,0.15000000000000002,0.10172467371037913,0.032,11,1130,1090
Edson Álvarez Velázquez,West Ham,MID,38,Ipswich,False,0.25,0.1,0.0,0.025000000000000022,0.03922467371037913,0.10076190476190476,10,1080,1080
Pedro Lomba Neto,Chelsea,MID,38,Nott'm Forest,False,0.0,0.1,0.002603174603174603,0.002603174603174603,0.028026261011966418,0.0959047619047619,16,1150,1190
Pape Matar Sarr,Spurs,MID,38,Brighton,True,-0.7,0.1,0.006333333333333333,0.0,0.026724673710379118,0.10476190476190476,5,1090,1160
Sander Berge,Fulham,MID,38,Man City,True,-3.0,0.1,0.0,0.0,0.026724673710379118,0.09559999999999999,13,1150,1350
Ross Barkley,Aston Villa,MID,38,Man Utd,False,1.5,0.1,0.0030833333333333333,0.15308333333333335,0.1032663403770458,0.05180952380952381,14,1160,1110
Emiliano Buendía Stati,Aston Villa,MID,38,Man Utd,False,1.5,0.1,0.0,0.15000000000000002,0.10172467371037913,0.024,14,1160,1110
Jacob Ramsey,Aston Villa,MID,38,Man Utd,False,1.5,0.1,0.0015,0.15150000000000002,0.10247467371037913,0.0759047619047619,14,1160,1110
Philip Billing,Bournemouth,MID,38,Leicester,True,1.5,0.1,0.0014285714285714286,0.15142857142857144,0.10243895942466484,0.024,11,1130,1090
Jens Cajuste,Ipswich,MID,38,West Ham,True,-0.75,0.09,0.0,0.0,0.026724673710379118,0.09040000000000001,19,1070,1120
Dean Huijsen,Bournemouth,DEF,38,Leicester,True,1.5,0.09,0.009380549189372717,0.15938054918937275,0.0870400828605577,0.04619047619047619,11,1130,1090
Marcus Rashford,Man Utd,MID,38,Aston Villa,True,-2.5,0.09,0.010180555555555557,0.0,0.026724673710379118,0.09285714285714286,2,1120,1270
Sam Szmodics,Ipswich,MID,38,West Ham,True,-0.75,0.09,0.028868477111124165,0.0,0.026724673710379118,0.09285714285714286,19,1070,1120
Guido Rodríguez,West Ham,MID,38,Ipswich,False,0.25,0.09,0.0014285714285714286,0.02642857142857145,0.03993895942466484,0.09228571428571429,10,1080,1080
Jordan Ayew,Leicester,MID,38,Bournemouth,False,-2.9,0.09,0.01824023199023199,0.0,0.026724673710379118,0.09169999999999999,3,1080,1260
Danny Ings,West Ham,FWD,38,Ipswich,False,0.25,0.09,0.02363203463203463,0.04863203463203465,0.08609578684226572,0.04000000000000001,10,1080,1080
Rodrigo Muniz Carvalho,Fulham,FWD,38,Man City,True,-3.0,0.09,0.008665549728049728,0.0,0.0617797695262484,0.09428571428571429,13,1150,1350
Boubakary Soumaré,Leicester,MID,38,Bournemouth,False,-2.9,0.09,0.0,0.0,0.026724673710379118,0.0877142857142857,3,1080,1260
Yves Bissouma,Spurs,MID,38,Brighton,True,-0.7,0.09,0.0,0.0,0.026724673710379118,0.09161904761904763,5,1090,1160
Carlos Soler,West Ham,MID,38,Ipswich,False,0.25,0.09,0.007431457431457431,0.03243145743145745,0.042940402426107846,0.08777777777777776,10,1080,1080
Bilal El Khannouss,Leicester,MID,38,Bournemouth,False,-2.9,0.09,0.0,0.0,0.026724673710379118,0.09063157894736842,3,1080,1260
Wes Burns,Ipswich,MID,38,West Ham,True,-0.75,0.09,0.0,0.0,0.026724673710379118,0.08514285714285713,19,1070,1120
Adama Traoré,Fulham,MID,38,Man City,True,-3.0,0.09,0.016784416971916974,0.0,0.026724673710379118,0.09095238095238095,13,1150,1350
Kevin Schade,Brentford,MID,38,Wolves,False,0.6,0.09,0.06785008006699184,0.12785008006699178,0.09064971374387501,0.09104761904761906,20,1080,1120
Igor Thiago Nascimento Rodrigues,Brentford,FWD,38,Wolves,False,0.6,0.09,0.0008333333333333333,0.060833333333333274,0.09219643619291504,0.04000000000000001,20,1080,1120
Ivan Toney,Brentford,FWD,38,Wolves,False,0.6,0.09,0.0,0.05999999999999994,0.09177976952624836,0.04000000000000001,20,1080,1120
Nicolás Domínguez,Nott'm Forest,MID,38,Chelsea,True,-1.6,0.09,0.003611111111111111,0.0,0.026724673710379118,0.09180952380952381,6,1200,1320
Manuel Ugarte,Man Utd,MID,38,Aston Villa,True,-2.5,0.09,0.0,0.0,0.026724673710379118,0.09433333333333332,2,1120,1270
Matty Cash,Aston Villa,DEF,38,Man Utd,False,1.5,0.08,0.0,0.15000000000000002,0.08234980826587134,0.051333333333333335,14,1160,1110
Max Aarons,Bournemouth,DEF,38,Leicester,True,1.5,0.08,0.0,0.15000000000000002,0.08234980826587134,0.012,11,1130,1090
Niclas Füllkrug,West Ham,FWD,38,Ipswich,False,0.25,0.08,0.0022916666666666667,0.02729166666666669,0.07542560285958175,0.05809523809523809,10,1080,1080
Lucas Digne,Aston Villa,DEF,38,Man Utd,False,1.5,0.08,5.065856129685918e-06,0.15000506585612972,0.08235234119393618,0.06,14,1160,1110
Kortney Hause,Aston Villa,DEF,38,Man Utd,False,1.5,0.08,0.0,0.15000000000000002,0.08234980826587134,0.012,14,1160,1110
Jack Hinshelwood,Brighton,MID,38,Spurs,False,-0.7,0.08,0.0,0.0,0.026724673710379118,0.0799047619047619,18,1140,1210
Oliwier Zych,Aston Villa,GK,38,Man Utd,False,1.5,0.08,0.0,0.15000000000000002,0.07500000000000001,0.002,14,1160,1110
Julio Soler,Bournemouth,DEF,38,Leicester,True,1.5,0.08,0.0,0.15000000000000002,0.08234980826587134,0.012,11,1130,1090
Sil Swinkels,Aston Villa,DEF,38,Man Utd,False,1.5,0.08,0.0,0.15000000000000002,0.08234980826587134,0.012,14,1160,1110
Lewis Miley,Newcastle,MID,38,Everton,True,1.1,0.08,0.0,0.10999999999999999,0.08172467371037911,0.024,8,1140,1100
Matai Akinmboni,Bournemouth,DEF,38,Leicester,True,1.5,0.08,0.0,0.15000000000000002,0.08234980826587134,0.012,11,1130,1090
Jérémy Doku,Man City,MID,38,Fulham,False,1.0,0.08,0.0008333333333333333,0.10083333333333332,0.07714134037704577,0.0659047619047619,9,1150,1150
Isaac Hayden,Newcastle,MID,38,Everton,True,1.1,0.08,0.0,0.10999999999999999,0.08172467371037911,0.024,8,1140,1100
Joe Willock,Newcastle,MID,38,Everton,True,1.1,0.08,0.0,0.10999999999999999,0.08172467371037911,0.05219047619047619,8,1140,1100
Kepa Arrizabalaga,Bournemouth,GK,38,Leicester,True,1.5,0.08,0.0,0.15000000000000002,0.07500000000000001,0.01,11,1130,1090
Archie Harris,Bournemouth,DEF,38,Leicester,True,1.5,0.08,0.0,0.15000000000000002,0.08234980826587134,0.012,11,1130,1090
Ian Maatsen,Aston Villa,DEF,38,Man Utd,False,1.5,0.08,0.0,0.15000000000000002,0.08234980826587134,0.014428571428571428,14,1160,1110
Will Dennis,Bournemouth,GK,38,Leicester,True,1.5,0.08,0.0,0.15000000000000002,0.07500000000000001,0.002,11,1130,1090
Jacob Wright,Man City,MID,38,Fulham,False,1.0,0.08,0.0,0.09999999999999998,0.07672467371037911,0.024,9,1150,1150
Jack Grealish,Man City,MID,38,Fulham,False,1.0,0.08,0.000625,0.10062499999999998,0.0770371737103791,0.05447619047619048,9,1150,1150
Norberto Murara Neto,Bournemouth,GK,38,Leicester,True,1.5,0.08,0.003737373737373737,0.15373737373737376,0.07686868686868688,0.01,11,1130,1090
Tyrone Mings,Aston Villa,DEF,38,Man Utd,False,1.5,0.08,0.0,0.15000000000000002,0.08234980826587134,0.01619047619047619,14,1160,1110
Illia Zabarnyi,Bournemouth,DEF,38,Leicester,True,1.5,0.08,0.0003276465012909762,0.150327646501291,0.08251363151651682,0.06,11,1130,1090
Julián Araujo Zúñiga,Bournemouth,DEF,38,Leicester,True,1.5,0.08,0.0,0.15000000000000002,0.08234980826587134,0.016761904761904763,11,1130,1090
Mark Travers,Bournemouth,GK,38,Leicester,True,1.5,0.08,0.0,0.15000000000000002,0.07500000000000001,0.003571428571428571,11,1130,1090
Max Kinsey,Bournemouth,DEF,38,Leicester,True,1.5,0.08,0.0,0.15000000000000002,0.08234980826587134,0.012,11,1130,1090
Chris Mepham,Bournemouth,DEF,38,Leicester,True,1.5,0.08,0.0,0.15000000000000002,0.08234980826587134,0.012,11,1130,1090
Joe Gauci,Aston Villa,GK,38,Man Utd,False,1.5,0.08,0.0,0.15000000000000002,0.07500000000000001,0.002,14,1160,1110
Filip Marschall,Aston Villa,GK,38,Man Utd,False,1.5,0.08,0.0,0.15000000000000002,0.07500000000000001,0.002,14,1160,1110
Emiliano Martínez Romero,Aston Villa,GK,38,Man Utd,False,1.5,0.08,0.0,0.15000000000000002,0.07500000000000001,0.01,14,1160,1110
Oscar Bobb,Man City,MID,38,Fulham,False,1.0,0.08,0.0,0.09999999999999998,0.07672467371037911,0.024,9,1150,1150
James McAtee,Man City,MID,38,Fulham,False,1.0,0.08,0.0,0.09999999999999998,0.07672467371037911,0.024,9,1150,1150
Kosta Nedeljković,Aston Villa,DEF,38,Man Utd,False,1.5,0.08,0.0,0.15000000000000002,0.08234980826587134,0.012,14,1160,1110
Marcos Senesi,Bournemouth,DEF,38,Leicester,True,1.5,0.08,0.0,0.15000000000000002,0.08234980826587134,0.043666666666666666,11,1130,1090
Alex Paulsen,Bournemouth,GK,38,Leicester,True,1.5,0.08,0.0,0.15000000000000002,0.07500000000000001,0.002,11,1130,1090
Nico O'Reilly,Man City,MID,38,Fulham,False,1.0,0.08,0.0,0.09999999999999998,0.07672467371037911,0.024,9,1150,1150
Robin Olsen,Aston Villa,GK,38,Man Utd,False,1.5,0.08,0.0,0.15000000000000002,0.07500000000000001,0.002,14,1160,1110
Sean Longstaff,Newcastle,MID,38,Everton,True,1.1,0.08,0.0022727272727272726,0.11227272727272726,0.08286103734674274,0.06771428571428571,8,1140,1100
Carlos Henrique Casimiro,Man Utd,MID,38,Aston Villa,True,-2.5,0.08,0.004,0.0,0.026724673710379118,0.07933333333333333,2,1120,1270
Garang Kuol,Newcastle,MID,38,Everton,True,1.1,0.08,0.0,0.10999999999999999,0.08172467371037911,0.024,8,1140,1100
Joe White,Newcastle,MID,38,Everton,True,1.1,0.08,0.0,0.10999999999999999,0.08172467371037911,0.024,8,1140,1100
Milos Kerkez,Bournemouth,DEF,38,Leicester,True,1.5,0.08,5.065856129685918e-06,0.15000506585612972,0.08235234119393618,0.06,11,1130,1090
Joško Gvardiol,Man City,DEF,38,Fulham,False,1.0,0.08,0.04431278591384974,0.14431278591384972,0.07950620122279618,0.06,9,1150,1150
Ryan Fraser,Newcastle,MID,38,Everton,True,1.1,0.08,0.0,0.10999999999999999,0.08172467371037911,0.024,8,1140,1100
Miguel Almirón Rejala,Newcastle,MID,38,Everton,True,1.1,0.08,0.0,0.10999999999999999,0.08172467371037911,0.024,8,1140,1100
James Hill,Bournemouth,DEF,38,Leicester,True,1.5,0.08,0.0,0.15000000000000002,0.08234980826587134,0.012,11,1130,1090
Ezri Konsa Ngoyo,Aston Villa,DEF,38,Man Utd,False,1.5,0.08,5.065856129685918e-06,0.15000506585612972,0.08235234119393618,0.06,14,1160,1110
Viljami Sinisalo,Aston Villa,GK,38,Man Utd,False,1.5,0.08,0.0,0.15000000000000002,0.07500000000000001,0.002,14,1160,1110
Lamare Bogarde,Aston Villa,DEF,38,Man Utd,False,1.5,0.08,0.0016666666666666666,0.1516666666666667,0.08318314159920467,0.012,14,1160,1110
Kaine Kesler-Hayden,Aston Villa,DEF,38,Man Utd,False,1.5,0.08,0.0,0.15000000000000002,0.08234980826587134,0.012,14,1160,1110
Adam Smith,Bournemouth,DEF,38,Leicester,True,1.5,0.08,0.0,0.15000000000000002,0.08234980826587134,0.04914285714285715,11,1130,1090
Jean-Ricner Bellegarde,Wolves,MID,38,Brentford,True,-3.4,0.08,0.0,0.0,0.026724673710379118,0.07828571428571428,4,1070,1310
Rodrigo 'Rodri' Hernandez,Man City,MID,38,Fulham,False,1.0,0.08,0.0,0.09999999999999998,0.07672467371037911,0.024,9,1150,1150
Álex Moreno Lopera,Aston Villa,DEF,38,Man Utd,False,1.5,0.08,0.0,0.15000000000000002,0.08234980826587134,0.012,14,1160,1110
Diego Carlos Santos Silva,Aston Villa,DEF,38,Man Utd,False,1.5,0.08,0.0,0.15000000000000002,0.08234980826587134,0.039428571428571424,14,1160,1110
Matheus Luiz Nunes,Man City,MID,38,Fulham,False,1.0,0.08,0.0,0.09999999999999998,0.07672467371037911,0.05876190476190476,9,1150,1150
Lino da Cruz Sousa,Aston Villa,DEF,38,Man Utd,False,1.5,0.08,0.0,0.15000000000000002,0.08234980826587134,0.012,14,1160,1110
Pau Torres,Aston Villa,DEF,38,Man Utd,False,1.5,0.08,5.065856129685918e-06,0.15000506585612972,0.08235234119393618,0.06,14,1160,1110
Archie Gray,Spurs,MID,38,Brighton,True,-0.7,0.07,0.0,0.0,0.026724673710379118,0.066,5,1090,1160
Rodrigo Bentancur,Spurs,MID,38,Brighton,True,-0.7,0.07,0.0,0.0,0.026724673710379118,0.06523809523809525,5,1090,1160
Harry Wilson,Fulham,MID,38,Man City,True,-3.0,0.07,0.026016407203907205,0.0,0.026724673710379118,0.06542857142857143,13,1150,1350
Crysencio Summerville,West Ham,MID,38,Ipswich,False,0.25,0.07,0.005042568542568543,0.030042568542568565,0.041745957981663404,0.07390476190476189,10,1080,1080
Jesper Lindstrøm,Everton,MID,38,Newcastle,False,-1.8,0.07,0.004595238095238094,0.0,0.026724673710379118,0.066,15,1140,1250
Daichi Kamada,Crystal Palace,MID,38,Liverpool,False,-4.55,0.07,0.0,0.0,0.026724673710379118,0.07304761904761906,12,1140,1370
Kalvin Phillips,Ipswich,MID,38,West Ham,True,-0.75,0.07,0.0,0.0,0.026724673710379118,0.07304761904761906,19,1070,1120
Oliver Skipp,Leicester,MID,38,Bournemouth,False,-2.9,0.07,0.0,0.0,0.026724673710379118,0.0728,3,1080,1260
David Datro Fofana,Chelsea,FWD,38,Nott'm Forest,False,0.0,0.06,0.0,0.0,0.0617797695262484,0.04000000000000001,16,1150,1190
Saša Kalajdžić,Wolves,FWD,38,Brentford,True,-3.4,0.06,0.0,0.0,0.0617797695262484,0.04000000000000001,4,1070,1310
Patson Daka,Leicester,FWD,38,Bournemouth,False,-2.9,0.06,0.0,0.0,0.0617797695262484,0.04000000000000001,3,1080,1260
Diogo Dalot Teixeira,Man Utd,DEF,38,Aston Villa,True,-2.5,0.06,0.0007742966253604552,0.0,0.007349808265871325,0.06,2,1120,1270
Marc Cucurella Saseta,Chelsea,DEF,38,Nott'm Forest,False,0.0,0.06,5.065856129685918e-06,5.065856129685918e-06,0.007352341193936168,0.06,16,1150,1190
Norberto Bercique Gomes Betuncal,Everton,FWD,38,Newcastle,False,-1.8,0.06,0.007861568986568986,0.0,0.0617797695262484,0.04000000000000001,15,1140,1250
Toti António Gomes,Wolves,DEF,38,Brentford,True,-3.4,0.06,0.0,0.0,0.007349808265871325,0.06,4,1070,1310
Odsonne Edouard,Leicester,FWD,38,Bournemouth,False,-2.9,0.06,0.0,0.0,0.0617797695262484,0.04000000000000001,3,1080,1260
Dan Burn,Newcastle,DEF,38,Everton,True,1.1,0.06,5.065856129685918e-06,0.11000506585612967,0.06235234119393616,0.06,8,1140,1100
Destiny Udogie,Spurs,DEF,38,Brighton,True,-0.7,0.06,5.065856129685918e-06,0.0,0.007349808265871325,0.06,5,1090,1160
Ashley Young,Everton,DEF,38,Newcastle,False,-1.8,0.06,5.065856129685918e-06,0.0,0.007349808265871325,0.06,15,1140,1250
Wout Faes,Leicester,DEF,38,Bournemouth,False,-2.9,0.06,5.065856129685918e-06,0.0,0.007349808265871325,0.06,3,1080,1260
Issa Kaboré,Man City,DEF,38,Fulham,False,1.0,0.06,0.0,0.09999999999999998,0.05734980826587131,0.012,9,1150,1150
Sven Botman,Newcastle,DEF,38,Everton,True,1.1,0.06,0.0,0.10999999999999999,0.06234980826587132,0.012,8,1140,1100
Gustavo Nunes Fernandes Gomes,Brentford,MID,38,Wolves,False,0.6,0.06,0.0,0.05999999999999994,0.05672467371037909,0.024,20,1080,1120
Murillo Santiago Costa dos Santos,Nott'm Forest,DEF,38,Chelsea,True,-1.6,0.06,0.004673076923076923,0.0,0.007349808265871325,0.06,6,1200,1320
Aaron Wan-Bissaka,West Ham,DEF,38,Ipswich,False,0.25,0.06,5.065856129685918e-06,0.02500506585612971,0.01985234119393618,0.06,10,1080,1080
Paul Onuachu,Southampton,FWD,38,Arsenal,True,-5.3,0.06,0.0009375,0.0,0.0617797695262484,0.051746031746031755,1,1050,1300
Yehor Yarmoliuk,Brentford,MID,38,Wolves,False,0.6,0.06,0.0005555555555555556,0.060555555555555494,0.057002451488156865,0.04923809523809524,20,1080,1120
Emmanuel Dennis,Nott'm Forest,FWD,38,Chelsea,True,-1.6,0.06,0.0,0.0,0.0617797695262484,0.04000000000000001,6,1200,1320
Antonee Robinson,Fulham,DEF,38,Man City,True,-3.0,0.06,0.018949246675310505,0.0,0.007349808265871325,0.06,13,1150,1350
Kyle Walker-Peters,Southampton,DEF,38,Arsenal,True,-5.3,0.06,0.003893954745018574,0.0,0.007349808265871325,0.06,1,1050,1300
Victor Kristiansen,Leicester,DEF,38,Bournemouth,False,-2.9,0.06,5.065856129685918e-06,0.0,0.007349808265871325,0.06,3,1080,1260
Jamaal Lascelles,Newcastle,DEF,38,Everton,True,1.1,0.06,0.0,0.10999999999999999,0.06234980826587132,0.012,8,1140,1100
Nathan Aké,Man City,DEF,38,Fulham,False,1.0,0.06,0.0,0.09999999999999998,0.05734980826587131,0.02861904761904762,9,1150,1150
Yankuba Minteh,Brighton,MID,38,Spurs,False,-0.7,0.06,0.009881132756132756,0.0,0.026724673710379118,0.06257142857142857,18,1140,1210
João Cavaco Cancelo,Man City,DEF,38,Fulham,False,1.0,0.06,0.0,0.09999999999999998,0.05734980826587131,0.012,9,1150,1150
Leon Chiwome,Wolves,FWD,38,Brentford,True,-3.4,0.06,0.0,0.0,0.0617797695262484,0.04000000000000001,4,1070,1310
Sepp van den Berg,Brentford,DEF,38,Wolves,False,0.6,0.06,5.065856129685918e-06,0.06000506585612963,0.03735234119393614,0.06,20,1080,1120
Mathias Jensen,Brentford,MID,38,Wolves,False,0.6,0.06,0.0,0.05999999999999994,0.05672467371037909,0.059904761904761905,20,1080,1120
Nathan Collins,Brentford,DEF,38,Wolves,False,0.6,0.06,0.031129857730921556,0.0911298577309215,0.052914737131332074,0.06,20,1080,1120
Miodrag Pivaš,Newcastle,DEF,38,Everton,True,1.1,0.06,0.0,0.10999999999999999,0.06234980826587132,0.012,8,1140,1100
Carlos Vinícius Alves Morais,Fulham,FWD,38,Man City,True,-3.0,0.06,0.0,0.0,0.0617797695262484,0.04000000000000001,13,1150,1350
Frank Onyeka,Brentford,MID,38,Wolves,False,0.6,0.06,0.0,0.05999999999999994,0.05672467371037909,0.024,20,1080,1120
Youssef Ramalho Chermiti,Everton,FWD,38,Newcastle,False,-1.8,0.06,0.0,0.0,0.0617797695262484,0.04000000000000001,15,1140,1250
Nélson Cabral Semedo,Wolves,DEF,38,Brentford,True,-3.4,0.06,5.065856129685918e-06,0.0,0.007349808265871325,0.06,4,1070,1310
Lloyd Kelly,Newcastle,DEF,38,Everton,True,1.1,0.06,0.0,0.10999999999999999,0.06234980826587132,0.014095238095238095,8,1140,1100
Hwang Ui-jo,Nott'm Forest,FWD,38,Chelsea,True,-1.6,0.06,0.0,0.0,0.0617797695262484,0.04000000000000001,6,1200,1320
Kieran Trippier,Newcastle,DEF,38,Everton,True,1.1,0.06,0.0,0.10999999999999999,0.06234980826587132,0.022952380952380953,8,1140,1100
John Stones,Man City,DEF,38,Fulham,False,1.0,0.06,0.0,0.09999999999999998,0.05734980826587131,0.01561904761904762,9,1150,1150
Malo Gusto,Chelsea,DEF,38,Nott'm Forest,False,0.0,0.06,0.0,0.0,0.007349808265871325,0.05895238095238095,16,1150,1190
Lewis Hall,Newcastle,DEF,38,Everton,True,1.1,0.06,5.065856129685918e-06,0.11000506585612967,0.06235234119393616,0.06,8,1140,1100
Marc Guiu Paz,Chelsea,FWD,38,Nott'm Forest,False,0.0,0.06,0.0016666666666666666,0.0016666666666666666,0.06261310285958173,0.04000000000000001,16,1150,1190
Tom Cannon,Leicester,FWD,38,Bournemouth,False,-2.9,0.06,0.0,0.0,0.0617797695262484,0.04000000000000001,3,1080,1260
Ethan Brierley,Brentford,MID,38,Wolves,False,0.6,0.06,0.0,0.05999999999999994,0.05672467371037909,0.024,20,1080,1120
Calvin Bassey,Fulham,DEF,38,Man City,True,-3.0,0.06,5.065856129685918e-06,0.0,0.007349808265871325,0.06,13,1150,1350
Evan Ferguson,Brighton,FWD,38,Spurs,False,-0.7,0.06,0.0008333333333333333,0.0,0.0617797695262484,0.04000000000000001,18,1140,1210
Christian Eriksen,Man Utd,MID,38,Aston Villa,True,-2.5,0.06,0.0,0.0,0.026724673710379118,0.059904761904761905,2,1120,1270
Matt Targett,Newcastle,DEF,38,Everton,True,1.1,0.06,0.0,0.10999999999999999,0.06234980826587132,0.012,8,1140,1100
Jan Paul van Hecke,Brighton,DEF,38,Spurs,False,-0.7,0.06,5.065856129685918e-06,0.0,0.007349808265871325,0.06,18,1140,1210
Joël Veltman,Brighton,DEF,38,Spurs,False,-0.7,0.06,0.0,0.0,0.007349808265871325,0.06,18,1140,1210
James Tarkowski,Everton,DEF,38,Newcastle,False,-1.8,0.06,0.000630065856129686,0.0,0.007349808265871325,0.06,15,1140,1250
Fábio Silva,Wolves,FWD,38,Brentford,True,-3.4,0.06,0.0,0.0,0.0617797695262484,0.04000000000000001,4,1070,1310
Mark O’Mahony,Brighton,FWD,38,Spurs,False,-0.7,0.06,0.0,0.0,0.0617797695262484,0.04000000000000001,18,1140,1210
Marc Guéhi,Crystal Palace,DEF,38,Liverpool,False,-4.55,0.06,0.012960422998986827,0.0,0.007349808265871325,0.06,12,1140,1370
Conor Chaplin,Ipswich,MID,38,West Ham,True,-0.75,0.06,0.006326388888888888,0.0,0.026724673710379118,0.05761904761904762,19,1070,1120
Pervis Estupiñán,Brighton,DEF,38,Spurs,False,-0.7,0.06,0.0005606214116852414,0.0,0.007349808265871325,0.06,18,1140,1210
Ryan Trevitt,Brentford,MID,38,Wolves,False,0.6,0.06,0.0,0.05999999999999994,0.05672467371037909,0.024,20,1080,1120
Fábio Freitas Gouveia Carvalho,Brentford,MID,38,Wolves,False,0.6,0.06,0.005703463203463203,0.06570346320346314,0.05957640531211068,0.03980952380952381,20,1080,1120
Emil Krafth,Newcastle,DEF,38,Everton,True,1.1,0.06,0.0,0.10999999999999999,0.06234980826587132,0.012,8,1140,1100
Jay Stansfield,Fulham,FWD,38,Man City,True,-3.0,0.06,0.0,0.0,0.0617797695262484,0.04000000000000001,13,1150,1350
Taylor Harwood-Bellis,Southampton,DEF,38,Arsenal,True,-5.3,0.06,0.007612208713272542,0.0,0.007349808265871325,0.06,1,1050,1300
Ali Al-Hamadi,Ipswich,FWD,38,West Ham,True,-0.75,0.06,0.0025,0.0,0.0617797695262484,0.04000000000000001,19,1070,1120
Lisandro Martínez,Man Utd,DEF,38,Aston Villa,True,-2.5,0.06,5.065856129685918e-06,0.0,0.007349808265871325,0.06,2,1120,1270
Richarlison de Andrade,Spurs,FWD,38,Brighton,True,-0.7,0.06,0.0008333333333333333,0.0,0.0617797695262484,0.04000000000000001,5,1090,1160
Vitalii Mykolenko,Everton,DEF,38,Newcastle,False,-1.8,0.06,0.0027323385834024127,0.0,0.007349808265871325,0.06,15,1140,1250
Kenny Tete,Fulham,DEF,38,Man City,True,-3.0,0.06,0.0,0.0,0.007349808265871325,0.06,13,1150,1350
Fabian Schär,Newcastle,DEF,38,Everton,True,1.1,0.06,5.065856129685918e-06,0.11000506585612967,0.06235234119393616,0.06,8,1140,1100
Tino Livramento,Newcastle,DEF,38,Everton,True,1.1,0.06,5.065856129685918e-06,0.11000506585612967,0.06235234119393616,0.06,8,1140,1100
Taiwo Awoniyi,Nott'm Forest,FWD,38,Chelsea,True,-1.6,0.06,0.004293706293706293,0.0,0.0617797695262484,0.04000000000000001,6,1200,1320
Daniel Muñoz,Crystal Palace,DEF,38,Liverpool,False,-4.55,0.06,0.04183194730801113,0.0,0.007349808265871325,0.06,12,1140,1370
Ola Aina,Nott'm Forest,DEF,38,Chelsea,True,-1.6,0.06,0.0019871794871794872,0.0,0.007349808265871325,0.06,6,1200,1320
Joachim Andersen,Crystal Palace,DEF,38,Liverpool,False,-4.55,0.06,0.004473319824383654,0.0,0.007349808265871325,0.06,12,1140,1370
Josh Dasilva,Brentford,MID,38,Wolves,False,0.6,0.06,0.0,0.05999999999999994,0.05672467371037909,0.024,20,1080,1120
Neal Maupay,Everton,FWD,38,Newcastle,False,-1.8,0.06,0.0,0.0,0.0617797695262484,0.04000000000000001,15,1140,1250
Armando Broja,Everton,FWD,38,Newcastle,False,-1.8,0.06,0.0008333333333333333,0.0,0.0617797695262484,0.04000000000000001,15,1140,1250
Dara O'Shea,Ipswich,DEF,38,West Ham,True,-0.75,0.06,5.065856129685918e-06,0.0,0.007349808265871325,0.06,19,1070,1120
Yunus Emre Konak,Brentford,MID,38,Wolves,False,0.6,0.06,0.0,0.05999999999999994,0.05672467371037909,0.024,20,1080,1120
Freddie Ladapo,Ipswich,FWD,38,West Ham,True,-0.75,0.06,0.0,0.0,0.0617797695262484,0.04000000000000001,19,1070,1120
Levi Colwill,Chelsea,DEF,38,Nott'm Forest,False,0.0,0.06,0.0031111264621902918,0.0031111264621902918,0.00890537149696647,0.06,16,1150,1190
Nick Pope,Newcastle,GK,38,Everton,True,1.1,0.06,0.0003846153846153846,0.11038461538461537,0.055192307692307686,0.01,8,1140,1100
Pedro Porro,Spurs,DEF,38,Brighton,True,-0.7,0.06,0.015589661815725646,0.0,0.007349808265871325,0.06,5,1090,1160
Zach Marsh,Crystal Palace,FWD,38,Liverpool,False,-4.55,0.06,0.0,0.0,0.0617797695262484,0.04000000000000001,12,1140,1370
Noussair Mazraoui,Man Utd,DEF,38,Aston Villa,True,-2.5,0.06,5.065856129685918e-06,0.0,0.007349808265871325,0.06,2,1120,1270
Paris Maghoma,Brentford,MID,38,Wolves,False,0.6,0.06,0.0,0.05999999999999994,0.05672467371037909,0.024,20,1080,1120
Jahmai Simpson-Pusey,Man City,DEF,38,Fulham,False,1.0,0.06,0.0,0.09999999999999998,0.05734980826587131,0.012,9,1150,1150
Myles Peart-Harris,Brentford,MID,38,Wolves,False,0.6,0.06,0.0,0.05999999999999994,0.05672467371037909,0.024,20,1080,1120
Tyrick Mitchell,Crystal Palace,DEF,38,Liverpool,False,-4.55,0.06,0.002005065856129686,0.0,0.007349808265871325,0.06,12,1140,1370
George Hirst,Ipswich,FWD,38,West Ham,True,-0.75,0.06,0.004166666666666667,0.0,0.0617797695262484,0.04000000000000001,19,1070,1120
Tony Yogane,Brentford,MID,38,Wolves,False,0.6,0.06,0.0,0.05999999999999994,0.05672467371037909,0.024,20,1080,1120
Romelu Lukaku Bolingoli,Chelsea,FWD,38,Nott'm Forest,False,0.0,0.06,0.0,0.0,0.0617797695262484,0.04000000000000001,16,1150,1190
Maxence Lacroix,Crystal Palace,DEF,38,Liverpool,False,-4.55,0.06,0.01314014650129098,0.0,0.007349808265871325,0.06,12,1140,1370
Armando Broja,Chelsea,FWD,38,Nott'm Forest,False,0.0,0.06,0.0,0.0,0.0617797695262484,0.04000000000000001,16,1150,1190
Leif Davis,Ipswich,DEF,38,West Ham,True,-0.75,0.06,0.003338399189463019,0.0,0.007349808265871325,0.06,19,1070,1120
Sékou Mara,Southampton,FWD,38,Arsenal,True,-5.3,0.06,0.0,0.0,0.0617797695262484,0.04000000000000001,1,1050,1300
Lewis Dunk,Brighton,DEF,38,Spurs,False,-0.7,0.06,0.0,0.0,0.007349808265871325,0.06,18,1140,1210
Will Lankshear,Spurs,FWD,38,Brighton,True,-0.7,0.06,0.0,0.0,0.0617797695262484,0.04000000000000001,5,1090,1160
Jamal Lewis,Newcastle,DEF,38,Everton,True,1.1,0.06,0.0,0.10999999999999999,0.06234980826587132,0.012,8,1140,1100
Jan Bednarek,Southampton,DEF,38,Arsenal,True,-5.3,0.06,5.065856129685918e-06,0.0,0.007349808265871325,0.06,1,1050,1300
Deivid Washington de Souza Eugênio,Chelsea,FWD,38,Nott'm Forest,False,0.0,0.06,0.0,0.0,0.0617797695262484,0.04000000000000001,16,1150,1190
Martin Sherif,Everton,FWD,38,Newcastle,False,-1.8,0.06,0.0,0.0,0.0617797695262484,0.04000000000000001,15,1140,1250
Adam Wharton,Crystal Palace,MID,38,Liverpool,False,-4.55,0.06,0.0,0.0,0.026724673710379118,0.05914285714285714,12,1140,1370
Emmanuel Agbadou,Wolves,DEF,38,Brentford,True,-3.4,0.06,5.065856129685918e-06,0.0,0.007349808265871325,0.06,4,1070,1310
James Justin,Leicester,DEF,38,Bournemouth,False,-2.9,0.06,0.00042173252279635256,0.0,0.007349808265871325,0.06,3,1080,1260
Konstantinos Mavropanos,West Ham,DEF,38,Ipswich,False,0.25,0.06,0.0,0.025000000000000022,0.019849808265871335,0.06,10,1080,1080
Rayan Aït-Nouri,Wolves,DEF,38,Brentford,True,-3.4,0.06,0.012051061527125357,0.0,0.007349808265871325,0.06,4,1070,1310
Nathan Fraser,Wolves,FWD,38,Brentford,True,-3.4,0.06,0.0,0.0,0.0617797695262484,0.04000000000000001,4,1070,1310
Matthijs de Ligt,Man Utd,DEF,38,Aston Villa,True,-2.5,0.06,0.013493234550180732,0.0,0.007349808265871325,0.06,2,1120,1270
Max Alleyne,Man City,DEF,38,Fulham,False,1.0,0.06,0.0,0.09999999999999998,0.05734980826587131,0.012,9,1150,1150
Ethan Pinnock,Brentford,DEF,38,Wolves,False,0.6,0.06,0.007117952969016799,0.06711795296901674,0.04090878475037969,0.06,20,1080,1120
Dane Scarlett,Spurs,FWD,38,Brighton,True,-0.7,0.06,0.0,0.0,0.0617797695262484,0.04000000000000001,5,1090,1160
Rúben Gato Alves Dias,Man City,DEF,38,Fulham,False,1.0,0.06,0.0007142857142857143,0.10071428571428569,0.05770695112301417,0.05171428571428571,9,1150,1150
Josh Wilson-Esbrand,Man City,DEF,38,Fulham,False,1.0,0.06,0.0,0.09999999999999998,0.05734980826587131,0.012,9,1150,1150
Rico Lewis,Man City,DEF,38,Fulham,False,1.0,0.06,0.0038939547450185753,0.10389395474501856,0.0592967856383806,0.06,9,1150,1150
Ross Stewart,Southampton,FWD,38,Arsenal,True,-5.3,0.06,0.0,0.0,0.0617797695262484,0.04000000000000001,1,1050,1300
Ethan Wheatley,Man Utd,FWD,38,Aston Villa,True,-2.5,0.06,0.0,0.0,0.0617797695262484,0.04000000000000001,2,1120,1270
Alex Murphy,Newcastle,DEF,38,Everton,True,1.1,0.06,0.0,0.10999999999999999,0.06234980826587132,0.012,8,1140,1100
Manuel Akanji,Man City,DEF,38,Fulham,False,1.0,0.06,5.065856129685918e-06,0.10000506585612966,0.05735234119393615,0.06,9,1150,1150
Jack Clarke,Ipswich,MID,38,West Ham,True,-0.75,0.06,0.0008333333333333333,0.0,0.026724673710379118,0.05568421052631579,19,1070,1120
Emerson Palmieri dos Santos,West Ham,DEF,38,Ipswich,False,0.25,0.06,0.0025050658561296857,0.027505065856129707,0.02110234119393618,0.06,10,1080,1080
Deniz Undav,Brighton,FWD,38,Spurs,False,-0.7,0.06,0.0,0.0,0.0617797695262484,0.04000000000000001,18,1140,1210
Kyle Walker,Man City,DEF,38,Fulham,False,1.0,0.06,0.0008823529411764706,0.10088235294117645,0.05779098473645955,0.046,9,1150,1150
Max Kilman,West Ham,DEF,38,Ipswich,False,0.25,0.06,5.065856129685918e-06,0.02500506585612971,0.01985234119393618,0.06,10,1080,1080
Nikola Milenković,Nott'm Forest,DEF,38,Chelsea,True,-1.6,0.06,0.009895070207570206,0.0,0.007349808265871325,0.06,6,1200,1320
Gonçalo Manuel Ganchinho Guedes,Wolves,MID,38,Brentford,True,-3.4,0.06,0.004,0.0,0.026724673710379118,0.05638095238095238,4,1070,1310
Alejo Véliz,Spurs,FWD,38,Brighton,True,-0.7,0.06,0.0,0.0,0.0617797695262484,0.04000000000000001,5,1090,1160
Trevoh Chalobah,Crystal Palace,DEF,38,Liverpool,False,-4.55,0.06,0.01778111471861472,0.0,0.007349808265871325,0.05888888888888888,12,1140,1370
Hwang Hee-chan,Wolves,MID,38,Brentford,True,-3.4,0.05,0.0,0.0,0.026724673710379118,0.05142857142857143,4,1070,1310
Scott Carson,Man City,GK,38,Fulham,False,1.0,0.05,0.0,0.09999999999999998,0.04999999999999999,0.002,9,1150,1150
Neco Williams,Nott'm Forest,DEF,38,Chelsea,True,-1.6,0.05,0.003576923076923077,0.0,0.007349808265871325,0.05157142857142857,6,1200,1320
Issa Diop,Fulham,DEF,38,Man City,True,-3.0,0.05,0.0,0.0,0.007349808265871325,0.05071428571428571,13,1150,1350
Ederson Santana de Moraes,Man City,GK,38,Fulham,False,1.0,0.05,0.0,0.09999999999999998,0.04999999999999999,0.009285714285714286,9,1150,1150
Sugawara Yukinari,Southampton,DEF,38,Arsenal,True,-5.3,0.05,0.0,0.0,0.007349808265871325,0.05071428571428571,1,1050,1300
Roméo Lavia,Chelsea,MID,38,Nott'm Forest,False,0.0,0.05,0.0,0.0,0.026724673710379118,0.05047619047619047,16,1150,1190
Rodrigo Martins Gomes,Wolves,MID,38,Brentford,True,-3.4,0.05,0.0,0.0,0.026724673710379118,0.0499047619047619,4,1070,1310
Craig Dawson,Wolves,DEF,38,Brentford,True,-3.4,0.05,0.0,0.0,0.007349808265871325,0.046142857142857145,4,1070,1310
Jacob Greaves,Ipswich,DEF,38,West Ham,True,-0.75,0.05,0.0,0.0,0.007349808265871325,0.05142857142857143,19,1070,1120
Jarrad Branthwaite,Everton,DEF,38,Newcastle,False,-1.8,0.05,0.0,0.0,0.007349808265871325,0.0498,15,1140,1250
John Ruddy,Newcastle,GK,38,Everton,True,1.1,0.05,0.0,0.10999999999999999,0.05499999999999999,0.002,8,1140,1100
Odysseas Vlachodimos,Newcastle,GK,38,Everton,True,1.1,0.05,0.0,0.10999999999999999,0.05499999999999999,0.002,8,1140,1100
Timo Werner,Spurs,MID,38,Brighton,True,-0.7,0.05,0.0,0.0,0.026724673710379118,0.04723809523809524,5,1090,1160
Spike Brits,Man City,GK,38,Fulham,False,1.0,0.05,0.0,0.09999999999999998,0.04999999999999999,0.002,9,1150,1150
Stefan Ortega Moreno,Man City,GK,38,Fulham,False,1.0,0.05,0.0,0.09999999999999998,0.04999999999999999,0.005714285714285714,9,1150,1150
Santiago Bueno,Wolves,DEF,38,Brentford,True,-3.4,0.05,0.0,0.0,0.007349808265871325,0.05476190476190476,4,1070,1310
Wesley Fofana,Chelsea,DEF,38,Nott'm Forest,False,0.0,0.05,0.0,0.0,0.007349808265871325,0.04833333333333333,16,1150,1190
Reiss Nelson,Fulham,MID,38,Man City,True,-3.0,0.05,0.006215277777777778,0.0,0.026724673710379118,0.050631578947368416,13,1150,1350
Abdul Fatawu,Leicester,MID,38,Bournemouth,False,-2.9,0.05,0.0028636363636363638,0.0,0.026724673710379118,0.054857142857142854,3,1080,1260
Jannik Vestergaard,Leicester,DEF,38,Bournemouth,False,-2.9,0.05,0.0,0.0,0.007349808265871325,0.04857142857142857,3,1080,1260
João Pedro Ferreira Silva,Nott'm Forest,MID,38,Chelsea,True,-1.6,0.05,0.0,0.0,0.026724673710379118,0.05323809523809524,6,1200,1320
Radu Drăgușin,Spurs,DEF,38,Brighton,True,-0.7,0.05,0.0,0.0,0.007349808265871325,0.05309523809523809,5,1090,1160
Joachim Andersen,Fulham,DEF,38,Man City,True,-3.0,0.05,0.0015384615384615385,0.0,0.007349808265871325,0.052649999999999995,13,1150,1350
Martin Dúbravka,Newcastle,GK,38,Everton,True,1.1,0.05,0.0,0.10999999999999999,0.05499999999999999,0.004285714285714286,8,1140,1100
Cristian Romero,Spurs,DEF,38,Brighton,True,-0.7,0.05,0.00551948051948052,0.0,0.007349808265871325,0.046380952380952384,5,1090,1160
Lesley Ugochukwu,Southampton,MID,38,Arsenal,True,-5.3,0.05,0.0,0.0,0.026724673710379118,0.053799999999999994,1,1050,1300
Simon Adingra,Brighton,MID,38,Spurs,False,-0.7,0.05,0.012762445887445888,0.0,0.026724673710379118,0.051904761904761905,18,1140,1210
Mats Wieffer,Brighton,MID,38,Spurs,False,-0.7,0.04,0.0,0.0,0.026724673710379118,0.04419047619047618,18,1140,1210
João Félix Sequeira,Chelsea,MID,38,Nott'm Forest,False,0.0,0.04,0.017523740148740145,0.017523740148740145,0.03548654378474919,0.0356,16,1150,1190
Luis Guilherme Lira dos Santos,West Ham,MID,38,Ipswich,False,0.25,0.04,0.0,0.025000000000000022,0.03922467371037913,0.024,10,1080,1080
James Ward-Prowse,Nott'm Forest,MID,38,Chelsea,True,-1.6,0.04,0.0,0.0,0.026724673710379118,0.04168421052631578,6,1200,1320
Álex Moreno Lopera,Nott'm Forest,DEF,38,Chelsea,True,-1.6,0.04,0.0,0.0,0.007349808265871325,0.0394,6,1200,1320
Maxwel Cornet,West Ham,MID,38,Ipswich,False,0.25,0.04,0.0,0.025000000000000022,0.03922467371037913,0.024,10,1080,1080
Tommy Doyle,Wolves,MID,38,Brentford,True,-3.4,0.04,0.0,0.0,0.026724673710379118,0.04104761904761905,4,1070,1310
Ben Mee,Brentford,DEF,38,Wolves,False,0.6,0.04,0.0,0.05999999999999994,0.037349808265871295,0.012,20,1080,1120
Jack Taylor,Ipswich,MID,38,West Ham,True,-0.75,0.04,0.0,0.0,0.026724673710379118,0.03561904761904762,19,1070,1120
Michael Keane,Everton,DEF,38,Newcastle,False,-1.8,0.04,0.0,0.0,0.007349808265871325,0.0405,15,1140,1250
Benjamin Arthur,Brentford,DEF,38,Wolves,False,0.6,0.04,0.0,0.05999999999999994,0.037349808265871295,0.012,20,1080,1120
Harry Maguire,Man Utd,DEF,38,Aston Villa,True,-2.5,0.04,0.0,0.0,0.007349808265871325,0.038761904761904754,2,1120,1270
Mathias Jorgensen,Brentford,DEF,38,Wolves,False,0.6,0.04,0.0,0.05999999999999994,0.037349808265871295,0.012,20,1080,1120
Lewis Orford,West Ham,MID,38,Ipswich,False,0.25,0.04,0.0,0.025000000000000022,0.03922467371037913,0.024,10,1080,1080
Matt Doherty,Wolves,DEF,38,Brentford,True,-3.4,0.04,0.0,0.0,0.007349808265871325,0.04242857142857143,4,1070,1310
Igor Julio dos Santos de Paulo,Brighton,DEF,38,Spurs,False,-0.7,0.04,0.0,0.0,0.007349808265871325,0.04285714285714285,18,1140,1210
Axel Tuanzebe,Ipswich,DEF,38,West Ham,True,-0.75,0.04,0.0,0.0,0.007349808265871325,0.03666666666666666,19,1070,1120
Andy Irving,West Ham,MID,38,Ipswich,False,0.25,0.04,0.0,0.025000000000000022,0.03922467371037913,0.024,10,1080,1080
Tim Iroegbunam,Everton,MID,38,Newcastle,False,-1.8,0.04,0.0,0.0,0.026724673710379118,0.0381,15,1140,1250
Kim Ji-soo,Brentford,DEF,38,Wolves,False,0.6,0.04,0.0,0.05999999999999994,0.037349808265871295,0.012,20,1080,1120
Jayden Meghoma,Brentford,DEF,38,Wolves,False,0.6,0.04,0.0,0.05999999999999994,0.037349808265871295,0.012,20,1080,1120
Jordan Ayew,Crystal Palace,MID,38,Liverpool,False,-4.55,0.04,0.07161383265427382,0.0,0.026724673710379118,0.039999999999999994,12,1140,1370
Rico Henry,Brentford,DEF,38,Wolves,False,0.6,0.04,0.0,0.05999999999999994,0.037349808265871295,0.012,20,1080,1120
Aaron Hickey,Brentford,DEF,38,Wolves,False,0.6,0.04,0.0,0.05999999999999994,0.037349808265871295,0.012,20,1080,1120
Matt O'Riley,Brighton,MID,38,Spurs,False,-0.7,0.04,0.004826388888888889,0.0,0.026724673710379118,0.043263157894736844,18,1140,1210
Micky van de Ven,Spurs,DEF,38,Brighton,True,-0.7,0.04,0.0,0.0,0.007349808265871325,0.03752380952380952,5,1090,1160
Jack Stephens,Southampton,DEF,38,Arsenal,True,-5.3,0.04,0.0,0.0,0.007349808265871325,0.03776190476190476,1,1050,1300
Ben Brereton Díaz,Southampton,MID,38,Arsenal,True,-5.3,0.04,0.0,0.0,0.026724673710379118,0.04247619047619047,1,1050,1300
Kristoffer Ajer,Brentford,DEF,38,Wolves,False,0.6,0.04,0.0,0.05999999999999994,0.037349808265871295,0.03414285714285715,20,1080,1120
James Ward-Prowse,West Ham,MID,38,Ipswich,False,0.25,0.04,0.0,0.025000000000000022,0.03922467371037913,0.024,10,1080,1080
George Earthy,West Ham,MID,38,Ipswich,False,0.25,0.04,0.0,0.025000000000000022,0.03922467371037913,0.024,10,1080,1080
Lucas Bergvall,Spurs,MID,38,Brighton,True,-0.7,0.04,0.0005555555555555556,0.0,0.026724673710379118,0.03542857142857143,5,1090,1160
Cameron Burgess,Ipswich,DEF,38,West Ham,True,-0.75,0.04,0.0,0.0,0.007349808265871325,0.03857142857142857,19,1070,1120
Christopher Nkunku,Chelsea,MID,38,Nott'm Forest,False,0.0,0.04,0.016156572594072594,0.016156572594072594,0.034802960007415416,0.036952380952380945,16,1150,1190
Caleb Okoli,Leicester,DEF,38,Bournemouth,False,-2.9,0.04,0.0,0.0,0.007349808265871325,0.03804761904761905,3,1080,1260
Jean-Clair Todibo,West Ham,DEF,38,Ipswich,False,0.25,0.04,0.0,0.025000000000000022,0.019849808265871335,0.041095238095238094,10,1080,1080
Luke Woolfenden,Ipswich,DEF,38,West Ham,True,-0.75,0.04,0.0,0.0,0.007349808265871325,0.035095238095238096,19,1070,1120
Mads Roerslev Rasmussen,Brentford,DEF,38,Wolves,False,0.6,0.04,0.0,0.05999999999999994,0.037349808265871295,0.043809523809523805,20,1080,1120
Cheick Doucouré,Crystal Palace,MID,38,Liverpool,False,-4.55,0.04,0.0,0.0,0.026724673710379118,0.04219047619047619,12,1140,1370
Ibrahim Osman,Brighton,MID,38,Spurs,False,-0.7,0.03,0.0,0.0,0.026724673710379118,0.024,18,1140,1210
Lesley Ugochukwu,Chelsea,MID,38,Nott'm Forest,False,0.0,0.03,0.0,0.0,0.026724673710379118,0.024,16,1150,1190
Franco Umeh-Chibueze,Crystal Palace,MID,38,Liverpool,False,-4.55,0.03,0.0,0.0,0.026724673710379118,0.024,12,1140,1370
Diego Gómez,Brighton,MID,38,Spurs,False,-0.7,0.03,0.0,0.0,0.026724673710379118,0.024,18,1140,1210
Malcolm Ebiowei,Crystal Palace,MID,38,Liverpool,False,-4.55,0.03,0.0,0.0,0.026724673710379118,0.024,12,1140,1370
Mikey Moore,Spurs,MID,38,Brighton,True,-0.7,0.03,0.0,0.0,0.026724673710379118,0.024,5,1090,1160
Henry Cartwright,Leicester,MID,38,Bournemouth,False,-2.9,0.03,0.0,0.0,0.026724673710379118,0.024,3,1080,1260
Conor Gallagher,Chelsea,MID,38,Nott'm Forest,False,0.0,0.03,0.0,0.0,0.026724673710379118,0.024,16,1150,1190
Asher Agbinone,Crystal Palace,MID,38,Liverpool,False,-4.55,0.03,0.0,0.0,0.026724673710379118,0.024,12,1140,1370
Kaden Rodney,Crystal Palace,MID,38,Liverpool,False,-4.55,0.03,0.0,0.0,0.026724673710379118,0.024,12,1140,1370
Hákon Valdimarsson,Brentford,GK,38,Wolves,False,0.6,0.03,0.0,0.05999999999999994,0.02999999999999997,0.002,20,1080,1120
Nathan Wood-Gordon,Southampton,DEF,38,Arsenal,True,-5.3,0.03,0.0,0.0,0.007349808265871325,0.027476190476190473,1,1050,1300
Kamaldeen Sulemana,Southampton,MID,38,Arsenal,True,-5.3,0.03,0.00125,0.0,0.026724673710379118,0.024,1,1050,1300
Kiernan Dewsbury-Hall,Chelsea,MID,38,Nott'm Forest,False,0.0,0.03,0.0,0.0,0.026724673710379118,0.024,16,1150,1190
Ryan Manning,Southampton,DEF,38,Arsenal,True,-5.3,0.03,0.0,0.0,0.007349808265871325,0.03180952380952381,1,1050,1300
Jack Fletcher,Man Utd,MID,38,Aston Villa,True,-2.5,0.03,0.0,0.0,0.026724673710379118,0.024,2,1120,1270
David Ozoh,Crystal Palace,MID,38,Liverpool,False,-4.55,0.03,0.0,0.0,0.026724673710379118,0.024,12,1140,1370
Jakub Moder,Brighton,MID,38,Spurs,False,-0.7,0.03,0.0,0.0,0.026724673710379118,0.024,18,1140,1210
Raheem Sterling,Chelsea,MID,38,Nott'm Forest,False,0.0,0.03,0.0,0.0,0.026724673710379118,0.024,16,1150,1190
Justin Devenny,Crystal Palace,MID,38,Liverpool,False,-4.55,0.03,0.0,0.0,0.026724673710379118,0.025157894736842105,12,1140,1370
Bryan Gil Salvatierra,Spurs,MID,38,Brighton,True,-0.7,0.03,0.0,0.0,0.026724673710379118,0.024,5,1090,1160
Jayce Fitzgerald,Man Utd,MID,38,Aston Villa,True,-2.5,0.03,0.0,0.0,0.026724673710379118,0.024,2,1120,1270
Giovani Lo Celso,Spurs,MID,38,Brighton,True,-0.7,0.03,0.0,0.0,0.026724673710379118,0.024,5,1090,1160
Ibrahim Sangaré,Nott'm Forest,MID,38,Chelsea,True,-1.6,0.03,0.0010476190476190474,0.0,0.026724673710379118,0.024,6,1200,1320
Brajan Gruda,Brighton,MID,38,Spurs,False,-0.7,0.03,0.0,0.0,0.026724673710379118,0.030190476190476188,18,1140,1210
Tawanda Chirewa,Wolves,MID,38,Brentford,True,-3.4,0.03,0.0,0.0,0.026724673710379118,0.024,4,1070,1310
Cameron Humphreys,Ipswich,MID,38,West Ham,True,-0.75,0.03,0.0,0.0,0.026724673710379118,0.024,19,1070,1120
Hannibal Mejbri,Man Utd,MID,38,Aston Villa,True,-2.5,0.03,0.0,0.0,0.026724673710379118,0.024,2,1120,1270
Ramón Sosa,Nott'm Forest,MID,38,Chelsea,True,-1.6,0.03,0.0,0.0,0.026724673710379118,0.024,6,1200,1320
Conor Coady,Leicester,DEF,38,Bournemouth,False,-2.9,0.03,0.0,0.0,0.007349808265871325,0.0339047619047619,3,1080,1260
Carlos Roberto Forbs Borges,Wolves,MID,38,Brentford,True,-3.4,0.03,0.0,0.0,0.026724673710379118,0.02611111111111111,4,1070,1310
Kasey McAteer,Leicester,MID,38,Bournemouth,False,-2.9,0.03,0.0,0.0,0.026724673710379118,0.03371428571428571,3,1080,1260
Billy Gilmour,Brighton,MID,38,Spurs,False,-0.7,0.03,0.0,0.0,0.026724673710379118,0.024,18,1140,1210
Jesurun Rak-Sakyi,Crystal Palace,MID,38,Liverpool,False,-4.55,0.03,0.0,0.0,0.026724673710379118,0.024,12,1140,1370
Samuel Rak-Sakyi,Chelsea,MID,38,Nott'm Forest,False,0.0,0.03,0.0,0.0,0.026724673710379118,0.024,16,1150,1190
Ryan Fraser,Southampton,MID,38,Arsenal,True,-5.3,0.03,0.0,0.0,0.026724673710379118,0.03168421052631579,1,1050,1300
Andrew Moran,Brighton,MID,38,Spurs,False,-0.7,0.03,0.0,0.0,0.026724673710379118,0.024,18,1140,1210
Josh Acheampong,Chelsea,DEF,38,Nott'm Forest,False,0.0,0.03,0.0,0.0,0.007349808265871325,0.02666666666666667,16,1150,1190
Tyrique George,Chelsea,MID,38,Nott'm Forest,False,0.0,0.03,0.0,0.0,0.026724673710379118,0.024,16,1150,1190
Joseph O'Brien-Whitmarsh,Southampton,MID,38,Arsenal,True,-5.3,0.03,0.0,0.0,0.026724673710379118,0.024,1,1050,1300
Luca Williams-Barnett,Spurs,MID,38,Brighton,True,-0.7,0.03,0.0,0.0,0.026724673710379118,0.024,5,1090,1160
Will Smallbone,Southampton,MID,38,Arsenal,True,-5.3,0.03,0.0,0.0,0.026724673710379118,0.02542857142857143,1,1050,1300
Mykhailo Mudryk,Chelsea,MID,38,Nott'm Forest,False,0.0,0.03,0.0,0.0,0.026724673710379118,0.024,16,1150,1190
Renato Palma Veiga,Chelsea,MID,38,Nott'm Forest,False,0.0,0.03,0.0,0.0,0.026724673710379118,0.024,16,1150,1190
Callum Bates,Everton,MID,38,Newcastle,False,-1.8,0.03,0.0,0.0,0.026724673710379118,0.024,15,1140,1250
Jeffrey Schlupp,Crystal Palace,MID,38,Liverpool,False,-4.55,0.03,0.0,0.0,0.026724673710379118,0.024,12,1140,1370
Adrian Mazilu,Brighton,MID,38,Spurs,False,-0.7,0.03,0.0,0.0,0.026724673710379118,0.024,18,1140,1210
Maxwel Cornet,Southampton,MID,38,Arsenal,True,-5.3,0.03,0.0,0.0,0.026724673710379118,0.024,1,1050,1300
Chiedozie Ogbene,Ipswich,MID,38,West Ham,True,-0.75,0.03,0.0,0.0,0.026724673710379118,0.024947368421052628,19,1070,1120
Callum Olusesi,Spurs,MID,38,Brighton,True,-0.7,0.03,0.0,0.0,0.026724673710379118,0.024,5,1090,1160
Carlos Alcaraz Durán,Southampton,MID,38,Arsenal,True,-5.3,0.03,0.0,0.0,0.026724673710379118,0.024,1,1050,1300
Oliver Skipp,Spurs,MID,38,Brighton,True,-0.7,0.03,0.0,0.0,0.026724673710379118,0.024,5,1090,1160
Tom Edozie,Wolves,MID,38,Brentford,True,-3.4,0.03,0.0,0.0,0.026724673710379118,0.024,4,1070,1310
Facundo Pellistri Rebollo,Man Utd,MID,38,Aston Villa,True,-2.5,0.03,0.0,0.0,0.026724673710379118,0.024,2,1120,1270
Min-Hyeok Yang,Spurs,MID,38,Brighton,True,-0.7,0.03,0.0,0.0,0.026724673710379118,0.024,5,1090,1160
Vladimír Coufal,West Ham,DEF,38,Ipswich,False,0.25,0.03,0.0,0.025000000000000022,0.019849808265871335,0.027047619047619046,10,1080,1080
Joe Hodge,Wolves,MID,38,Brentford,True,-3.4,0.03,0.0,0.0,0.026724673710379118,0.024,4,1070,1310
Harrison Armstrong,Everton,MID,38,Newcastle,False,-1.8,0.03,0.0,0.0,0.026724673710379118,0.024,15,1140,1250
Carney Chukwuemeka,Chelsea,MID,38,Nott'm Forest,False,0.0,0.03,0.0,0.0,0.026724673710379118,0.024,16,1150,1190
Alfie Devine,Spurs,MID,38,Brighton,True,-0.7,0.03,0.0,0.0,0.026724673710379118,0.024,5,1090,1160
Ângelo Gabriel Borges Damaceno,Chelsea,MID,38,Nott'm Forest,False,0.0,0.03,0.0,0.0,0.026724673710379118,0.024,16,1150,1190
Julio Enciso,Brighton,MID,38,Spurs,False,-0.7,0.03,0.0019886363636363634,0.0,0.026724673710379118,0.027142857142857142,18,1140,1210
Naouirou Ahamada,Crystal Palace,MID,38,Liverpool,False,-4.55,0.03,0.0,0.0,0.026724673710379118,0.024,12,1140,1370
Jeremy Sarmiento Morante,Brighton,MID,38,Spurs,False,-0.7,0.03,0.0,0.0,0.026724673710379118,0.024,18,1140,1210
Boubacar Traoré,Wolves,MID,38,Brentford,True,-3.4,0.03,0.0,0.0,0.026724673710379118,0.024,4,1070,1310
Pablo Sarabia,Wolves,MID,38,Brentford,True,-3.4,0.03,0.008179924242424242,0.0,0.026724673710379118,0.024,4,1070,1310
Will Alves,Leicester,MID,38,Bournemouth,False,-2.9,0.03,0.0,0.0,0.026724673710379118,0.024,3,1080,1260
Harrison Reed,Fulham,MID,38,Man City,True,-3.0,0.03,0.0,0.0,0.026724673710379118,0.024,13,1150,1350
Martial Godo,Fulham,MID,38,Man City,True,-3.0,0.03,0.0,0.0,0.026724673710379118,0.024,13,1150,1350
Daniel Castelo Podence,Wolves,MID,38,Brentford,True,-3.4,0.03,0.0,0.0,0.026724673710379118,0.024,4,1070,1310
James Milner,Brighton,MID,38,Spurs,False,-0.7,0.03,0.0,0.0,0.026724673710379118,0.024,18,1140,1210
Omari Kellyman,Chelsea,MID,38,Nott'm Forest,False,0.0,0.03,0.0,0.0,0.026724673710379118,0.024,16,1150,1190
Antony Matheus dos Santos,Man Utd,MID,38,Aston Villa,True,-2.5,0.03,0.0,0.0,0.026724673710379118,0.024,2,1120,1270
James Garner,Everton,MID,38,Newcastle,False,-1.8,0.03,0.0,0.0,0.026724673710379118,0.0251,15,1140,1250
Eric da Silva Moreira,Nott'm Forest,MID,38,Chelsea,True,-1.6,0.03,0.0,0.0,0.026724673710379118,0.024,6,1200,1320
Marcus Myers-Harness,Ipswich,MID,38,West Ham,True,-0.75,0.03,0.0,0.0,0.026724673710379118,0.024,19,1070,1120
Pascal Groß,Brighton,MID,38,Spurs,False,-0.7,0.03,0.0,0.0,0.026724673710379118,0.024,18,1140,1210
Josh Bowler,Nott'm Forest,MID,38,Chelsea,True,-1.6,0.03,0.0,0.0,0.026724673710379118,0.024,6,1200,1320
Massimo Luongo,Ipswich,MID,38,West Ham,True,-0.75,0.03,0.0,0.0,0.026724673710379118,0.024,19,1070,1120
Mark Flekken,Brentford,GK,38,Wolves,False,0.6,0.03,0.0005555555555555556,0.060555555555555494,0.030277777777777747,0.01,20,1080,1120
Samuel Edozie,Southampton,MID,38,Arsenal,True,-5.3,0.03,0.0,0.0,0.026724673710379118,0.024,1,1050,1300
Kacper Kozłowski,Brighton,MID,38,Spurs,False,-0.7,0.03,0.0,0.0,0.026724673710379118,0.024,18,1140,1210
Shea Charles,Southampton,MID,38,Arsenal,True,-5.3,0.03,0.0,0.0,0.026724673710379118,0.024,1,1050,1300
Wilson Odobert,Spurs,MID,38,Brighton,True,-0.7,0.03,0.0,0.0,0.026724673710379118,0.024,5,1090,1160
Tom Cairney,Fulham,MID,38,Man City,True,-3.0,0.03,0.0,0.0,0.026724673710379118,0.03495238095238095,13,1150,1350
Luke Harris,Fulham,MID,38,Man City,True,-3.0,0.03,0.0,0.0,0.026724673710379118,0.024,13,1150,1350
Michael Golding,Leicester,MID,38,Bournemouth,False,-2.9,0.03,0.0,0.0,0.026724673710379118,0.024,3,1080,1260
Cameron Peupion,Brighton,MID,38,Spurs,False,-0.7,0.03,0.0,0.0,0.026724673710379118,0.024,18,1140,1210
Francisco Jorge Tomás Oliveira,Wolves,MID,38,Brentford,True,-3.4,0.03,0.0,0.0,0.026724673710379118,0.024,4,1070,1310
Ben Johnson,Ipswich,DEF,38,West Ham,True,-0.75,0.03,0.0,0.0,0.007349808265871325,0.031952380952380954,19,1070,1120
Benicio Baker-Boaitey,Brighton,MID,38,Spurs,False,-0.7,0.03,0.0,0.0,0.026724673710379118,0.024,18,1140,1210
Nathan Broadhead,Ipswich,MID,38,West Ham,True,-0.75,0.03,0.0,0.0,0.026724673710379118,0.028761904761904763,19,1070,1120
Mahmoud Dahoud,Brighton,MID,38,Spurs,False,-0.7,0.03,0.0,0.0,0.026724673710379118,0.024,18,1140,1210
Bobby De Cordova-Reid,Leicester,MID,38,Bournemouth,False,-2.9,0.03,0.0,0.0,0.026724673710379118,0.025904761904761906,3,1080,1260
Samuel Amo-Ameyaw,Southampton,MID,38,Arsenal,True,-5.3,0.03,0.0,0.0,0.026724673710379118,0.024,1,1050,1300
Scott McTominay,Man Utd,MID,38,Aston Villa,True,-2.5,0.03,0.0,0.0,0.026724673710379118,0.024,2,1120,1270
Enso González,Wolves,MID,38,Brentford,True,-3.4,0.03,0.0,0.0,0.026724673710379118,0.024,4,1070,1310
Jadon Sancho,Man Utd,MID,38,Aston Villa,True,-2.5,0.03,0.0,0.0,0.026724673710379118,0.024,2,1120,1270
Jenson Metcalfe,Everton,MID,38,Newcastle,False,-1.8,0.03,0.0,0.0,0.026724673710379118,0.024,15,1140,1250
Lewis O'Brien,Nott'm Forest,MID,38,Chelsea,True,-1.6,0.03,0.0,0.0,0.026724673710379118,0.024,6,1200,1320
Alex Mighten,Nott'm Forest,MID,38,Chelsea,True,-1.6,0.03,0.0,0.0,0.026724673710379118,0.024,6,1200,1320
Manor Solomon,Spurs,MID,38,Brighton,True,-0.7,0.03,0.0,0.0,0.026724673710379118,0.024,5,1090,1160
Andrey Nascimento dos Santos,Chelsea,MID,38,Nott'm Forest,False,0.0,0.03,0.0,0.0,0.026724673710379118,0.024,16,1150,1190
Hamza Choudhury,Leicester,MID,38,Bournemouth,False,-2.9,0.03,0.0,0.0,0.026724673710379118,0.024,3,1080,1260
Josh King,Fulham,MID,38,Man City,True,-3.0,0.03,0.0,0.0,0.026724673710379118,0.024,13,1150,1350
Pierre-Emile Højbjerg,Spurs,MID,38,Brighton,True,-0.7,0.03,0.0,0.0,0.026724673710379118,0.024,5,1090,1160
Matheus França de Oliveira,Crystal Palace,MID,38,Liverpool,False,-4.55,0.03,0.0,0.0,0.026724673710379118,0.024,12,1140,1370
Cesare Casadei,Chelsea,MID,38,Nott'm Forest,False,0.0,0.03,0.0,0.0,0.026724673710379118,0.024,16,1150,1190
Chris Richards,Crystal Palace,DEF,38,Liverpool,False,-4.55,0.03,0.0007142857142857143,0.0,0.007349808265871325,0.03395238095238095,12,1140,1370
Adam Lallana,Southampton,MID,38,Arsenal,True,-5.3,0.03,0.000625,0.0,0.026724673710379118,0.03066666666666667,1,1050,1300
Toby Collyer,Man Utd,MID,38,Aston Villa,True,-2.5,0.03,0.0,0.0,0.026724673710379118,0.024,2,1120,1270
Timothy Castagne,Fulham,DEF,38,Man City,True,-3.0,0.03,0.0,0.0,0.007349808265871325,0.029904761904761903,13,1150,1350
Solly March,Brighton,MID,38,Spurs,False,-0.7,0.03,0.0,0.0,0.026724673710379118,0.024,18,1140,1210
Wanya Marçal-Madivádua,Leicester,MID,38,Bournemouth,False,-2.9,0.03,0.0,0.0,0.026724673710379118,0.024,3,1080,1260
Danilo dos Santos de Oliveira,Nott'm Forest,MID,38,Chelsea,True,-1.6,0.03,0.0,0.0,0.026724673710379118,0.024,6,1200,1320
Luke Cundle,Wolves,MID,38,Brentford,True,-3.4,0.03,0.0,0.0,0.026724673710379118,0.024,4,1070,1310
Tosin Adarabioyo,Chelsea,DEF,38,Nott'm Forest,False,0.0,0.03,0.0,0.0,0.007349808265871325,0.030476190476190473,16,1150,1190
Mason Mount,Man Utd,MID,38,Aston Villa,True,-2.5,0.03,0.0,0.0,0.026724673710379118,0.024,2,1120,1270
Amario Cozier-Duberry,Brighton,MID,38,Spurs,False,-0.7,0.03,0.0,0.0,0.026724673710379118,0.024,18,1140,1210
Nathaniel Clyne,Crystal Palace,DEF,38,Liverpool,False,-4.55,0.02,0.0,0.0,0.007349808265871325,0.018523809523809522,12,1140,1370
Ezra Mayers,West Ham,DEF,38,Ipswich,False,0.25,0.02,0.0,0.025000000000000022,0.019849808265871335,0.012,10,1080,1080
Axel Disasi,Chelsea,DEF,38,Nott'm Forest,False,0.0,0.02,0.0,0.0,0.007349808265871325,0.016666666666666666,16,1150,1190
Ferdi Kadioglu,Brighton,DEF,38,Spurs,False,-0.7,0.02,0.0,0.0,0.007349808265871325,0.02026315789473684,18,1140,1210
Djed Spence,Spurs,DEF,38,Brighton,True,-0.7,0.02,0.0,0.0,0.007349808265871325,0.02380952380952381,5,1090,1160
Felipe Rodrigues da Silva,Nott'm Forest,DEF,38,Chelsea,True,-1.6,0.02,0.0,0.0,0.007349808265871325,0.021833333333333333,6,1200,1320
Yerson Mosquera,Wolves,DEF,38,Brentford,True,-3.4,0.02,0.0,0.0,0.007349808265871325,0.020999999999999998,4,1070,1310
Tariq Lamptey,Brighton,DEF,38,Spurs,False,-0.7,0.02,0.0,0.0,0.007349808265871325,0.016523809523809524,18,1140,1210
Leny Yoro,Man Utd,DEF,38,Aston Villa,True,-2.5,0.02,0.0,0.0,0.007349808265871325,0.01561904761904762,2,1120,1270
Ollie Scarles,West Ham,DEF,38,Ipswich,False,0.25,0.02,0.0,0.025000000000000022,0.019849808265871335,0.012,10,1080,1080
Kurt Zouma,West Ham,DEF,38,Ipswich,False,0.25,0.02,0.0,0.025000000000000022,0.019849808265871335,0.012,10,1080,1080
James Bree,Southampton,DEF,38,Arsenal,True,-5.3,0.02,0.0,0.0,0.007349808265871325,0.019,1,1050,1300
Kaelan Casey,West Ham,DEF,38,Ipswich,False,0.25,0.02,0.0,0.025000000000000022,0.019849808265871335,0.012,10,1080,1080
Aaron Cresswell,West Ham,DEF,38,Ipswich,False,0.25,0.02,0.0,0.025000000000000022,0.019849808265871335,0.012,10,1080,1080
Harry Clarke,Ipswich,DEF,38,West Ham,True,-0.75,0.02,0.0,0.0,0.007349808265871325,0.017952380952380952,19,1070,1120
Nayef Aguerd,West Ham,DEF,38,Ipswich,False,0.25,0.02,0.0,0.025000000000000022,0.019849808265871335,0.012,10,1080,1080
Alfie Pond,Wolves,DEF,38,Brentford,True,-3.4,0.01,0.0,0.0,0.007349808265871325,0.012,4,1070,1310
Ricardo Barbosa Pereira,Leicester,DEF,38,Bournemouth,False,-2.9,0.01,0.0,0.0,0.007349808265871325,0.012,3,1080,1260
André Onana,Man Utd,GK,38,Aston Villa,True,-2.5,0.01,0.0,0.0,0.0,0.01,2,1120,1270
Adam Webster,Brighton,DEF,38,Spurs,False,-0.7,0.01,0.0,0.0,0.007349808265871325,0.012,18,1140,1210
Imari Samuels,Brighton,DEF,38,Spurs,False,-0.7,0.01,0.0,0.0,0.007349808265871325,0.012,18,1140,1210
Ben Chilwell,Chelsea,DEF,38,Nott'm Forest,False,0.0,0.01,0.0,0.0,0.007349808265871325,0.012,16,1150,1190
Joachim Kayi-Sanda,Southampton,DEF,38,Arsenal,True,-5.3,0.01,0.0,0.0,0.007349808265871325,0.012,1,1050,1300
Ashley Phillips,Spurs,DEF,38,Brighton,True,-0.7,0.01,0.0,0.0,0.007349808265871325,0.012,5,1090,1160
Alfie Gilchrist,Chelsea,DEF,38,Nott'm Forest,False,0.0,0.01,0.0,0.0,0.007349808265871325,0.012,16,1150,1190
Ben Godfrey,Ipswich,DEF,38,West Ham,True,-0.75,0.01,0.0,0.0,0.007349808265871325,0.012,19,1070,1120
Omar Richards,Nott'm Forest,DEF,38,Chelsea,True,-1.6,0.01,0.0,0.0,0.007349808265871325,0.012,6,1200,1320
Caleb Kporha,Crystal Palace,DEF,38,Liverpool,False,-4.55,0.01,0.0,0.0,0.007349808265871325,0.012,12,1140,1370
Wes Foderingham,West Ham,GK,38,Ipswich,False,0.25,0.01,0.0,0.025000000000000022,0.012500000000000011,0.002,10,1080,1080
Harry Toffolo,Nott'm Forest,DEF,38,Chelsea,True,-1.6,0.01,0.0,0.0,0.007349808265871325,0.012,6,1200,1320
Thomas Wilson-Brown,Leicester,DEF,38,Bournemouth,False,-2.9,0.01,0.0,0.0,0.007349808265871325,0.012,3,1080,1260
Joel Ward,Crystal Palace,DEF,38,Liverpool,False,-4.55,0.01,0.0,0.0,0.007349808265871325,0.012,12,1140,1370
Harry Amass,Man Utd,DEF,38,Aston Villa,True,-2.5,0.01,0.0,0.0,0.007349808265871325,0.012,2,1120,1270
Godwill Kukonki,Man Utd,DEF,38,Aston Villa,True,-2.5,0.01,0.0,0.0,0.007349808265871325,0.012,2,1120,1270
Maeson King,Spurs,DEF,38,Brighton,True,-0.7,0.01,0.0,0.0,0.007349808265871325,0.012,5,1090,1160
Joe Worrall,Nott'm Forest,DEF,38,Chelsea,True,-1.6,0.01,0.0,0.0,0.007349808265871325,0.012,6,1200,1320
Samuel Amissah,Fulham,DEF,38,Man City,True,-3.0,0.01,0.0,0.0,0.007349808265871325,0.012,13,1150,1350
Tyrell Malacia,Man Utd,DEF,38,Aston Villa,True,-2.5,0.01,0.0,0.0,0.007349808265871325,0.012,2,1120,1270
Mason Holgate,Everton,DEF,38,Newcastle,False,-1.8,0.01,0.0,0.0,0.007349808265871325,0.012,15,1140,1250
Jacob Slater,Brighton,DEF,38,Spurs,False,-0.7,0.01,0.0,0.0,0.007349808265871325,0.012,18,1140,1210
Ruairi McConville,Brighton,DEF,38,Spurs,False,-0.7,0.01,0.0,0.0,0.007349808265871325,0.012,18,1140,1210
Conor Townsend,Ipswich,DEF,38,West Ham,True,-0.75,0.01,0.0,0.0,0.007349808265871325,0.012,19,1070,1120
Alfie Dorrington,Spurs,DEF,38,Brighton,True,-0.7,0.01,0.0,0.0,0.007349808265871325,0.012,5,1090,1160
Caleb Wiley,Chelsea,DEF,38,Nott'm Forest,False,0.0,0.01,0.0,0.0,0.007349808265871325,0.012,16,1150,1190
Malachi Hardy,Spurs,DEF,38,Brighton,True,-0.7,0.01,0.0,0.0,0.007349808265871325,0.012,5,1090,1160
Elkan Baggott,Ipswich,DEF,38,West Ham,True,-0.75,0.01,0.0,0.0,0.007349808265871325,0.012,19,1070,1120
Guglielmo Vicario,Spurs,GK,38,Brighton,True,-0.7,0.01,0.0003846153846153846,0.0,0.0,0.008571428571428572,5,1090,1160
Łukasz Fabiański,West Ham,GK,38,Ipswich,False,0.25,0.01,0.0,0.025000000000000022,0.012500000000000011,0.007777777777777778,10,1080,1080
Zach Abbott,Nott'm Forest,DEF,38,Chelsea,True,-1.6,0.01,0.0,0.0,0.007349808265871325,0.012,6,1200,1320
Juan Larios López,Southampton,DEF,38,Arsenal,True,-5.3,0.01,0.0,0.0,0.007349808265871325,0.012,1,1050,1300
Armel Bella-Kotchap,Southampton,DEF,38,Arsenal,True,-5.3,0.01,0.0,0.0,0.007349808265871325,0.012,1,1050,1300
Wes Okoduwa,Wolves,DEF,38,Brentford,True,-3.4,0.01,0.0,0.0,0.007349808265871325,0.012,4,1070,1310
Welington Damascena Santos,Southampton,DEF,38,Arsenal,True,-5.3,0.01,0.0,0.0,0.007349808265871325,0.012,1,1050,1300
Antonín Kinsky,Spurs,GK,38,Brighton,True,-0.7,0.01,0.0,0.0,0.0,0.01,5,1090,1160
Jonathan Panzo,Nott'm Forest,DEF,38,Chelsea,True,-1.6,0.01,0.0,0.0,0.007349808265871325,0.012,6,1200,1320
Arijanet Muric,Ipswich,GK,38,West Ham,True,-0.75,0.01,0.00013513513513513514,0.0,0.0,0.01,19,1070,1120
Chadi Riad Dnanou,Crystal Palace,DEF,38,Liverpool,False,-4.55,0.01,0.0,0.0,0.007349808265871325,0.012,12,1140,1370
Tim Ream,Fulham,DEF,38,Man City,True,-3.0,0.01,0.0,0.0,0.007349808265871325,0.012,13,1150,1350
Sergio Reguilón,Spurs,DEF,38,Brighton,True,-0.7,0.01,0.0,0.0,0.007349808265871325,0.012,5,1090,1160
Jonny Evans,Man Utd,DEF,38,Aston Villa,True,-2.5,0.01,0.0,0.0,0.007349808265871325,0.013714285714285714,2,1120,1270
Jordan Pickford,Everton,GK,38,Newcastle,False,-1.8,0.01,0.001875,0.0,0.0,0.01,15,1140,1250
Luke Shaw,Man Utd,DEF,38,Aston Villa,True,-2.5,0.01,0.0,0.0,0.007349808265871325,0.012,2,1120,1270
Robert Sánchez,Chelsea,GK,38,Nott'm Forest,False,0.0,0.01,0.0,0.0,0.0,0.01,16,1150,1190
Dean Henderson,Crystal Palace,GK,38,Liverpool,False,-4.55,0.01,0.0008823529411764706,0.0,0.0,0.01,12,1140,1370
Alphonse Areola,West Ham,GK,38,Ipswich,False,0.25,0.01,0.0,0.025000000000000022,0.012500000000000011,0.007214285714285715,10,1080,1080
Victor Lindelöf,Man Utd,DEF,38,Aston Villa,True,-2.5,0.01,0.0,0.0,0.007349808265871325,0.012,2,1120,1270
Ki-Jana Hoever,Wolves,DEF,38,Brentford,True,-3.4,0.01,0.0,0.0,0.007349808265871325,0.012,4,1070,1310
Willy Boly,Nott'm Forest,DEF,38,Chelsea,True,-1.6,0.01,0.0,0.0,0.007349808265871325,0.012,6,1200,1320
Reece James,Chelsea,DEF,38,Nott'm Forest,False,0.0,0.01,0.0,0.0,0.007349808265871325,0.013047619047619047,16,1150,1190
Corrie Ndaba,Ipswich,DEF,38,West Ham,True,-0.75,0.01,0.0,0.0,0.007349808265871325,0.012,19,1070,1120
Séamus Coleman,Everton,DEF,38,Newcastle,False,-1.8,0.01,0.0,0.0,0.007349808265871325,0.012,15,1140,1250
Charlie Taylor,Southampton,DEF,38,Arsenal,True,-5.3,0.01,0.0,0.0,0.007349808265871325,0.012523809523809524,1,1050,1300
Trevoh Chalobah,Chelsea,DEF,38,Nott'm Forest,False,0.0,0.01,0.0,0.0,0.007349808265871325,0.012,16,1150,1190
Roman Dixon,Everton,DEF,38,Newcastle,False,-1.8,0.01,0.0,0.0,0.007349808265871325,0.012,15,1140,1250
Ryan Sessegnon,Fulham,DEF,38,Man City,True,-3.0,0.01,0.0,0.0,0.007349808265871325,0.012,13,1150,1350
Pedro Cardoso de Lima,Wolves,DEF,38,Brentford,True,-3.4,0.01,0.0,0.0,0.007349808265871325,0.012,4,1070,1310
Harry Souttar,Leicester,DEF,38,Bournemouth,False,-2.9,0.01,0.0,0.0,0.007349808265871325,0.012,3,1080,1260
Rob Holding,Crystal Palace,DEF,38,Liverpool,False,-4.55,0.01,0.0,0.0,0.007349808265871325,0.012,12,1140,1370
Ben Nelson,Leicester,DEF,38,Bournemouth,False,-2.9,0.01,0.0,0.0,0.007349808265871325,0.012,3,1080,1260
Mads Hermansen,Leicester,GK,38,Bournemouth,False,-2.9,0.01,0.0003846153846153846,0.0,0.0,0.01,3,1080,1260
Valentín Barco,Brighton,DEF,38,Spurs,False,-0.7,0.01,0.0,0.0,0.007349808265871325,0.012,18,1140,1210
Ben Davies,Spurs,DEF,38,Brighton,True,-0.7,0.01,0.0,0.0,0.007349808265871325,0.012857142857142857,5,1090,1160
Emerson Leite de Souza Junior,Spurs,DEF,38,Brighton,True,-0.7,0.01,0.0,0.0,0.007349808265871325,0.012,5,1090,1160
Matz Sels,Nott'm Forest,GK,38,Chelsea,True,-1.6,0.01,0.0,0.0,0.0,0.01,6,1200,1320
Odeluga Offiah,Brighton,DEF,38,Spurs,False,-0.7,0.01,0.0,0.0,0.007349808265871325,0.012,18,1140,1210
Benoît Badiashile,Chelsea,DEF,38,Nott'm Forest,False,0.0,0.01,0.0,0.0,0.007349808265871325,0.012,16,1150,1190
Luke Thomas,Leicester,DEF,38,Bournemouth,False,-2.9,0.01,0.0008333333333333333,0.0,0.007349808265871325,0.012,3,1080,1260
Jake O'Brien,Everton,DEF,38,Newcastle,False,-1.8,0.01,0.0,0.0,0.007349808265871325,0.012,15,1140,1250
Nathan Patterson,Everton,DEF,38,Newcastle,False,-1.8,0.01,0.0,0.0,0.007349808265871325,0.012,15,1140,1250
Bernd Leno,Fulham,GK,38,Man City,True,-3.0,0.01,0.0003333333333333333,0.0,0.0,0.01,13,1150,1350
George Edmundson,Ipswich,DEF,38,West Ham,True,-0.75,0.01,0.0,0.0,0.007349808265871325,0.012,19,1070,1120
Bastien Meupiyou,Wolves,DEF,38,Brentford,True,-3.4,0.01,0.0,0.0,0.007349808265871325,0.012,4,1070,1310
Andrew Omobamidele,Nott'm Forest,DEF,38,Chelsea,True,-1.6,0.01,0.0,0.0,0.007349808265871325,0.012,6,1200,1320
Ronnie Edwards,Southampton,DEF,38,Arsenal,True,-5.3,0.01,0.0,0.0,0.007349808265871325,0.012,1,1050,1300
José Malheiro de Sá,Wolves,GK,38,Brentford,True,-3.4,0.01,0.0,0.0,0.0,0.01,4,1070,1310
Malang Sarr,Chelsea,DEF,38,Nott'm Forest,False,0.0,0.01,0.0,0.0,0.007349808265871325,0.012,16,1150,1190
Bart Verbruggen,Brighton,GK,38,Spurs,False,-0.7,0.01,0.0,0.0,0.0,0.01,18,1140,1210
Sam Johnstone,Wolves,GK,38,Brentford,True,-3.4,0.01,0.0,0.0,0.0,0.005526315789473684,4,1070,1310
Hugo Bueno López,Wolves,DEF,38,Brentford,True,-3.4,0.01,0.0,0.0,0.007349808265871325,0.012,4,1070,1310
Aaron Ramsdale,Southampton,GK,38,Arsenal,True,-5.3,0.01,0.0003333333333333333,0.0,0.0,0.01,1,1050,1300
Kevin Mbabu,Fulham,DEF,38,Man City,True,-3.0,0.01,0.0,0.0,0.007349808265871325,0.012,13,1150,1350
Jorge Cuenca Barreno,Fulham,DEF,38,Man City,True,-3.0,0.01,0.0,0.0,0.007349808265871325,0.012,13,1150,1350
Kepa Arrizabalaga,Chelsea,GK,38,Nott'm Forest,False,0.0,0.0,0.0,0.0,0.0,0.002,16,1150,1190
João Neves Virgínia,Everton,GK,38,Newcastle,False,-1.8,0.0,0.0,0.0,0.0,0.002,15,1140,1250
Carlos Miguel dos Santos Pereira,Nott'm Forest,GK,38,Chelsea,True,-1.6,0.0,0.0,0.0,0.0,0.002,6,1200,1320
Remi Matthews,Crystal Palace,GK,38,Liverpool,False,-4.55,0.0,0.0,0.0,0.0,0.002,12,1140,1370
Tom Heaton,Man Utd,GK,38,Aston Villa,True,-2.5,0.0,0.0,0.0,0.0,0.002,2,1120,1270
Filip Jørgensen,Chelsea,GK,38,Nott'm Forest,False,0.0,0.0,0.0,0.0,0.0,0.002,16,1150,1190
Daniel Iversen,Leicester,GK,38,Bournemouth,False,-2.9,0.0,0.0,0.0,0.0,0.002,3,1080,1260
Mateusz Lis,Southampton,GK,38,Arsenal,True,-5.3,0.0,0.0,0.0,0.0,0.002,1,1050,1300
Brandon Austin,Spurs,GK,38,Brighton,True,-0.7,0.0,0.0,0.0,0.0,0.002,5,1090,1160
Wayne Hennessey,Nott'm Forest,GK,38,Chelsea,True,-1.6,0.0,0.0,0.0,0.0,0.002,6,1200,1320
Jakub Stolarczyk,Leicester,GK,38,Bournemouth,False,-2.9,0.0,0.0,0.0,0.0,0.002857142857142857,3,1080,1260
Lucas Bergström,Chelsea,GK,38,Nott'm Forest,False,0.0,0.0,0.0,0.0,0.0,0.002,16,1150,1190
Matt Turner,Crystal Palace,GK,38,Liverpool,False,-4.55,0.0,0.0,0.0,0.0,0.002,12,1140,1370
Joe Lumley,Southampton,GK,38,Arsenal,True,-5.3,0.0,0.0007142857142857143,0.0,0.0,0.002142857142857143,1,1050,1300
Christian Walton,Ipswich,GK,38,West Ham,True,-0.75,0.0,0.0,0.0,0.0,0.002857142857142857,19,1070,1120
Gavin Bazunu,Southampton,GK,38,Arsenal,True,-5.3,0.0,0.0,0.0,0.0,0.002,1,1050,1300
Asmir Begovic,Everton,GK,38,Newcastle,False,-1.8,0.0,0.0,0.0,0.0,0.002,15,1140,1250
Jason Steele,Brighton,GK,38,Spurs,False,-0.7,0.0,0.0008333333333333333,0.0,0.0,0.002,18,1140,1210
Cieran Slicker,Ipswich,GK,38,West Ham,True,-0.75,0.0,0.0,0.0,0.0,0.002,19,1070,1120
Marcus Bettinelli,Chelsea,GK,38,Nott'm Forest,False,0.0,0.0,0.0,0.0,0.0,0.002,16,1150,1190
Alex McCarthy,Southampton,GK,38,Arsenal,True,-5.3,0.0,0.0007142857142857143,0.0,0.0,0.002857142857142857,1,1050,1300
Danny Ward,Leicester,GK,38,Bournemouth,False,-2.9,0.0,0.0,0.0,0.0,0.002,3,1080,1260
Killian Cahill,Brighton,GK,38,Spurs,False,-0.7,0.0,0.0,0.0,0.0,0.002,18,1140,1210
Carl Rushworth,Brighton,GK,38,Spurs,False,-0.7,0.0,0.0,0.0,0.0,0.002,18,1140,1210
Sam Johnstone,Crystal Palace,GK,38,Liverpool,False,-4.55,0.0,0.0,0.0,0.0,0.002,12,1140,1370
Daniel Bentley,Wolves,GK,38,Brentford,True,-3.4,0.0,0.0,0.0,0.0,0.002,4,1070,1310
Matt Turner,Nott'm Forest,GK,38,Chelsea,True,-1.6,0.0,0.0,0.0,0.0,0.002,6,1200,1320
Đorđe Petrović,Chelsea,GK,38,Nott'm Forest,False,0.0,0.0,0.0,0.0,0.0,0.002,16,1150,1190
Alfie Whiteman,Spurs,GK,38,Brighton,True,-0.7,0.0,0.0,0.0,0.0,0.002,5,1090,1160
Fraser Forster,Spurs,GK,38,Brighton,True,-0.7,0.0,0.0011111111111111111,0.0,0.0,0.005,5,1090,1160
Tom King,Wolves,GK,38,Brentford,True,-3.4,0.0,0.0,0.0,0.0,0.002,4,1070,1310
Altay Bayindir,Man Utd,GK,38,Aston Villa,True,-2.5,0.0,0.0,0.0,0.0,0.002,2,1120,1270
Steven Benda,Fulham,GK,38,Man City,True,-3.0,0.0,0.0,0.0,0.0,0.002,13,1150,1350
