name,team,minutes,xP,threat,bps,transfers_in,expected_goals,GW,predicted_goals
Erling Haaland,Man City,88.57142857142857,6.0249999999999995,41.357142857142854,26.785714285714285,937653.3928571428,0.7421428571428572,23,0.9620833333333333
Mohamed Salah,Liverpool,88.5625,11.790625,38.5,33.125,3219172.53125,0.6890625,23,0.913690476190476
Cole Palmer,Chelsea,85.58064516129032,6.229032258064516,21.129032258064516,27.032258064516128,2273834.2580645164,0.49322580645161296,23,0.82025
Omar Marmoush,Man City,73.5,5.68,0.0,26.1,1431251.5,0.379,23,0.7335
Matheus Santos Carneiro Da Cunha,Wolves,77.25,4.739285714285714,18.535714285714285,25.535714285714285,421919.03571428574,0.26285714285714284,23,0.7174166666666666
Alexander Isak,Newcastle,75.38709677419355,5.919354838709677,25.967741935483872,25.0,2370013.129032258,0.5619354838709678,23,0.598529761904762
Bukayo Saka,Arsenal,56.833333333333336,5.545833333333333,25.166666666666668,19.5,472473.9166666667,0.21666666666666667,23,0.3893809523809524
Marcus Rashford,Aston Villa,44.625,3.9625,0.0,14.875,627741.375,0.1975,23,0.30684523809523817
Harvey Barnes,Newcastle,44.75,4.457142857142857,10.607142857142858,13.678571428571429,61505.96428571428,0.1907142857142857,23,0.24830952380952387
Marco Asensio,Aston Villa,56.0,4.942857142857143,0.0,15.857142857142858,217680.85714285713,0.5371428571428571,23,0.22508333333333336
Ollie Watkins,Aston Villa,68.93548387096774,4.706451612903226,23.161290322580644,17.29032258064516,791267.5806451613,0.44806451612903225,23,0.2168333333333334
Amad Diallo,Man Utd,66.29166666666667,4.095833333333333,18.125,19.25,448577.5416666667,0.17166666666666666,23,0.21083333333333334
Nicolas Jackson,Chelsea,72.11111111111111,4.3,28.22222222222222,14.518518518518519,451202.55555555556,0.422962962962963,23,0.2025
Antoine Semenyo,Bournemouth,85.40625,3.540625,22.46875,14.59375,387526.0,0.26687500000000003,23,0.1883988095238095
Eberechi Eze,Crystal Palace,70.16129032258064,2.5161290322580645,13.129032258064516,14.67741935483871,378434.9032258064,0.22483870967741934,23,0.18255952380952373
Bryan Mbeumo,Brentford,89.84375,5.346875,15.625,23.6875,1644224.28125,0.3196875,23,0.1794166666666667
Jarrod Bowen,West Ham,81.9,4.116666666666666,20.266666666666666,16.8,271518.76666666666,0.242,23,0.1775
Son Heung-min,Spurs,64.54838709677419,4.016129032258065,14.870967741935484,17.419354838709676,249533.70967741936,0.22838709677419355,23,0.17208333333333328
Yoane Wissa,Brentford,74.40625,3.903125,16.9375,18.15625,605797.0,0.444375,23,0.15141666666666664
Raúl Jiménez,Fulham,61.03125,3.340625,19.0625,13.96875,412159.59375,0.3265625,23,0.1469345238095238
Francisco Evanilson de Lima Barbosa,Bournemouth,69.61538461538461,4.107692307692307,22.03846153846154,16.615384615384617,115957.07692307692,0.41307692307692306,23,0.13391666666666663
Chris Wood,Nott'm Forest,81.1,5.133333333333334,17.466666666666665,22.433333333333334,1625369.2666666666,0.36333333333333334,23,0.13363095238095238
Brennan Johnson,Spurs,69.25,4.557142857142857,21.928571428571427,15.821428571428571,135915.14285714287,0.36678571428571427,23,0.13083333333333333
Justin Kluivert,Bournemouth,66.6896551724138,4.606896551724137,16.655172413793103,17.03448275862069,737306.5862068966,0.3303448275862069,23,0.12774999999999997
Anthony Gordon,Newcastle,74.03448275862068,3.8517241379310345,18.689655172413794,15.310344827586206,618411.0,0.27827586206896554,23,0.11320833333333333
James Maddison,Spurs,59.48275862068966,4.486206896551724,14.310344827586206,19.724137931034484,224221.10344827586,0.1896551724137931,23,0.1088809523809524
Ismaïla Sarr,Crystal Palace,71.0,3.625,16.84375,14.25,249134.53125,0.2603125,23,0.09770833333333334
João Pedro Junqueira de Jesus,Brighton,58.9375,3.421875,11.96875,16.3125,665837.875,0.2790625,23,0.09227380952380954
Anthony Elanga,Nott'm Forest,62.53125,3.625,8.21875,13.625,278298.4375,0.1325,23,0.09097619047619046
Jean-Philippe Mateta,Crystal Palace,75.93548387096774,3.8451612903225807,13.870967741935484,16.903225806451612,440085.96774193546,0.3925806451612903,23,0.08766666666666667
Dejan Kulusevski,Spurs,77.39285714285714,3.8285714285714287,19.857142857142858,14.607142857142858,180340.07142857142,0.13999999999999999,23,0.08720833333333335
Phil Foden,Man City,56.06666666666667,3.183333333333333,9.966666666666667,14.466666666666667,274689.13333333336,0.17099999999999999,23,0.07458333333333333
Bruno Borges Fernandes,Man Utd,82.375,4.646875,11.3125,22.46875,604733.03125,0.2771875,23,0.07075
Cody Gakpo,Liverpool,51.310344827586206,4.231034482758621,13.10344827586207,15.344827586206897,465851.6206896552,0.20413793103448274,23,0.06871428571428571
Noni Madueke,Chelsea,57.0,4.003571428571428,24.214285714285715,13.357142857142858,193795.39285714287,0.28214285714285714,23,0.0683095238095238
Jørgen Strand Larsen,Wolves,77.2,3.7733333333333334,17.533333333333335,16.033333333333335,117691.63333333333,0.30100000000000005,23,0.06583333333333333
Mitoma Kaoru,Brighton,79.48387096774194,3.7419354838709675,17.032258064516128,14.451612903225806,347123.93548387097,0.24387096774193548,23,0.05937499999999999
Luis Díaz,Liverpool,64.21875,6.009375,14.65625,17.25,900559.15625,0.280625,23,0.05375
Morgan Gibbs-White,Nott'm Forest,71.53125,3.421875,11.28125,15.0625,248908.21875,0.14,23,0.04791666666666667
Kai Havertz,Arsenal,76.625,4.020833333333333,25.25,14.166666666666666,211595.20833333334,0.39125000000000004,23,0.047
Jacob Murphy,Newcastle,60.9375,4.578125,7.0625,16.0625,315908.15625,0.178125,23,0.04675
Marshall Munetsi,Wolves,76.0,3.375,0.0,10.25,10448.75,0.3725,23,0.04091666666666667
Julio Enciso,Ipswich,63.0,1.9875,0.0,13.875,9523.125,0.14375,23,0.03991666666666667
Dominic Solanke-Mitchell,Spurs,78.0,3.4884615384615385,22.346153846153847,13.038461538461538,207282.38461538462,0.37846153846153846,23,0.03973214285714286
Kevin De Bruyne,Man City,43.827586206896555,3.0344827586206895,7.344827586206897,12.620689655172415,161674.7931034483,0.11068965517241379,23,0.035083333333333334
Virgil van Dijk,Liverpool,90.0,4.834375,6.03125,17.375,1038988.40625,0.0534375,23,0.035
Marc Guéhi,Crystal Palace,86.89655172413794,3.0,5.068965517241379,14.931034482758621,277933.5862068966,0.05551724137931034,23,0.026666666666666665
Daniel Muñoz,Crystal Palace,83.63333333333334,3.4633333333333334,10.133333333333333,13.9,405574.9,0.13866666666666666,23,0.02475
Dango Ouattara,Bournemouth,55.21875,3.0875,10.84375,12.40625,113695.90625,0.2484375,23,0.024166666666666666
Liam Delap,Ipswich,73.1875,3.34375,14.15625,14.3125,175179.65625,0.285,23,0.023250000000000003
Jamie Vardy,Leicester,76.64516129032258,3.009677419354839,14.290322580645162,12.161290322580646,269608.12903225806,0.30548387096774193,23,0.02
Danny Welbeck,Brighton,55.4,2.9766666666666666,12.4,12.666666666666666,321799.4666666667,0.261,23,0.018333333333333333
Trent Alexander-Arnold,Liverpool,73.93103448275862,5.7,3.7241379310344827,19.379310344827587,1232871.8620689656,0.05241379310344828,23,0.018333333333333333
Enzo Fernández,Chelsea,77.61290322580645,3.9419354838709677,7.741935483870968,18.29032258064516,190705.2258064516,0.17677419354838708,23,0.018000000000000002
Alex Iwobi,Fulham,79.8125,4.0125,13.75,19.03125,259551.5625,0.12,23,0.0175
Romain Esse,Crystal Palace,7.333333333333333,0.5666666666666668,0.0,11.0,6166.666666666667,0.10666666666666667,23,0.01583333333333333
Dominik Szoboszlai,Liverpool,66.0625,4.771875,8.6875,15.09375,136694.03125,0.2,23,0.014583333333333332
Mathys Tel,Spurs,57.0,2.6,0.0,12.142857142857142,17414.14285714286,0.26142857142857145,23,0.01125
Sávio 'Savinho' Moreira de Oliveira,Man City,57.0,3.4499999999999997,15.357142857142858,15.071428571428571,109940.92857142857,0.1582142857142857,23,0.011214285714285715
Donyell Malen,Aston Villa,28.333333333333332,2.7222222222222223,0.0,10.88888888888889,14615.444444444445,0.17333333333333334,23,0.010833333333333332
Iliman Ndiaye,Everton,75.37037037037037,2.988888888888889,9.62962962962963,16.037037037037038,87133.18518518518,0.18444444444444447,23,0.01
Nikola Milenković,Nott'm Forest,87.09677419354838,3.8774193548387097,6.612903225806452,14.193548387096774,398409.1612903226,0.10935483870967742,23,0.009476190476190477
Emile Smith Rowe,Fulham,60.3,2.9766666666666666,5.866666666666666,12.733333333333333,409496.4666666667,0.13466666666666666,23,0.009416666666666667
Diogo Teixeira da Silva,Liverpool,36.92857142857143,3.439285714285714,12.0,8.321428571428571,128077.25,0.24500000000000002,23,0.00875
Joško Gvardiol,Man City,85.41935483870968,4.16774193548387,10.0,15.935483870967742,909058.7096774194,0.13096774193548386,23,0.005833333333333333
Jhon Durán,Aston Villa,27.043478260869566,1.9956521739130435,14.130434782608695,9.652173913043478,85054.60869565218,0.22217391304347828,23,0.005
Odsonne Edouard,Crystal Palace,57.5,1.6,16.0,1.5,2640.0,0.195,23,0.004166666666666667
Thomas Partey,Arsenal,75.58064516129032,3.5999999999999996,3.935483870967742,16.06451612903226,36551.290322580644,0.06451612903225806,23,0.00375
Youri Tielemans,Aston Villa,85.46875,2.984375,3.5625,18.6875,54304.6875,0.0925,23,0.003333333333333333
Joelinton Cássio Apolinário de Lira,Newcastle,79.44827586206897,3.427586206896552,12.89655172413793,12.586206896551724,55090.75862068965,0.12724137931034482,23,0.003333333333333333
Adama Traoré,Fulham,48.483870967741936,2.064516129032258,8.774193548387096,10.258064516129032,82377.25806451614,0.12161290322580645,23,0.003333333333333333
Yankuba Minteh,Brighton,46.03333333333333,2.283333333333333,5.933333333333334,11.133333333333333,47454.333333333336,0.11800000000000001,23,0.003333333333333333
Rodrigo Muniz Carvalho,Fulham,29.46875,2.209375,8.625,10.90625,84870.0625,0.1846875,23,0.003333333333333333
Dwight McNeil,Everton,52.0,2.890909090909091,7.681818181818182,14.454545454545455,88989.36363636363,0.03954545454545454,23,0.003333333333333333
Curtis Jones,Liverpool,46.86666666666667,2.9166666666666665,9.433333333333334,11.333333333333334,15691.9,0.137,23,0.003333333333333333
Mikel Merino,Arsenal,46.03448275862069,2.9310344827586206,6.758620689655173,9.931034482758621,36474.96551724138,0.13896551724137932,23,0.003333333333333333
Harry Wilson,Fulham,36.04347826086956,2.243478260869565,12.304347826086957,10.521739130434783,15555.565217391304,0.14304347826086958,23,0.003333333333333333
Alexis Mac Allister,Liverpool,74.375,4.115625,6.375,15.53125,84394.75,0.085625,23,0.0025
Jaden Philogene,Ipswich,52.22222222222222,2.1555555555555554,0.0,11.0,6394.777777777777,0.21888888888888888,23,0.0025
Mateo Kovačić,Man City,61.766666666666666,2.79,4.166666666666667,15.166666666666666,63198.26666666667,0.05333333333333334,23,0.0025
Gabriel Martinelli Silva,Arsenal,61.62068965517241,3.5931034482758624,15.89655172413793,11.206896551724139,117435.0,0.17517241379310344,23,0.0025
Declan Rice,Arsenal,75.25,3.2875,5.1875,16.09375,114931.09375,0.080625,23,0.0025
Sandro Tonali,Newcastle,65.15625,2.928125,4.25,12.625,23405.65625,0.1109375,23,0.0025
Mikkel Damsgaard,Brentford,75.28125,3.303125,7.09375,16.375,69966.5,0.0834375,23,0.0025
Callum Hudson-Odoi,Nott'm Forest,71.48275862068965,2.8275862068965516,8.862068965517242,14.862068965517242,59059.68965517241,0.08689655172413793,23,0.0025
Crysencio Summerville,West Ham,36.95238095238095,1.538095238095238,8.857142857142858,6.142857142857143,2328.3333333333335,0.07666666666666667,23,0.0025
Carlos Alcaraz Durán,Everton,55.285714285714285,1.6714285714285713,0.0,13.428571428571429,7247.714285714285,0.16999999999999998,23,0.0025
Martin Ødegaard,Arsenal,61.1,2.95,8.366666666666667,12.466666666666667,203126.56666666668,0.1423333333333333,23,0.002
Pedro Porro,Spurs,81.62068965517241,3.5586206896551724,5.241379310344827,14.620689655172415,726434.7931034482,0.05241379310344828,23,0.0016666666666666666
Ibrahima Konaté,Liverpool,67.58064516129032,3.648387096774193,2.225806451612903,13.774193548387096,348078.0,0.052258064516129035,23,0.0016666666666666666
Raheem Sterling,Chelsea,0.0,0.75,0.0,0.0,1354.5,0.0,23,0.001
Cieran Slicker,Ipswich,0.0,-0.23809523809523808,0.0,0.0,1811.7142857142858,0.0,23,0.001
Hwang Ui-jo,Nott'm Forest,0.0,0.07142857142857142,0.0,0.0,15110.857142857143,0.0,23,0.001
Jakub Stolarczyk,Leicester,23.47826086956522,0.14782608695652175,0.0,1.9130434782608696,5809.95652173913,0.0,23,0.001
Lloyd Kelly,Newcastle,13.590909090909092,0.6454545454545454,0.6363636363636364,1.8181818181818181,1006.8636363636364,0.01863636363636364,23,0.001
Will Hughes,Crystal Palace,58.285714285714285,1.4714285714285715,2.0,8.714285714285714,1844.357142857143,0.030714285714285715,23,0.001
Jakub Moder,Brighton,0.42857142857142855,0.08095238095238096,0.09523809523809523,0.8095238095238095,8232.761904761905,0.0,23,0.001
David Ozoh,Crystal Palace,0.0,0.0,0.0,0.0,0.0,0.0,23,0.001
Valentín Barco,Brighton,0.0,0.047619047619047616,0.0,0.0,1631.142857142857,0.0,23,0.001
Dean Huijsen,Bournemouth,58.275862068965516,2.4482758620689653,3.8275862068965516,11.931034482758621,152331.3103448276,0.0503448275862069,23,0.001
Max Aarons,Bournemouth,4.0,0.23809523809523808,0.0,1.4761904761904763,588.4285714285714,0.0,23,0.001
Malo Gusto,Chelsea,57.096774193548384,1.8225806451612903,3.4516129032258065,8.290322580645162,66364.96774193548,0.045806451612903226,23,0.001
Mark Travers,Bournemouth,21.428571428571427,0.6,0.0,3.619047619047619,822.8095238095239,0.0,23,0.001
Sam Szmodics,Ipswich,44.36363636363637,2.0727272727272728,11.954545454545455,7.318181818181818,5752.181818181818,0.15636363636363637,23,0.001
Rhys Williams,Liverpool,0.0,0.1,0.0,0.0,41.4,0.0,23,0.001
Ryan Yates,Nott'm Forest,59.0,1.9517241379310346,6.310344827586207,9.931034482758621,6264.517241379311,0.0803448275862069,23,0.001
Matz Sels,Nott'm Forest,90.0,4.187096774193549,0.0,15.64516129032258,723980.1290322581,0.0,23,0.001
Tyrone Mings,Aston Villa,33.10344827586207,0.6793103448275862,0.6206896551724138,6.0344827586206895,5894.551724137931,0.02896551724137931,23,0.001
Bryan Gil Salvatierra,Spurs,0.0,0.0,0.0,0.0,0.0,0.0,23,0.001
Myles Lewis-Skelly,Arsenal,30.896551724137932,1.3103448275862069,0.20689655172413793,5.827586206896552,9883.034482758621,0.0013793103448275863,23,0.001
Giovani Lo Celso,Spurs,0.0,0.1,0.0,0.0,97.71428571428571,0.0,23,0.001
Timo Werner,Spurs,22.90909090909091,1.6954545454545453,5.136363636363637,5.454545454545454,1349.1363636363637,0.04727272727272727,23,0.001
Kamaldeen Sulemana,Southampton,31.096774193548388,0.667741935483871,1.6451612903225807,4.516129032258065,750.1935483870968,0.03193548387096774,23,0.001
Tawanda Chirewa,Wolves,0.0,0.0,0.0,0.0,90.9047619047619,0.0,23,0.001
Jaidon Anthony,Bournemouth,0.0,0.023809523809523808,0.0,0.0,399.0952380952381,0.0,23,0.001
Joël Veltman,Brighton,64.66666666666667,2.0083333333333333,0.875,10.916666666666666,50822.791666666664,0.019583333333333335,23,0.001
Cameron Humphreys,Ipswich,0.0,0.0,0.0,0.0,31.0,0.0,23,0.001
Ashley Young,Everton,54.357142857142854,2.7535714285714286,1.25,10.107142857142858,96223.53571428571,0.009642857142857144,23,0.001
Kristoffer Ajer,Brentford,45.43333333333333,1.0133333333333332,2.533333333333333,4.233333333333333,7874.533333333334,0.02766666666666667,23,0.001
Michail Antonio,West Ham,39.714285714285715,1.9142857142857144,9.238095238095237,5.285714285714286,18333.428571428572,0.10476190476190476,23,0.001
Harry Maguire,Man Utd,45.666666666666664,0.9703703703703703,1.962962962962963,6.592592592592593,17537.074074074073,0.04777777777777778,23,0.001
Neco Williams,Nott'm Forest,63.16129032258065,2.629032258064516,3.903225806451613,11.64516129032258,99928.35483870968,0.06967741935483872,23,0.001
Andrew Moran,Brighton,0.0,0.0761904761904762,0.0,0.0,1.1428571428571428,0.0,23,0.001
Will Smallbone,Southampton,18.93103448275862,0.14137931034482756,1.103448275862069,3.3793103448275863,734.8620689655172,0.014827586206896552,23,0.001
James Tarkowski,Everton,89.71875,3.38125,4.125,14.125,129025.96875,0.035625,23,0.001
Mykhailo Mudryk,Chelsea,6.904761904761905,0.5333333333333333,1.4761904761904763,1.2380952380952381,857.7619047619048,0.011428571428571429,23,0.001
Hamed Traorè,Bournemouth,0.0,0.023809523809523808,0.0,0.0,167.85714285714286,0.0,23,0.001
Stefan Ortega Moreno,Man City,36.04347826086956,1.808695652173913,0.0,5.260869565217392,7583.869565217391,0.0,23,0.001
Niclas Füllkrug,West Ham,18.0,0.7652173913043478,4.913043478260869,5.217391304347826,10460.260869565218,0.07173913043478261,23,0.001
Renato Palma Veiga,Chelsea,8.380952380952381,0.6,0.9047619047619048,1.0476190476190477,1944.0,0.007619047619047619,23,0.001
Samuel Iling-Junior,Aston Villa,0.0,0.047619047619047616,0.0,0.0,16.285714285714285,0.0,23,0.001
Boubacar Kamara,Aston Villa,41.241379310344826,0.9620689655172414,0.9655172413793104,7.103448275862069,1318.2068965517242,0.012413793103448275,23,0.001
Leon Bailey,Aston Villa,41.76923076923077,1.4769230769230768,8.846153846153847,6.5,23435.19230769231,0.065,23,0.001
Ali Al-Hamadi,Ipswich,5.9523809523809526,0.1285714285714286,1.5238095238095237,0.7142857142857143,2751.3333333333335,0.016666666666666666,23,0.001
Roméo Lavia,Chelsea,24.454545454545453,0.8272727272727273,0.22727272727272727,3.8181818181818183,10633.90909090909,0.00818181818181818,23,0.001
Willy Boly,Nott'm Forest,6.3478260869565215,0.18695652173913044,0.7391304347826086,1.1304347826086956,1581.391304347826,0.0030434782608695656,23,0.001
Carlos Alcaraz Durán,Southampton,0.42857142857142855,0.02857142857142857,0.9047619047619048,0.19047619047619047,51.04761904761905,0.0033333333333333335,23,0.001
Jakub Kiwior,Arsenal,24.041666666666668,1.6083333333333334,0.0,3.0,6590.875,0.005416666666666667,23,0.001
Tim Iroegbunam,Everton,18.464285714285715,0.5857142857142856,1.0357142857142858,2.607142857142857,26916.14285714286,0.008214285714285714,23,0.001
Victor Lindelöf,Man Utd,10.88,0.36,0.16,1.76,1415.12,0.0,23,0.001
Abdul Fatawu,Leicester,27.428571428571427,1.0476190476190477,7.0476190476190474,5.9523809523809526,3278.190476190476,0.019523809523809527,23,0.001
Cameron Burgess,Ipswich,45.0,0.584,2.92,4.04,52420.12,0.022000000000000002,23,0.001
Ross Barkley,Aston Villa,25.904761904761905,1.5714285714285714,8.80952380952381,7.142857142857143,1232.5238095238096,0.08,23,0.001
Benjamin White,Arsenal,31.791666666666668,1.7625,1.2083333333333333,5.125,35994.416666666664,0.015833333333333335,23,0.001
James McConnell,Liverpool,0.0,0.775,0.0,0.0,410.85,0.0,23,0.001
Kobbie Mainoo,Man Utd,51.6,1.004,3.36,7.48,39052.96,0.024,23,0.001
Adam Armstrong,Southampton,54.17391304347826,1.4043478260869564,10.608695652173912,6.304347826086956,20920.478260869564,0.1426086956521739,23,0.001
Aaron Cresswell,West Ham,20.821428571428573,0.525,0.03571428571428571,3.892857142857143,52822.25,0.003928571428571429,23,0.001
Nathan Wood-Gordon,Southampton,27.476190476190474,-0.13333333333333333,0.6666666666666666,2.1904761904761907,5716.380952380952,0.010952380952380951,23,0.001
Emil Krafth,Newcastle,10.307692307692308,0.8730769230769231,0.4230769230769231,1.7692307692307692,2348.8846153846152,0.0015384615384615385,23,0.001
Lewis Miley,Newcastle,7.551724137931035,0.4586206896551724,0.0,2.6206896551724137,525.2758620689655,0.019655172413793102,23,0.001
Ibrahim Osman,Brighton,0.0,0.0,0.0,0.0,0.0,0.0,23,0.001
Alex Scott,Bournemouth,20.037037037037038,0.6851851851851852,0.7777777777777778,4.111111111111111,796.2962962962963,0.023333333333333334,23,0.001
Matheus França de Oliveira,Crystal Palace,1.0434782608695652,0.2652173913043478,0.0,1.173913043478261,7541.434782608696,0.005217391304347826,23,0.001
Murillo Santiago Costa dos Santos,Nott'm Forest,85.6,3.493333333333333,4.433333333333334,16.066666666666666,148383.43333333332,0.036333333333333336,23,0.001
Julián Araujo Zúñiga,Bournemouth,16.761904761904763,0.35238095238095235,0.09523809523809523,0.5238095238095238,517.5238095238095,0.0,23,0.001
Caleb Okoli,Leicester,41.56,0.5,1.44,4.08,17060.32,0.0248,23,0.001
Odysseas Vlachodimos,Newcastle,0.0,0.10476190476190476,0.0,0.0,154.61904761904762,0.0,23,0.001
George Earthy,West Ham,0.0,0.0,0.0,0.0,0.0,0.0,23,0.001
Daichi Kamada,Crystal Palace,38.0,1.01875,2.875,5.625,4459.28125,0.0290625,23,0.001
Reece James,Chelsea,26.275862068965516,0.8172413793103448,0.2413793103448276,5.241379310344827,25927.931034482757,0.008620689655172414,23,0.001
Conor Chaplin,Ipswich,27.90909090909091,1.2636363636363637,3.909090909090909,5.363636363636363,714.9090909090909,0.053636363636363635,23,0.001
Santiago Bueno,Wolves,48.46666666666667,1.1133333333333333,2.6666666666666665,4.8,2769.866666666667,0.014999999999999998,23,0.001
Corrie Ndaba,Ipswich,0.0,0.0,0.0,0.0,0.0,0.0,23,0.001
Kenny Tete,Fulham,57.72727272727273,1.55,5.2272727272727275,7.136363636363637,3536.2272727272725,0.046363636363636364,23,0.001
Pablo Sarabia,Wolves,20.28125,1.0,3.5625,4.34375,3152.5625,0.0840625,23,0.001
Kortney Hause,Aston Villa,0.0,-0.047619047619047616,0.0,0.0,2351.0476190476193,0.0,23,0.001
Tino Livramento,Newcastle,70.5,3.1733333333333333,0.9,12.5,153171.76666666666,0.005333333333333333,23,0.001
Tyler Adams,Bournemouth,45.75,1.353125,1.28125,7.40625,2783.09375,0.0396875,23,0.001
Danilo dos Santos de Oliveira,Nott'm Forest,7.961538461538462,0.27692307692307694,0.0,1.3461538461538463,552.6923076923077,0.0,23,0.001
Jenson Metcalfe,Everton,0.0,0.05,0.0,0.0,38.85,0.0,23,0.001
Marcus Rashford,Man Utd,46.42857142857143,3.038095238095238,9.238095238095237,8.857142857142858,32478.04761904762,0.0761904761904762,23,0.001
Bruno Guimarães Rodriguez Moura,Newcastle,85.40625,3.634375,5.5625,17.9375,104956.59375,0.1078125,23,0.001
Fraser Forster,Spurs,30.0,1.1666666666666667,0.0,3.0476190476190474,4827.666666666667,0.0,23,0.001
Elliot Anderson,Nott'm Forest,69.5,2.4875,5.78125,13.90625,12421.59375,0.050937500000000004,23,0.001
John Ruddy,Newcastle,0.0,0.047619047619047616,0.0,0.0,897.4761904761905,0.0,23,0.001
Wilfred Ndidi,Leicester,65.03448275862068,1.4793103448275862,6.448275862068965,10.275862068965518,8916.275862068966,0.06344827586206897,23,0.001
Scott McTominay,Man Utd,0.8095238095238095,0.12380952380952381,0.23809523809523808,0.19047619047619047,318.6190476190476,0.0033333333333333335,23,0.001
Fábio Freitas Gouveia Carvalho,Brentford,18.458333333333332,1.175,5.375,5.291666666666667,13929.541666666666,0.10375,23,0.001
Boubacar Traoré,Wolves,0.045454545454545456,0.0409090909090909,0.0,0.13636363636363635,196.5909090909091,0.0,23,0.001
Stefan Bajčetić Maquieira,Liverpool,0.0,0.125,0.0,0.0,135.6,0.0,23,0.001
Enzo Barrenechea,Aston Villa,0.0,0.028571428571428574,0.0,0.0,41.523809523809526,0.0,23,0.001
Carlos Vinícius Alves Morais,Fulham,0.14285714285714285,0.04285714285714285,0.9047619047619048,0.2857142857142857,2267.5238095238096,0.002857142857142857,23,0.001
Pervis Estupiñán,Brighton,66.39285714285714,1.3892857142857142,3.2142857142857144,8.928571428571429,39382.03571428572,0.023214285714285715,23,0.001
James Milner,Brighton,8.047619047619047,0.2,0.5714285714285714,1.1428571428571428,221.1904761904762,0.007619047619047619,23,0.001
Ryan Trevitt,Brentford,0.14285714285714285,-0.014285714285714285,0.0,0.23809523809523808,405.0,0.0,23,0.001
Luke Shaw,Man Utd,3.6363636363636362,-0.009090909090909092,0.0,1.2272727272727273,998.3636363636364,0.0,23,0.001
Jérémy Doku,Man City,42.3,2.3766666666666665,7.5,12.033333333333333,63428.166666666664,0.034666666666666665,23,0.001
Cheick Doucouré,Crystal Palace,21.095238095238095,0.6619047619047619,1.0952380952380953,3.380952380952381,596.4761904761905,0.01904761904761905,23,0.001
Marcus Bettinelli,Chelsea,0.0,0.23809523809523808,0.0,0.0,1455.4285714285713,0.0,23,0.001
Alisson Ramses Becker,Liverpool,65.6,3.566666666666667,0.0,11.966666666666667,369972.4666666667,0.0,23,0.001
Aaron Hickey,Brentford,0.0,0.0,0.0,0.0,25.38095238095238,0.0,23,0.001
Alex McCarthy,Southampton,20.454545454545453,0.0090909090909091,0.0,1.4545454545454546,1481.909090909091,0.0,23,0.001
Neal Maupay,Everton,0.0,0.06999999999999999,0.0,0.0,1020.1,0.0,23,0.001
Steven Benda,Fulham,0.0,-0.09523809523809523,0.0,0.0,1175.6190476190477,0.0,23,0.001
Dean Henderson,Crystal Palace,90.0,3.303125,0.125,12.0,537782.5625,0.0003125,23,0.001
Ki-Jana Hoever,Wolves,0.0,0.0,0.0,0.0,153.52380952380952,0.0,23,0.001
Charlie Taylor,Southampton,12.523809523809524,-0.3619047619047619,0.09523809523809523,0.7619047619047619,18841.428571428572,0.0,23,0.001
Matty Cash,Aston Villa,56.074074074074076,1.2777777777777777,3.4074074074074074,7.074074074074074,32597.814814814814,0.011851851851851851,23,0.001
Adam Lallana,Southampton,14.666666666666666,-0.07916666666666668,0.875,3.0833333333333335,500.7083333333333,0.006250000000000001,23,0.001
Morgan Rogers,Aston Villa,81.1875,3.7375,11.84375,13.875,1022763.125,0.17906249999999999,23,0.001
Tom Cannon,Leicester,0.0,0.0,0.0,0.0,2341.7619047619046,0.0,23,0.001
Ben Davies,Spurs,30.0,0.7074074074074075,0.07407407407407407,5.074074074074074,4162.074074074074,0.006296296296296296,23,0.001
Tyler Morton,Liverpool,0.0,0.775,0.0,0.0,1435.45,0.0,23,0.001
Jordan Ayew,Leicester,48.22222222222222,1.7481481481481482,7.555555555555555,8.222222222222221,5883.851851851852,0.10703703703703704,23,0.001
Calvin Bassey,Fulham,84.64516129032258,1.9161290322580644,1.8387096774193548,11.451612903225806,22441.677419354837,0.03193548387096774,23,0.001
Eddie Nketiah,Arsenal,0.0,2.0,0.0,0.0,1198.0,0.0,23,0.001
Andreas Hoelgebaum Pereira,Fulham,57.1,1.9633333333333334,7.3,11.433333333333334,35292.96666666667,0.11366666666666667,23,0.001
Amadou Onana,Aston Villa,48.15384615384615,1.4576923076923076,6.923076923076923,9.038461538461538,104388.80769230769,0.07230769230769231,23,0.001
Reiss Nelson,Arsenal,1.0,2.05,0.0,1.5,126.0,0.0,23,0.001
Lewis Hall,Newcastle,80.6923076923077,3.423076923076923,4.3076923076923075,17.23076923076923,631750.3461538461,0.01653846153846154,23,0.001
Tosin Adarabioyo,Chelsea,40.58620689655172,1.6758620689655173,1.2758620689655173,8.172413793103448,14479.344827586207,0.03103448275862069,23,0.001
Matt Targett,Newcastle,0.5714285714285714,0.08095238095238096,0.0,0.14285714285714285,1513.857142857143,0.0,23,0.001
Filip Marschall,Aston Villa,0.0,0.0,0.0,0.0,0.0,0.0,23,0.001
Jan Paul van Hecke,Brighton,80.34482758620689,2.2724137931034485,2.8620689655172415,12.827586206896552,38578.06896551724,0.04275862068965517,23,0.001
Jean-Clair Todibo,West Ham,48.25925925925926,1.137037037037037,0.5925925925925926,6.518518518518518,6738.407407407408,0.005555555555555557,23,0.001
Chris Mepham,Bournemouth,0.0,0.06666666666666667,0.0,0.0,13.666666666666666,0.0,23,0.001
Jorge Cuenca Barreno,Fulham,11.217391304347826,0.20869565217391303,0.0,1.3043478260869565,490.2173913043478,0.0008695652173913044,23,0.001
Rico Lewis,Man City,62.275862068965516,2.389655172413793,4.206896551724138,9.0,221440.37931034484,0.04551724137931035,23,0.001
Marc Guiu Paz,Chelsea,3.227272727272727,0.3409090909090909,0.0,0.5,7695.545454545455,0.0,23,0.001
Sam Morsy,Ipswich,77.60714285714286,1.6285714285714286,0.8214285714285714,11.678571428571429,5361.035714285715,0.011785714285714287,23,0.001
Issa Diop,Fulham,49.407407407407405,0.9037037037037037,2.8518518518518516,5.407407407407407,6621.888888888889,0.01888888888888889,23,0.001
William Osula,Newcastle,3.32,0.36,0.16,1.08,3656.08,0.0016,23,0.001
Igor Julio dos Santos de Paulo,Brighton,42.857142857142854,0.7952380952380952,0.19047619047619047,4.904761904761905,625.2380952380952,0.002380952380952381,23,0.001
John McGinn,Aston Villa,60.87096774193548,1.8258064516129033,4.870967741935484,9.290322580645162,27087.09677419355,0.08096774193548387,23,0.001
Oscar Bobb,Man City,0.5652173913043478,0.07391304347826087,0.0,0.43478260869565216,648.4782608695652,0.0,23,0.001
Pedro Cardoso de Lima,Wolves,3.0,-0.11739130434782609,0.08695652173913043,0.391304347826087,18717.130434782608,0.002608695652173913,23,0.001
Pierre-Emile Højbjerg,Spurs,0.0,0.0,0.0,0.0,0.0,0.0,23,0.001
Nathan Collins,Brentford,90.0,2.915625,6.65625,14.375,115422.53125,0.07125,23,0.001
Jesper Lindstrøm,Everton,42.37931034482759,1.4827586206896552,5.655172413793103,5.758620689655173,3168.206896551724,0.07413793103448275,23,0.001
Mathias Jorgensen,Brentford,0.0,0.0,0.0,0.0,0.0,0.0,23,0.001
Harry Souttar,Leicester,0.0,0.0,0.0,0.0,0.0,0.0,23,0.001
John Stones,Man City,19.73913043478261,1.5739130434782609,3.0434782608695654,4.217391304347826,18930.347826086956,0.026086956521739136,23,0.001
Ben Nelson,Leicester,0.0,0.0,0.0,0.0,105.14285714285714,0.0,23,0.001
Bernardo Veiga de Carvalho e Silva,Man City,78.77777777777777,3.3185185185185184,16.40740740740741,15.74074074074074,102019.37037037036,0.11,23,0.001
Filip Jørgensen,Chelsea,21.6,0.8320000000000001,0.0,2.36,8038.88,0.0,23,0.001
David Brooks,Bournemouth,25.06451612903226,1.429032258064516,4.161290322580645,5.67741935483871,1533.8387096774193,0.07096774193548387,23,0.001
Solly March,Brighton,1.5,0.03333333333333333,0.16666666666666666,0.6666666666666666,517.25,0.002916666666666667,23,0.001
Manor Solomon,Spurs,0.0,0.11904761904761904,0.0,0.0,22.857142857142858,0.0,23,0.001
Nathaniel Phillips,Liverpool,0.0,0.125,0.0,0.0,201.3,0.0,23,0.001
Kieran Trippier,Newcastle,33.857142857142854,1.875,0.4642857142857143,8.285714285714286,118196.35714285714,0.002857142857142857,23,0.001
James Bree,Southampton,30.04,-0.21600000000000003,1.24,2.8,8819.16,0.0044,23,0.001
Gustavo Nunes Fernandes Gomes,Brentford,0.05,0.095,0.0,0.15,34.95,0.0,23,0.001
Oliver Skipp,Leicester,33.47826086956522,0.491304347826087,0.5652173913043478,4.043478260869565,757.0434782608696,0.005652173913043478,23,0.001
Min-Hyeok Yang,Spurs,0.0,1.2,0.0,0.0,130.0,0.0,23,0.001
Callan McKenna,Bournemouth,,,,,,,23,0.001
Damola Ajayi,Spurs,,,,,,,23,0.001
Zain Silcott-Duberry,Bournemouth,1.0,0.5,0.0,5.0,64.0,0.0,23,0.001
Fabian Hürzeler,Brighton,0.0,7.471428571428571,0.0,0.0,29560.571428571428,0.0,23,0.001
Vitor de Oliveira Nunes dos Reis,Man City,1.0,0.8,0.0,4.0,1394.0,0.0,23,0.001
Thomas Frank,Brentford,0.0,5.1,0.0,0.0,20568.875,0.0,23,0.001
Marco Alexandre Saraiva da Silva,Fulham,0.0,7.542857142857143,0.0,0.0,8710.857142857143,0.0,23,0.001
Pep Guardiola,Man City,0.0,6.2125,0.0,0.0,25770.375,0.0,23,0.001
Abdukodir Khusanov,Man City,90.0,2.9749999999999996,0.0,20.25,23353.25,0.0,23,0.001
Andrés García,Aston Villa,45.142857142857146,0.7714285714285715,0.0,3.7142857142857144,7323.285714285715,0.005714285714285714,23,0.001
Nuno Herlander Simões Espírito Santo,Nott'm Forest,0.0,6.3,0.0,0.0,28392.0,0.0,23,0.001
Vítor Manuel de Oliveira Lopes Pereira,Wolves,0.0,7.944444444444445,0.0,0.0,29961.11111111111,0.0,23,0.001
Kieran McKenna,Ipswich,0.0,3.922222222222222,0.0,0.0,4952.888888888889,0.0,23,0.001
Ruben Filipe Marques Diogo Amorim,Man Utd,0.0,4.928571428571429,0.0,0.0,23649.85714285714,0.0,23,0.001
Mikel Arteta,Arsenal,0.0,6.733333333333333,0.0,0.0,46408.555555555555,0.0,23,0.001
Ruud van Nistelrooij,Leicester,0.0,2.15,0.0,0.0,213.5,0.0,23,0.001
Andoni Iraola,Bournemouth,0.0,4.0375,0.0,0.0,49736.5,0.0,23,0.001
Oliver Glasner,Crystal Palace,0.0,7.144444444444444,0.0,0.0,86296.88888888889,0.0,23,0.001
Ange Postecoglou,Spurs,0.0,5.1571428571428575,0.0,0.0,12857.57142857143,0.0,23,0.001
Enzo Maresca,Chelsea,0.0,5.3375,0.0,0.0,32169.75,0.0,23,0.001
Graham Potter,West Ham,0.0,4.971428571428571,0.0,0.0,16653.85714285714,0.0,23,0.001
Woyo Coulibaly,Leicester,7.5,0.6,0.0,3.0,640.5,0.0,23,0.001
Matai Akinmboni,Bournemouth,0.0,0.7,0.0,0.0,155.0,0.0,23,0.001
Eddie Howe,Newcastle,0.0,10.475,0.0,0.0,113605.75,0.0,23,0.001
Julio Soler,Bournemouth,0.5,0.75,0.0,3.0,1889.5,0.0,23,0.001
Henry Cartwright,Leicester,0.0,-0.05000000000000001,0.0,0.0,52.166666666666664,0.0,23,0.001
Benjamin Arthur,Brentford,0.0,0.175,0.0,0.0,229.25,0.0,23,0.001
Max Alleyne,Man City,0.0,0.8,0.0,0.0,64.75,0.0,23,0.001
Archie Harris,Bournemouth,0.0,0.175,0.0,0.0,249.0,0.0,23,0.001
Spike Brits,Man City,0.0,0.825,0.0,0.0,90.75,0.0,23,0.001
Jayden Danns,Liverpool,2.5,1.325,0.0,0.5,1471.0,0.0,23,0.001
Remy Rees-Dottin,Bournemouth,0.25,0.15000000000000002,0.0,0.75,4084.25,0.0,23,0.001
Zach Abbott,Nott'm Forest,0.0,0.06666666666666665,0.0,0.0,439.6666666666667,0.0,23,0.001
Thomas Wilson-Brown,Leicester,0.0,0.2333333333333333,0.0,0.0,94.66666666666667,0.0,23,0.001
Jamaldeen Jimoh,Aston Villa,0.0,0.6,0.0,0.0,29.5,0.0,23,0.001
Wes Okoduwa,Wolves,0.0,0.6,0.0,0.0,123.5,0.0,23,0.001
Welington Damascena Santos,Southampton,26.833333333333332,0.016666666666666663,0.0,2.6666666666666665,870.8333333333334,0.0016666666666666668,23,0.001
Antonín Kinsky,Spurs,90.0,1.75,0.0,13.0,27068.5,0.0,23,0.001
Emmanuel Agbadou,Wolves,90.0,1.7222222222222223,0.0,14.0,12006.333333333334,0.030000000000000002,23,0.001
Dominic Sadi,Bournemouth,0.0,0.7,0.0,0.0,0.0,0.0,23,0.001
Martin Sherif,Everton,0.0,1.1,0.0,0.0,0.0,0.0,23,0.001
Wayne Hennessey,Nott'm Forest,0.0,0.3,0.0,0.0,111.0,0.0,23,0.001
Joachim Kayi-Sanda,Southampton,0.0,0.7,0.0,0.0,7.0,0.0,23,0.001
Ben Godfrey,Ipswich,0.0,1.2,0.0,0.0,963.0,0.0,23,0.001
Daniel Adu-Adjei,Bournemouth,0.0,0.6,0.0,0.0,0.0,0.0,23,0.001
Diego Gómez,Brighton,37.54545454545455,1.0909090909090908,0.0,6.7272727272727275,1415.4545454545455,0.02909090909090909,23,0.001
Ivan Juric,Southampton,0.0,1.6714285714285713,0.0,0.0,620.5714285714286,0.0,23,0.001
Albert Grønbæk,Southampton,35.25,0.15000000000000002,0.0,3.25,489.25,0.03,23,0.001
Samuel Rak-Sakyi,Chelsea,0.0,0.7000000000000001,0.0,0.0,30.5,0.0,23,0.001
Coby Ebere,Everton,,,,,,,23,0.001
Aaron Anselmino,Chelsea,,,,,,,23,0.001
Sékou Koné,Man Utd,,,,,,,23,0.001
Iwan Morgan,Brentford,,,,,,,23,0.001
Shumaira Mheuka,Chelsea,1.0,1.5,0.0,5.0,660.0,0.06,23,0.001
Hubert Graczyk,Man Utd,,,,,,,23,0.001
Ishé Samuels-Smith,Chelsea,,,,,,,23,0.001
Mateus Mané,Wolves,,,,,,,23,0.001
Genesis Antwi,Chelsea,,,,,,,23,0.001
Claudio Echeverri,Man City,,,,,,,23,0.001
Dermot Mee,Man Utd,,,,,,,23,0.001
Sean Neave,Newcastle,,,,,,,23,0.001
Benjamin Fredrick,Brentford,,,,,,,23,0.001
Charlie Tasker,Brighton,,,,,,,23,0.001
Jimi Gower,Arsenal,,,,,,,23,0.001
Jeremy Monga,Leicester,16.0,0.7,0.0,1.0,0.0,0.0,23,0.001
Freddie Simmonds,Brighton,,,,,,,23,0.001
Harry Howell,Brighton,,,,,,,23,0.001
Jack Henry-Francis,Arsenal,,,,,,,23,0.001
Jake Evans,Leicester,1.0,1.2,0.0,3.0,0.0,0.0,23,0.001
Jay Robinson,Southampton,1.0,0.6,0.0,4.0,0.0,0.0,23,0.001
Olabade Aluko,Leicester,,,,,,,23,0.001
Patrick Dorgu,Man Utd,90.0,1.375,0.0,15.75,16756.0,0.075,23,0.001
Ayden Heaven,Man Utd,47.5,0.19999999999999998,0.0,10.0,10447.5,0.0,23,0.001
Unai Emery,Aston Villa,0.0,7.111111111111111,0.0,0.0,202840.33333333334,0.0,23,0.001
Axel Disasi,Aston Villa,90.0,0.7000000000000001,0.0,17.333333333333332,59721.0,0.0033333333333333335,23,0.001
Jack Porter,Arsenal,,,,,,,23,0.001
David Moyes,Everton,0.0,10.64,0.0,0.0,197689.3,0.0,23,0.001
Arne Slot,Liverpool,0.0,11.39090909090909,0.0,0.0,422248.8181818182,0.0,23,0.001
Joe Knight,Brighton,,,,,,,23,0.001
Isaac Heath,Everton,,,,,,,23,0.001
Michael Kayode,Brentford,9.666666666666666,0.85,0.0,4.333333333333333,810.5,0.0,23,0.001
Dante Cassanova,Spurs,,,,,,,23,0.001
Julian Eyestone,Brentford,,,,,,,23,0.001
Elyh Harrison,Man Utd,,,,,,,23,0.001
Mathis Amougou,Chelsea,7.0,1.3,0.0,2.0,178.0,0.0,23,0.001
Alex Palmer,Ipswich,90.0,1.8166666666666667,0.0,11.666666666666666,5041.0,0.0,23,0.001
Evan Ferguson,West Ham,22.833333333333332,0.6333333333333333,0.0,3.3333333333333335,34505.333333333336,0.09333333333333334,23,0.001
Nasser Djiga,Wolves,6.333333333333333,0.5666666666666667,0.0,2.6666666666666665,1251.3333333333333,0.0,23,0.001
Kevin Danso,Spurs,86.75,2.8,0.0,16.0,5243.5,0.08249999999999999,23,0.001
Chido Obi-Martin,Man Utd,3.0,0.7000000000000001,0.0,2.5,9856.5,0.0,23,0.001
Jack Moorhouse,Man Utd,,,,,,,23,0.001
Ben Chilwell,Crystal Palace,23.4,0.6799999999999999,0.0,4.0,58523.2,0.016,23,0.001
Eiran Cashin,Brighton,,,,,,,23,0.001
Nico González,Man City,81.57142857142857,2.5142857142857147,0.0,11.428571428571429,3825.4285714285716,0.03142857142857143,23,0.001
Tyler Fredricson,Man Utd,,,,,,,23,0.001
Willian Borges da Silva,Fulham,22.285714285714285,1.0285714285714287,0.0,4.571428571428571,925.0,0.018571428571428572,23,0.001
Divin Mubama,Man City,3.857142857142857,0.5857142857142856,0.0,0.2857142857142857,3985.4285714285716,0.005714285714285714,23,0.001
Alfie Dorrington,Spurs,2.1666666666666665,0.7333333333333334,0.0,0.6666666666666666,169.66666666666666,0.0,23,0.001
Joachim Andersen,Fulham,63.32142857142857,1.0,1.8928571428571428,8.428571428571429,128284.85714285714,0.015357142857142857,23,0.001
Kaden Rodney,Crystal Palace,0.0,-0.047368421052631574,0.0,0.0,218.1578947368421,0.0,23,0.001
Matt Turner,Crystal Palace,0.0,-0.10526315789473684,0.0,0.0,12563.947368421053,0.0,23,0.001
Asher Agbinone,Crystal Palace,0.21052631578947367,0.06315789473684211,0.05263157894736842,0.21052631578947367,469.2631578947368,0.0010526315789473684,23,0.001
Matt O'Riley,Brighton,24.2,0.9079999999999999,4.0,5.44,1811.0,0.0704,23,0.001
Odsonne Edouard,Leicester,1.368421052631579,0.042105263157894736,0.9473684210526315,0.5789473684210527,1746.3684210526317,0.0,23,0.001
Franco Umeh-Chibueze,Crystal Palace,0.0,0.01578947368421053,0.0,0.0,295.0,0.0,23,0.001
Norberto Murara Neto,Arsenal,0.0,0.9421052631578947,0.0,0.0,3746.315789473684,0.0,23,0.001
Dara O'Shea,Ipswich,85.46153846153847,1.4461538461538461,4.538461538461538,8.423076923076923,53667.46153846154,0.039615384615384615,23,0.001
Oliwier Zych,Aston Villa,0.0,0.0,0.0,0.0,4318.8421052631575,0.0,23,0.001
Sil Swinkels,Aston Villa,0.0,0.0,0.0,0.0,423.4736842105263,0.0,23,0.001
Salah-Eddine Oulad M'hand,Arsenal,0.0,0.7947368421052632,0.0,0.0,111.3157894736842,0.0,23,0.001
Tommy Setford,Arsenal,0.0,0.8526315789473684,0.0,0.0,180.3684210526316,0.0,23,0.001
Kaelan Casey,West Ham,0.05263157894736842,-0.05263157894736842,0.0,0.15789473684210525,1383.578947368421,0.0,23,0.001
James Ward-Prowse,Nott'm Forest,20.842105263157894,0.4263157894736842,0.5789473684210527,3.210526315789474,1288.4736842105262,0.0031578947368421056,23,0.001
Chiedozie Ogbene,Ipswich,12.473684210526315,0.32105263157894737,0.631578947368421,1.5263157894736843,129.8421052631579,0.0,23,0.001
Bastien Meupiyou,Wolves,0.0,-0.015789473684210527,0.0,0.0,1424.2105263157894,0.0,23,0.001
Eddie Nketiah,Crystal Palace,29.346153846153847,0.95,7.0,5.153846153846154,27390.23076923077,0.14769230769230768,23,0.001
Reiss Nelson,Fulham,25.31578947368421,1.1210526315789473,10.263157894736842,7.368421052631579,823.9473684210526,0.056315789473684215,23,0.001
Jack Clarke,Ipswich,33.67857142857143,1.3642857142857143,2.75,6.714285714285714,1730.2142857142858,0.03464285714285715,23,0.001
Ethan Wheatley,Man Utd,0.0,-0.07894736842105263,0.0,0.0,23804.63157894737,0.0,23,0.001
André Trindade da Costa Neto,Wolves,66.56666666666666,1.4266666666666665,0.4,11.833333333333334,1376.4333333333334,0.009000000000000001,23,0.001
Raheem Sterling,Arsenal,14.166666666666666,1.2916666666666667,3.0833333333333335,1.9166666666666667,21529.166666666668,0.045000000000000005,23,0.001
Bilal El Khannouss,Leicester,58.13333333333333,1.8633333333333333,1.6666666666666667,9.733333333333333,9319.066666666668,0.027333333333333334,23,0.001
Aaron Ramsdale,Southampton,74.48275862068965,1.3586206896551725,0.0,8.551724137931034,56874.137931034486,0.0,23,0.001
Jadon Sancho,Chelsea,55.275862068965516,2.7275862068965515,7.586206896551724,11.827586206896552,60522.10344827586,0.06517241379310346,23,0.001
Ferdi Kadioglu,Brighton,20.263157894736842,0.9,2.1052631578947367,3.1052631578947367,3879.7368421052633,0.023157894736842106,23,0.001
Roman Dixon,Everton,4.7368421052631575,0.0,0.0,0.0,546.1578947368421,0.0,23,0.001
Lesley Ugochukwu,Southampton,42.13333333333333,0.22666666666666666,0.6666666666666666,4.866666666666666,13457.066666666668,0.024,23,0.001
Issa Kaboré,Man City,0.0,0.22000000000000003,0.0,0.0,24.55,0.0,23,0.001
Sepp van den Berg,Brentford,73.0,1.1964285714285714,3.6785714285714284,6.678571428571429,86920.89285714286,0.046071428571428576,23,0.001
Asmir Begovic,Everton,0.0,0.0,0.0,0.0,1976.9473684210527,0.0,23,0.001
Álex Moreno Lopera,Nott'm Forest,42.18181818181818,1.4772727272727273,1.1363636363636365,5.954545454545454,8063.227272727273,0.007727272727272728,23,0.001
Jens Cajuste,Ipswich,56.5,1.2633333333333332,0.5333333333333333,8.8,6787.566666666667,0.017,23,0.001
João Félix Sequeira,Chelsea,17.238095238095237,1.4047619047619047,6.714285714285714,4.285714285714286,10134.047619047618,0.10952380952380951,23,0.001
Ilkay Gündogan,Man City,61.41379310344828,2.6999999999999997,5.137931034482759,11.655172413793103,18123.896551724138,0.09068965517241379,23,0.001
Georginio Rutter,Brighton,58.964285714285715,3.0214285714285714,9.678571428571429,10.285714285714286,28216.25,0.16321428571428573,23,0.001
Mateus Gonçalo Espanha Fernandes,Southampton,77.74193548387096,1.7096774193548387,8.161290322580646,13.806451612903226,2206.5806451612902,0.12322580645161291,23,0.001
Ramón Sosa,Nott'm Forest,10.391304347826088,0.7999999999999999,3.260869565217391,3.9130434782608696,1042.9130434782608,0.044347826086956525,23,0.001
Sander Berge,Fulham,60.8,1.18,0.5666666666666667,9.733333333333333,939.3333333333334,0.005333333333333333,23,0.001
Armando Broja,Everton,12.045454545454545,0.1272727272727273,1.3181818181818181,0.8636363636363636,1443.2272727272727,0.005000000000000001,23,0.001
Destiny Udogie,Spurs,67.03846153846153,1.9,4.461538461538462,9.615384615384615,43769.42307692308,0.011923076923076923,23,0.001
Justin Devenny,Crystal Palace,12.071428571428571,0.9535714285714285,1.0357142857142858,3.4642857142857144,5257.678571428572,0.018571428571428572,23,0.001
Maxwel Cornet,Southampton,3.736842105263158,-0.6052631578947368,0.3684210526315789,0.631578947368421,114.89473684210526,0.008421052631578947,23,0.001
Kepa Arrizabalaga,Bournemouth,75.0,2.3,0.0,10.9,124010.93333333333,0.002,23,0.001
Sam Johnstone,Wolves,33.1578947368421,0.4789473684210526,0.0,2.210526315789474,2763.0526315789475,0.0,23,0.001
Federico Chiesa,Liverpool,1.5714285714285714,0.7,0.7142857142857143,0.38095238095238093,4704.761904761905,0.011904761904761904,23,0.001
Ryan Fraser,Southampton,15.15,-0.185,0.65,1.55,241.65,0.001,23,0.001
Trevoh Chalobah,Crystal Palace,58.888888888888886,2.4000000000000004,8.11111111111111,12.0,9330.555555555555,0.06666666666666667,23,0.001
Orel Mangala,Everton,66.15789473684211,1.8789473684210527,4.526315789473684,9.210526315789474,470.94736842105266,0.059473684210526324,23,0.001
Lewis Orford,West Ham,5.875,0.024999999999999994,0.0,1.625,281.625,0.00375,23,0.001
Paris Maghoma,Brentford,7.466666666666667,0.32,0.26666666666666666,2.1333333333333333,295.06666666666666,0.008,23,0.001
Ollie Scarles,West Ham,27.523809523809526,0.7,0.09523809523809523,4.238095238095238,5139.047619047619,0.005238095238095238,23,0.001
Josh Wilson-Esbrand,Man City,0.0,0.7000000000000001,0.0,0.0,181.54545454545453,0.0,23,0.001
Callum Bates,Everton,0.0,-0.039999999999999994,0.0,0.0,145.5,0.0,23,0.001
Callum Olusesi,Spurs,0.0,0.36,0.0,0.0,89.0,0.0,23,0.001
Malachi Hardy,Spurs,0.0,0.37,0.0,0.0,202.1,0.0,23,0.001
Ben Broggio,Aston Villa,0.0,0.06000000000000001,0.0,0.0,130.5,0.0,23,0.001
Max Kinsey,Bournemouth,0.0,0.019999999999999997,0.0,0.0,323.1,0.0,23,0.001
Tom Edozie,Wolves,0.0,0.06000000000000001,0.0,0.0,231.7,0.0,23,0.001
Ruairi McConville,Brighton,0.0,0.12,0.0,0.0,107.5,0.0,23,0.001
Treymaurice Nyoni,Liverpool,0.0,0.95,0.0,0.0,60.5,0.0,23,0.001
Ezra Mayers,West Ham,0.0,-0.08888888888888889,0.0,0.0,184.77777777777777,0.0,23,0.001
Jacob Slater,Brighton,0.0,0.13333333333333333,0.0,0.0,108.22222222222223,0.0,23,0.001
Ben Winterburn,Bournemouth,1.9090909090909092,0.13636363636363638,0.0,1.0,397.1818181818182,0.0,23,0.001
Luca Williams-Barnett,Spurs,0.0,0.4555555555555555,0.0,0.0,85.88888888888889,0.0,23,0.001
Samuel Amissah,Fulham,0.0,-0.14444444444444446,0.0,0.0,326.44444444444446,0.0,23,0.001
Amara Nallo,Liverpool,0.0,1.1,0.0,0.0,71.57142857142857,0.0,23,0.001
Godwill Kukonki,Man Utd,0.0,-0.1,0.0,0.0,59.125,0.0,23,0.001
Joseph O'Brien-Whitmarsh,Southampton,0.0,-0.475,0.0,0.0,77.875,0.0,23,0.001
Tyrique George,Chelsea,7.8,1.0699999999999998,0.0,2.6,477.3,0.013000000000000001,23,0.001
Josh Acheampong,Chelsea,23.857142857142858,0.9142857142857144,1.8571428571428572,1.1428571428571428,1906.142857142857,0.03142857142857143,23,0.001
Maeson King,Spurs,0.0,0.5333333333333333,0.0,0.0,170.0,0.0,23,0.001
Zach Marsh,Crystal Palace,0.0,-0.045454545454545456,0.0,0.0,6803.909090909091,0.0,23,0.001
Jahmai Simpson-Pusey,Man City,7.916666666666667,0.7833333333333333,0.16666666666666666,0.5833333333333334,403.9166666666667,0.0,23,0.001
Manuel Ugarte,Man Utd,56.51851851851852,1.1074074074074074,0.7407407407407407,9.37037037037037,4941.222222222223,0.02962962962962963,23,0.001
Jayce Fitzgerald,Man Utd,0.0,-0.11666666666666665,0.0,0.0,38.166666666666664,0.0,23,0.001
Felipe Rodrigues da Silva,Nott'm Forest,26.91304347826087,1.108695652173913,0.0,6.260869565217392,2883.3478260869565,0.0034782608695652175,23,0.001
Kadan Young,Aston Villa,0.0,-0.022222222222222216,0.0,0.0,3036.3333333333335,0.0,23,0.001
Ismeal Kabia,Arsenal,0.0,0.7833333333333333,0.0,0.0,131.33333333333334,0.0,23,0.001
Carlos Soler,West Ham,42.96551724137931,1.210344827586207,3.9310344827586206,6.517241379310345,1561.9310344827586,0.05862068965517241,23,0.001
Ayden Heaven,Arsenal,0.0,0.7777777777777778,0.0,0.0,358.55555555555554,0.0,23,0.001
Maxence Lacroix,Crystal Palace,89.76923076923077,3.088461538461538,3.923076923076923,15.346153846153847,31693.69230769231,0.10461538461538461,23,0.001
Jayden Meghoma,Brentford,0.2222222222222222,0.0,0.0,0.16666666666666666,325.8888888888889,0.0,23,0.001
Carlos Roberto Forbs Borges,Wolves,13.055555555555555,0.36666666666666664,1.9444444444444444,1.7777777777777777,173.33333333333334,0.008333333333333333,23,0.001
Maldini Kacurri,Arsenal,0.0,0.7777777777777778,0.0,0.0,570.8333333333334,0.0,23,0.001
Tony Yogane,Brentford,0.0,0.005882352941176476,0.0,0.0,160.41176470588235,0.0,23,0.001
Vítezslav Jaros,Liverpool,0.6875,0.8625,0.0,0.375,2184.375,0.0,23,0.001
Alfie Pond,Wolves,0.0625,0.05,0.0,0.1875,7895.0625,0.0,23,0.001
Josh Nichols,Arsenal,0.0,0.8125,0.0,0.0,241.6875,0.0,23,0.001
Imari Samuels,Brighton,0.0,-0.0625,0.0,0.0,325.8125,0.0,23,0.001
Caleb Kporha,Crystal Palace,0.7333333333333333,0.04000000000000001,0.0,0.06666666666666667,299.26666666666665,0.0,23,0.001
Nathan Butler-Oyedeji,Arsenal,0.0,0.7666666666666667,0.0,0.0,3264.6,0.0,23,0.001
Jack Fletcher,Man Utd,0.0,-0.09999999999999999,0.0,0.0,73.92857142857143,0.0,23,0.001
Harvey Davies,Liverpool,0.0,0.9166666666666666,0.0,0.0,110.83333333333333,0.0,23,0.001
Harry Amass,Man Utd,1.5,-0.07142857142857142,0.0,0.07142857142857142,523.7142857142857,0.0,23,0.001
Killian Cahill,Brighton,0.0,-0.07692307692307693,0.0,0.0,13456.846153846154,0.0,23,0.001
Jacob Wright,Man City,0.0,0.7166666666666667,0.0,0.0,148.0,0.0,23,0.001
Jordan Pickford,Everton,90.0,3.95625,0.0,15.125,762763.0625,0.0,23,0.001
Marcus Myers-Harness,Ipswich,2.0476190476190474,0.004761904761904761,0.2857142857142857,0.19047619047619047,16.523809523809526,0.0,23,0.001
Dan Burn,Newcastle,86.89655172413794,3.003448275862069,4.310344827586207,13.206896551724139,301402.0,0.039655172413793106,23,0.001
Moussa Diaby,Aston Villa,0.0,0.0,0.0,0.0,0.0,0.0,23,0.001
Leandro Trossard,Arsenal,65.375,3.875,11.09375,13.3125,125660.46875,0.16,23,0.001
Jacob Greaves,Ipswich,58.84615384615385,0.7846153846153846,2.5,5.538461538461538,130008.0,0.0476923076923077,23,0.001
Alfie Whiteman,Spurs,0.0,0.21428571428571427,0.0,0.0,2312.1428571428573,0.0,23,0.001
Séamus Coleman,Everton,9.8,0.034999999999999996,1.05,0.45,224.45,0.031,23,0.001
Fabian Schär,Newcastle,75.9,3.2,3.433333333333333,12.133333333333333,82429.0,0.06533333333333333,23,0.001
Joe White,Newcastle,0.0,0.11904761904761904,0.0,0.0,571.7619047619048,0.0,23,0.001
Miguel Almirón Rejala,Newcastle,6.818181818181818,0.5409090909090909,1.7272727272727273,1.6363636363636365,3641.5,0.023636363636363636,23,0.001
James Garner,Everton,33.87096774193548,0.7419354838709677,0.16129032258064516,5.354838709677419,806.741935483871,0.00935483870967742,23,0.001
Marcus Tavernier,Bournemouth,52.58620689655172,2.3620689655172415,9.482758620689655,9.758620689655173,10583.51724137931,0.1782758620689655,23,0.001
Lewis Dobbin,Aston Villa,0.0,0.0,0.0,0.0,0.0,0.0,23,0.001
Viljami Sinisalo,Aston Villa,0.0,0.0,0.0,0.0,0.0,0.0,23,0.001
Omari Kellyman,Chelsea,0.0,0.0,0.0,0.0,149.66666666666666,0.0,23,0.001
Daniel Castelo Podence,Wolves,2.1904761904761907,0.1285714285714286,0.047619047619047616,0.42857142857142855,49.95238095238095,0.0019047619047619048,23,0.001
Martial Godo,Fulham,0.6666666666666666,-0.047619047619047616,0.2857142857142857,0.047619047619047616,255.66666666666666,0.0,23,0.001
Harrison Reed,Fulham,3.5416666666666665,0.2625,0.375,1.375,481.375,0.009583333333333334,23,0.001
Guido Rodríguez,West Ham,42.333333333333336,1.0708333333333333,0.9583333333333334,6.875,1160.4583333333333,0.009166666666666667,23,0.001
Will Alves,Leicester,0.047619047619047616,-0.20952380952380953,0.0,0.14285714285714285,572.8571428571429,0.0,23,0.001
Carlos Baleba,Brighton,69.2258064516129,1.7935483870967743,3.6774193548387095,11.96774193548387,7506.096774193548,0.09645161290322582,23,0.001
James Hill,Bournemouth,17.28,0.32799999999999996,0.04,2.2,14228.92,0.011199999999999998,23,0.001
David Datro Fofana,Chelsea,0.0,0.03333333333333333,0.0,0.0,225.0952380952381,0.0,23,0.001
Ryan Fraser,Newcastle,0.0,1.55,0.0,0.0,76.5,0.0,23,0.001
Taiwo Awoniyi,Nott'm Forest,12.428571428571429,0.8535714285714285,3.2142857142857144,2.892857142857143,10482.392857142857,0.0767857142857143,23,0.001
Ola Aina,Nott'm Forest,85.51724137931035,3.889655172413793,2.0344827586206895,15.827586206896552,1019560.8275862068,0.019655172413793102,23,0.001
Tariq Lamptey,Brighton,25.846153846153847,1.2076923076923076,1.1923076923076923,4.576923076923077,10526.384615384615,0.013076923076923076,23,0.001
Rico Henry,Brentford,0.14285714285714285,0.009523809523809525,0.0,0.14285714285714285,63.904761904761905,0.0,23,0.001
Facundo Buonanotte,Leicester,47.82142857142857,1.8678571428571427,8.535714285714286,9.285714285714286,31040.535714285714,0.12678571428571428,23,0.001
Caoimhin Kelleher,Liverpool,40.90909090909091,2.959090909090909,0.0,7.090909090909091,39111.09090909091,0.0,23,0.001
Odeluga Offiah,Brighton,0.0,0.047619047619047616,0.0,0.0,125.66666666666667,0.0,23,0.001
Lino da Cruz Sousa,Aston Villa,0.0,0.0,0.0,0.0,0.0,0.0,23,0.001
Amario Cozier-Duberry,Brighton,0.0,0.047619047619047616,0.0,0.0,74.28571428571429,0.0,23,0.001
Emerson Leite de Souza Junior,Spurs,0.0,0.0,0.0,0.0,0.0,0.0,23,0.001
Scott Carson,Man City,0.0,0.8095238095238095,0.0,0.0,691.7619047619048,0.0,23,0.001
Ethan Brierley,Brentford,0.0,-0.047619047619047616,0.0,0.0,574.7619047619048,0.0,23,0.001
Andrey Nascimento dos Santos,Chelsea,0.0,0.0,0.0,0.0,0.0,0.0,23,0.001
Mateusz Lis,Southampton,0.0,0.0,0.0,0.0,42.285714285714285,0.0,23,0.001
Timothy Castagne,Fulham,50.21875,1.0125,2.0,6.46875,66564.96875,0.011875,23,0.001
Daniel Iversen,Leicester,0.0,-0.23809523809523808,0.0,0.0,3604.4761904761904,0.0,23,0.001
Mads Hermansen,Leicester,73.5,1.6566666666666667,0.0,6.933333333333334,17638.333333333332,0.0,23,0.001
Rob Holding,Crystal Palace,0.0,-0.004761904761904766,0.0,0.0,155.38095238095238,0.0,23,0.001
Mark O’Mahony,Brighton,0.0,0.047619047619047616,0.0,0.0,1483.7142857142858,0.0,23,0.001
Ryan Sessegnon,Fulham,8.344827586206897,0.7689655172413793,0.0,2.1379310344827585,6673.620689655172,0.043448275862068966,23,0.001
Josh Dasilva,Brentford,0.0,0.0,0.0,0.0,15.095238095238095,0.0,23,0.001
Jadon Sancho,Man Utd,0.0,0.7666666666666666,0.0,0.0,914.0,0.0,23,0.001
Sam Johnstone,Crystal Palace,0.0,1.1,0.0,0.0,306.0,0.0,23,0.001
Jonny Evans,Man Utd,13.714285714285714,0.5285714285714286,0.2857142857142857,2.9523809523809526,418.04761904761904,0.0038095238095238095,23,0.001
Ângelo Gabriel Borges Damaceno,Chelsea,0.0,0.0,0.0,0.0,282.85714285714283,0.0,23,0.001
Nathan Patterson,Everton,8.25,0.12083333333333335,0.3333333333333333,1.2083333333333333,465.625,0.002916666666666667,23,0.001
Robin Olsen,Aston Villa,6.136363636363637,0.1,0.0,1.3636363636363635,1108.1818181818182,0.0,23,0.001
Garang Kuol,Newcastle,0.0,0.047619047619047616,0.0,0.0,394.85714285714283,0.0,23,0.001
Kyle Walker,Man City,46.0,1.3571428571428572,1.380952380952381,3.0,8795.47619047619,0.005714285714285714,23,0.001
Shea Charles,Southampton,0.0,-0.023809523809523808,0.0,0.0,51.95238095238095,0.0,23,0.001
Samuel Edozie,Southampton,3.0476190476190474,0.019047619047619046,1.0476190476190477,0.2857142857142857,22.047619047619047,0.0,23,0.001
Robert Sánchez,Chelsea,83.57142857142857,3.4535714285714287,0.0,13.214285714285714,307080.1785714286,0.0,23,0.001
Sergio Reguilón,Spurs,4.0476190476190474,0.2857142857142857,0.42857142857142855,0.8095238095238095,558.5714285714286,0.0033333333333333335,23,0.001
Conor Townsend,Ipswich,12.846153846153847,0.003846153846153841,0.0,1.6538461538461537,14681.884615384615,0.0011538461538461537,23,0.001
Ricardo Barbosa Pereira,Leicester,8.44,0.011999999999999993,0.08,1.2,1465.16,0.0036,23,0.001
Massimo Luongo,Ipswich,7.782608695652174,0.13043478260869565,0.0,1.434782608695652,5251.304347826087,0.0,23,0.001
Harvey Elliott,Liverpool,6.24,0.948,0.32,2.16,5635.72,0.0164,23,0.001
Rúben Gato Alves Dias,Man City,59.62068965517241,1.975862068965517,2.6206896551724137,9.275862068965518,86904.03448275862,0.04448275862068966,23,0.001
Jarrad Branthwaite,Everton,64.875,2.365625,1.40625,11.09375,67211.1875,0.0234375,23,0.001
Romelu Lukaku Bolingoli,Chelsea,0.0,0.05238095238095238,0.0,0.0,383.2857142857143,0.0,23,0.001
Ben Chilwell,Chelsea,0.0,0.3047619047619048,0.0,0.0,1907.5714285714287,0.0,23,0.001
George Hirst,Ipswich,11.09375,0.784375,2.125,3.6875,1563.25,0.0384375,23,0.001
Daniel Jebbison,Bournemouth,2.0357142857142856,0.32857142857142857,0.14285714285714285,1.1785714285714286,44698.42857142857,0.0,23,0.001
Tyrick Mitchell,Crystal Palace,83.93333333333334,2.8466666666666667,3.2,12.966666666666667,74080.0,0.041,23,0.001
Myles Peart-Harris,Brentford,0.0,0.023809523809523808,0.0,0.0,43.476190476190474,0.0,23,0.001
Mahmoud Dahoud,Brighton,0.0,0.0761904761904762,0.0,0.0,18.095238095238095,0.0,23,0.001
Jonathan Panzo,Nott'm Forest,0.0,0.0,0.0,0.0,0.0,0.0,23,0.001
Nico O'Reilly,Man City,10.538461538461538,1.0307692307692309,0.0,2.6153846153846154,607.3076923076923,0.009615384615384616,23,0.001
Mats Wieffer,Brighton,19.76,1.028,2.28,4.92,1602.92,0.0228,23,0.001
Malang Sarr,Chelsea,0.0,0.0,0.0,0.0,0.0,0.0,23,0.001
Mathias Jensen,Brentford,26.607142857142858,0.6714285714285715,0.8928571428571429,5.178571428571429,1925.857142857143,0.008214285714285714,23,0.001
Josh Bowler,Nott'm Forest,0.0,0.07142857142857142,0.0,0.0,58.095238095238095,0.0,23,0.001
Bart Verbruggen,Brighton,84.0,2.4699999999999998,0.0,11.066666666666666,117913.06666666667,0.0,23,0.001
Emmanuel Dennis,Nott'm Forest,0.0,-0.1,0.0,0.0,2258.904761904762,0.0,23,0.001
Yehor Yarmoliuk,Brentford,32.0,0.7862068965517242,1.4827586206896552,6.310344827586207,97898.62068965517,0.021379310344827585,23,0.001
Julián Álvarez,Man City,0.0,0.0,0.0,0.0,0.0,0.0,23,0.001
Tyler Dibling,Southampton,57.206896551724135,1.003448275862069,7.827586206896552,8.10344827586207,73274.79310344828,0.08482758620689655,23,0.001
Paul Onuachu,Southampton,28.033333333333335,0.6566666666666666,4.3,5.066666666666666,12331.333333333334,0.10066666666666667,23,0.001
Bobby Clark,Liverpool,0.0,0.1,0.0,0.0,22.2,0.0,23,0.001
Kieran Tierney,Arsenal,5.464285714285714,0.5214285714285715,0.07142857142857142,1.9285714285714286,1449.357142857143,0.0075,23,0.001
Darwin Núñez Ribeiro,Liverpool,33.793103448275865,2.6999999999999997,8.0,8.068965517241379,82017.10344827586,0.16827586206896553,23,0.001
Sugawara Yukinari,Southampton,45.0,0.7678571428571429,2.75,4.607142857142857,5495.321428571428,0.016071428571428573,23,0.001
Kevin Mbabu,Fulham,0.0,0.07142857142857142,0.0,0.0,388.04761904761904,0.0,23,0.001
Aaron Wan-Bissaka,West Ham,84.3225806451613,2.8806451612903223,3.3870967741935485,13.03225806451613,228691.96774193548,0.03225806451612903,23,0.001
Bobby De Cordova-Reid,Leicester,21.62962962962963,1.3814814814814813,1.7037037037037037,5.185185185185185,1869.6666666666667,0.027777777777777776,23,0.001
Nathan Broadhead,Ipswich,19.8,0.5933333333333334,1.9666666666666666,3.6,472.0,0.051333333333333335,23,0.001
Matheus Luiz Nunes,Man City,42.06896551724138,2.024137931034483,3.0689655172413794,8.517241379310345,5681.0344827586205,0.018275862068965518,23,0.001
Jake O'Brien,Everton,33.16129032258065,1.3419354838709678,0.0,5.096774193548387,11037.774193548386,0.02225806451612903,23,0.001
Cameron Peupion,Brighton,0.0,-0.07142857142857142,0.0,0.0,459.9047619047619,0.0,23,0.001
Kosta Nedeljković,Aston Villa,5.5,0.15000000000000002,0.0,0.5,15382.272727272728,0.0,23,0.001
Jay Stansfield,Fulham,0.047619047619047616,0.11428571428571428,0.0,0.09523809523809523,222.52380952380952,0.0,23,0.001
Sepp van den Berg,Liverpool,0.0,2.0,0.0,0.0,0.0,0.0,23,0.001
Yasin Ayari,Brighton,52.45161290322581,1.441935483870968,4.935483870967742,8.870967741935484,1363.4516129032259,0.07258064516129033,23,0.001
Mason Mount,Man Utd,12.608695652173912,0.24782608695652175,1.8695652173913044,0.9565217391304348,1273.1304347826087,0.023913043478260867,23,0.001
Ben Doak,Liverpool,0.0,0.125,0.0,0.0,56.8,0.0,23,0.001
Emerson Palmieri dos Santos,West Ham,63.689655172413794,2.024137931034483,3.0,6.068965517241379,23152.896551724138,0.06344827586206897,23,0.001
Armando Broja,Chelsea,0.0,0.35,0.0,0.0,850.5,0.0,23,0.001
Adam Webster,Brighton,22.77777777777778,0.7888888888888889,0.7037037037037037,4.481481481481482,2504.222222222222,0.0007407407407407407,23,0.001
Kasey McAteer,Leicester,19.652173913043477,0.6391304347826087,2.9130434782608696,3.0869565217391304,848.304347826087,0.026521739130434784,23,0.001
Wes Burns,Ipswich,41.90909090909091,1.1181818181818182,3.0,6.545454545454546,441.95454545454544,0.022727272727272728,23,0.001
Yunus Emre Konak,Brentford,1.173913043478261,0.1608695652173913,0.13043478260869565,0.9565217391304348,984.2173913043479,0.006521739130434782,23,0.001
Max Kilman,West Ham,87.75,2.171875,3.5,10.34375,57459.65625,0.0453125,23,0.001
Deniz Undav,Brighton,0.0,0.0,0.0,0.0,0.0,0.0,23,0.001
Alex Murphy,Newcastle,0.0,0.047619047619047616,0.0,0.0,3880.0476190476193,0.0,23,0.001
George Edmundson,Ipswich,0.047619047619047616,-0.047619047619047616,0.0,0.14285714285714285,98.85714285714286,0.0,23,0.001
Abdoulaye Doucouré,Everton,74.3103448275862,2.0551724137931036,3.3793103448275863,10.241379310344827,13707.724137931034,0.12,23,0.001
Conor Coady,Leicester,40.074074074074076,0.17037037037037037,0.2222222222222222,2.1481481481481484,10397.333333333334,0.0,23,0.001
José Malheiro de Sá,Wolves,70.3125,1.95625,0.0,7.53125,102854.125,0.0,23,0.001
Yves Bissouma,Spurs,42.34615384615385,1.6923076923076923,1.2307692307692308,8.692307692307692,8866.038461538461,0.018461538461538463,23,0.001
Conor Gallagher,Chelsea,0.0,0.05714285714285714,0.0,0.0,74.61904761904762,0.0,23,0.001
Philip Billing,Bournemouth,8.380952380952381,0.3523809523809524,2.238095238095238,2.4761904761904763,288.5238095238095,0.02619047619047619,23,0.001
Gonçalo Manuel Ganchinho Guedes,Wolves,28.0,1.8185185185185186,4.666666666666667,6.37037037037037,3775.1481481481483,0.08074074074074075,23,0.001
Brajan Gruda,Brighton,18.11111111111111,0.6333333333333334,3.259259259259259,2.814814814814815,695.7037037037037,0.013333333333333332,23,0.001
Rodrigo 'Rodri' Hernandez,Man City,3.0952380952380953,0.1380952380952381,0.0,0.8571428571428571,1879.2380952380952,0.0,23,0.001
Đorđe Petrović,Chelsea,0.0,0.05714285714285714,0.0,0.0,131.0952380952381,0.0,23,0.001
Craig Dawson,Wolves,46.142857142857146,0.7285714285714286,2.619047619047619,2.7142857142857144,1046.8095238095239,0.023809523809523808,23,0.001
Wes Foderingham,West Ham,0.0,-0.038095238095238085,0.0,0.0,303.5238095238095,0.0,23,0.001
Brandon Austin,Spurs,4.285714285714286,0.23333333333333334,0.0,0.3333333333333333,1689.3333333333333,0.0,23,0.001
Marcos Senesi,Bournemouth,41.82608695652174,0.9695652173913044,1.2608695652173914,3.9130434782608696,5600.173913043478,0.035217391304347825,23,0.001
Alex Paulsen,Bournemouth,0.0,0.0,0.0,0.0,0.0,0.0,23,0.001
Tomiyasu Takehiro,Arsenal,0.2857142857142857,0.06190476190476191,0.42857142857142855,0.09523809523809523,72.71428571428571,0.008571428571428572,23,0.001
Malcolm Ebiowei,Crystal Palace,0.0,0.0,0.0,0.0,0.0,0.0,23,0.001
Ben Brereton Díaz,Southampton,21.238095238095237,0.08095238095238096,3.857142857142857,2.0476190476190474,1078.2380952380952,0.04285714285714286,23,0.001
Pau Torres,Aston Villa,74.5,1.4727272727272727,4.2727272727272725,8.772727272727273,14045.772727272728,0.023181818181818182,23,0.001
Joel Ward,Crystal Palace,0.045454545454545456,0.018181818181818177,0.0,0.13636363636363635,551.2727272727273,0.0,23,0.001
Will Lankshear,Spurs,0.45454545454545453,0.35000000000000003,0.0,0.3181818181818182,26780.090909090908,0.0,23,0.001
Hwang Hee-chan,Wolves,25.28,0.932,2.6,4.96,6206.12,0.0316,23,0.001
Mikey Moore,Spurs,7.5,0.41250000000000003,0.2916666666666667,1.5416666666666667,4750.875,0.008333333333333333,23,0.001
Hákon Valdimarsson,Brentford,6.545454545454546,0.0,0.0,0.6363636363636364,38865.77272727273,0.0,23,0.001
João Victor Gomes da Silva,Wolves,82.65517241379311,2.3758620689655174,4.206896551724138,13.793103448275861,14476.827586206897,0.09103448275862068,23,0.001
Hannibal Mejbri,Man Utd,0.0,0.047619047619047616,0.0,0.0,82.85714285714286,0.0,23,0.001
Boubakary Soumaré,Leicester,56.6875,0.81875,0.46875,8.59375,17097.8125,0.0090625,23,0.001
Joe Worrall,Nott'm Forest,0.0,0.11428571428571428,0.0,0.0,3.380952380952381,0.0,23,0.001
Jeffrey Schlupp,Crystal Palace,4.318181818181818,0.5454545454545454,2.090909090909091,1.9545454545454546,766.6363636363636,0.007727272727272728,23,0.001
Milos Kerkez,Bournemouth,87.71875,3.24375,3.4375,14.28125,612263.375,0.01625,23,0.001
Adrian Mazilu,Brighton,0.0,0.047619047619047616,0.0,0.0,34.285714285714285,0.0,23,0.001
Jason Steele,Brighton,8.571428571428571,0.44761904761904764,0.0,2.1904761904761907,14110.0,0.0,23,0.001
Arijanet Muric,Ipswich,73.63636363636364,2.140909090909091,0.0,8.454545454545455,12514.818181818182,0.0,23,0.001
Carl Rushworth,Brighton,0.0,0.047619047619047616,0.0,0.0,318.95238095238096,0.0,23,0.001
Ibrahim Sangaré,Nott'm Forest,10.538461538461538,0.47692307692307695,0.7307692307692307,2.0384615384615383,32840.11538461538,0.0007692307692307692,23,0.001
Jordan Ayew,Crystal Palace,20.0,2.0,7.0,-5.0,0.0,0.46,23,0.001
Kiernan Dewsbury-Hall,Chelsea,9.333333333333334,0.5888888888888889,0.0,2.3703703703703702,2984.4814814814813,0.008148148148148147,23,0.001
Nicolás Domínguez,Nott'm Forest,50.225806451612904,1.2032258064516128,4.129032258064516,7.645161290322581,1512.6129032258063,0.044838709677419354,23,0.001
Tom Heaton,Man Utd,0.0,-0.07142857142857142,0.0,0.0,556.6666666666666,0.0,23,0.001
Ryan Manning,Southampton,39.357142857142854,0.21071428571428572,1.6071428571428572,4.535714285714286,1746.3214285714287,0.005,23,0.001
Vitalii Mykolenko,Everton,82.0,2.9387096774193546,1.6451612903225807,11.451612903225806,335247.6129032258,0.012580645161290323,23,0.001
Ryan Christie,Bournemouth,70.46666666666667,2.3800000000000003,5.066666666666666,14.5,7889.833333333333,0.07133333333333333,23,0.001
Fábio Silva,Wolves,0.0,0.01904761904761905,0.0,0.0,361.6190476190476,0.0,23,0.001
Kepa Arrizabalaga,Chelsea,0.0,0.6,0.0,0.0,728.5,0.0,23,0.001
Frank Onyeka,Brentford,1.0952380952380953,0.1,0.0,0.14285714285714285,30.857142857142858,0.0,23,0.001
Youssef Ramalho Chermiti,Everton,0.19047619047619047,-0.06666666666666667,0.0,0.14285714285714285,246.14285714285714,0.0,23,0.001
Nélson Cabral Semedo,Wolves,75.09677419354838,1.8741935483870968,2.5483870967741935,7.645161290322581,18987.935483870966,0.02903225806451613,23,0.001
Tommy Doyle,Wolves,16.928571428571427,0.85,1.0,4.571428571428571,1222.2142857142858,0.019642857142857146,23,0.001
Lucas Bergvall,Spurs,34.40625,1.309375,0.375,6.34375,46312.34375,0.022187500000000002,23,0.001
Leander Dendoncker,Aston Villa,0.0,0.023809523809523808,0.0,0.0,866.047619047619,0.0,23,0.001
Lesley Ugochukwu,Chelsea,0.0,0.0,0.0,0.0,0.0,0.0,23,0.001
Evan Ferguson,Brighton,10.333333333333334,0.8809523809523809,2.7142857142857144,3.0952380952380953,3114.3333333333335,0.027142857142857146,23,0.001
Christian Eriksen,Man Utd,33.30769230769231,0.8730769230769231,0.9230769230769231,6.153846153846154,4650.615384615385,0.007307692307692308,23,0.001
Danny Ings,West Ham,10.8,1.08,5.56,4.4,39042.6,0.09,23,0.001
Jean-Ricner Bellegarde,Wolves,46.0,2.265625,2.9375,8.6875,8339.0,0.039375,23,0.001
Tim Ream,Fulham,0.0,0.0,0.0,0.0,0.0,0.0,23,0.001
Benoît Badiashile,Chelsea,15.090909090909092,0.40454545454545454,0.0,1.5909090909090908,960.6818181818181,0.0,23,0.001
Radu Drăgușin,Spurs,54.77272727272727,1.3909090909090909,1.7727272727272727,4.454545454545454,3792.4545454545455,0.005909090909090909,23,0.001
Jack Stephens,Southampton,39.36,0.264,0.68,2.04,11320.32,0.011200000000000002,23,0.001
Trevoh Chalobah,Chelsea,47.083333333333336,1.8,0.0,8.25,83041.58333333333,0.06083333333333333,23,0.001
Sean Longstaff,Newcastle,27.928571428571427,1.4285714285714286,2.7142857142857144,4.571428571428571,13231.714285714286,0.02142857142857143,23,0.001
Kaine Kesler-Hayden,Aston Villa,0.0,0.0,0.0,0.0,0.0,0.0,23,0.001
Callum Wilson,Newcastle,7.862068965517241,0.44482758620689655,0.27586206896551724,0.9310344827586207,3832.3793103448274,0.011379310344827587,23,0.001
João Cavaco Cancelo,Man City,0.0,0.2523809523809524,0.0,0.0,221.61904761904762,0.0,23,0.001
Maxwel Cornet,West Ham,0.0,0.8,0.0,0.0,67.5,0.0,23,0.001
Jefferson Lerma Solís,Crystal Palace,62.0,1.6366666666666667,4.5,9.366666666666667,2204.0666666666666,0.03066666666666667,23,0.001
Jannik Vestergaard,Leicester,50.21739130434783,0.27391304347826084,1.391304347826087,3.652173913043478,27171.217391304348,0.0017391304347826088,23,0.001
Luke Thomas,Leicester,19.692307692307693,-0.06923076923076923,0.38461538461538464,1.4615384615384615,44739.192307692305,0.004615384615384615,23,0.001
Adam Smith,Bournemouth,51.375,1.5250000000000001,0.3333333333333333,4.625,2834.5,0.024999999999999998,23,0.001
Miodrag Pivaš,Newcastle,0.0,0.14285714285714285,0.0,0.0,126.33333333333333,0.0,23,0.001
Billy Gilmour,Brighton,4.619047619047619,0.14761904761904762,0.09523809523809523,1.0,125.71428571428571,0.0038095238095238095,23,0.001
Rasmus Højlund,Man Utd,49.34375,1.6375,5.09375,6.34375,54120.65625,0.0975,23,0.001
Jesurun Rak-Sakyi,Crystal Palace,0.0,0.047619047619047616,0.0,0.0,35.95238095238095,0.0,23,0.001
Carlos Henrique Casimiro,Man Utd,44.74074074074074,1.3666666666666667,5.555555555555555,9.407407407407407,14818.555555555555,0.04888888888888889,23,0.001
Oliver Skipp,Spurs,0.0,2.1,0.0,0.0,0.0,0.0,23,0.001
Tomáš Souček,West Ham,70.06666666666666,3.1733333333333333,11.6,11.866666666666667,67213.96666666666,0.16933333333333334,23,0.001
Taylor Harwood-Bellis,Southampton,79.27586206896552,0.8758620689655173,4.551724137931035,7.379310344827586,217803.8275862069,0.05931034482758621,23,0.001
Alphonse Areola,West Ham,58.354838709677416,1.4129032258064518,0.0,6.516129032258065,178099.32258064515,0.0,23,0.001
Lisandro Martínez,Man Utd,76.1304347826087,2.3521739130434782,6.173913043478261,12.73913043478261,52097.217391304344,0.05782608695652174,23,0.001
Richarlison de Andrade,Spurs,11.6,0.604,0.68,4.68,9121.56,0.08439999999999999,23,0.001
Harry Clarke,Ipswich,17.952380952380953,0.019047619047619032,1.6666666666666667,-0.23809523809523808,481.7142857142857,0.0038095238095238095,23,0.001
Joachim Andersen,Crystal Palace,90.0,1.9,7.0,3.0,0.0,0.04,23,0.001
Moisés Caicedo Corozo,Chelsea,87.84375,2.75625,1.84375,16.84375,49735.34375,0.0228125,23,0.001
Aaron Ramsdale,Arsenal,0.0,2.1,0.0,0.0,1189.0,0.0,23,0.001
Micky van de Ven,Spurs,39.30434782608695,1.373913043478261,1.7391304347826086,5.913043478260869,68339.39130434782,0.02347826086956522,23,0.001
Cristian Romero,Spurs,52.73076923076923,2.0,5.384615384615385,9.384615384615385,111793.11538461539,0.054615384615384614,23,0.001
Igor Thiago Nascimento Rodrigues,Brentford,6.142857142857143,0.16666666666666666,0.2857142857142857,0.9523809523809523,164.23809523809524,0.004761904761904762,23,0.001
Isaac Hayden,Newcastle,0.0,0.047619047619047616,0.0,0.0,520.5238095238095,0.0,23,0.001
Wilson Odobert,Spurs,15.857142857142858,0.46785714285714286,1.5,1.3571428571428572,1280.107142857143,0.024285714285714282,23,0.001
Conor Bradley,Liverpool,17.46153846153846,1.6076923076923075,3.576923076923077,4.346153846153846,9793.576923076924,0.02153846153846154,23,0.001
Tom Cairney,Fulham,16.96,0.6559999999999999,1.32,5.4,723.52,0.006000000000000001,23,0.001
Jarell Quansah,Liverpool,11.846153846153847,1.2076923076923076,0.15384615384615385,1.5384615384615385,40855.769230769234,0.0038461538461538464,23,0.001
Jacob Ramsey,Aston Villa,43.8125,1.75625,4.15625,7.375,17020.59375,0.0425,23,0.001
Emiliano Buendía Stati,Aston Villa,4.045454545454546,0.4318181818181818,0.6818181818181818,1.6818181818181819,669.1363636363636,0.029545454545454545,23,0.001
James McAtee,Man City,7.714285714285714,1.2035714285714287,0.32142857142857145,3.1785714285714284,2966.6071428571427,0.09785714285714286,23,0.001
Andrew Robertson,Liverpool,72.83333333333333,3.9699999999999998,3.6333333333333333,12.633333333333333,194812.0,0.029666666666666668,23,0.001
Luke Harris,Fulham,0.0,0.0,0.0,0.0,0.0,0.0,23,0.001
João Neves Virgínia,Everton,0.0,0.0,0.0,0.0,3007.2,0.0,23,0.001
Oleksandr Zinchenko,Arsenal,14.708333333333334,1.4583333333333333,0.9583333333333334,3.75,16112.541666666666,0.0075,23,0.001
Francisco Jorge Tomás Oliveira,Wolves,0.2857142857142857,0.0380952380952381,0.09523809523809523,0.19047619047619047,551.047619047619,0.0,23,0.001
Ederson Santana de Moraes,Man City,65.33333333333333,3.26,0.0,10.9,188192.63333333333,0.0,23,0.001
Andrew Omobamidele,Nott'm Forest,0.0,-0.0761904761904762,0.0,0.0,76.19047619047619,0.0,23,0.001
Norberto Bercique Gomes Betuncal,Everton,35.096774193548384,2.2,4.290322580645161,7.161290322580645,163244.5483870968,0.18258064516129033,23,0.001
Diogo Dalot Teixeira,Man Utd,86.125,2.690625,4.46875,10.90625,265321.09375,0.060625,23,0.001
Pape Matar Sarr,Spurs,51.785714285714285,1.925,4.464285714285714,11.535714285714286,7864.928571428572,0.09321428571428571,23,0.001
Nathan Aké,Man City,30.772727272727273,1.209090909090909,0.8181818181818182,5.5,7197.545454545455,0.01,23,0.001
Bernd Leno,Fulham,90.0,2.76875,0.0,12.96875,119033.09375,0.0,23,0.001
Jamaal Lascelles,Newcastle,0.0,0.0,0.0,0.0,37.333333333333336,0.0,23,0.001
Alejo Véliz,Spurs,0.0,0.0,0.0,0.0,0.0,0.0,23,0.001
Matt Doherty,Wolves,55.354838709677416,1.5870967741935484,2.7096774193548385,7.870967741935484,13096.129032258064,0.03612903225806451,23,0.001
Ross Stewart,Southampton,7.217391304347826,-0.03043478260869565,0.391304347826087,0.391304347826087,46538.47826086957,0.007391304347826088,23,0.001
Axel Tuanzebe,Ipswich,43.69230769230769,0.46153846153846156,0.7307692307692307,3.269230769230769,46118.96153846154,0.008076923076923077,23,0.001
Keane Lewis-Potter,Brentford,82.40625,2.196875,8.90625,12.46875,4506.34375,0.0765625,23,0.001
Ben Johnson,Ipswich,41.2962962962963,0.5629629629629629,0.7777777777777778,2.259259259259259,59719.07407407407,0.0362962962962963,23,0.001
Michael Golding,Leicester,0.0,-0.23809523809523808,0.0,0.0,2209.190476190476,0.0,23,0.001
Remi Matthews,Crystal Palace,0.0,-0.047619047619047616,0.0,0.0,1604.2380952380952,0.0,23,0.001
Alfie Gilchrist,Chelsea,0.0,0.0,0.0,0.0,0.0,0.0,23,0.001
Nayef Aguerd,West Ham,0.0,0.04285714285714285,0.0,0.0,65.14285714285714,0.0,23,0.001
Enes Ünal,Bournemouth,15.714285714285714,1.4285714285714286,9.857142857142858,4.619047619047619,2214.3809523809523,0.13,23,0.001
Lucas Bergström,Chelsea,0.0,0.23809523809523808,0.0,0.0,981.5714285714286,0.0,23,0.001
Kacper Kozłowski,Brighton,0.0,0.0,0.0,0.0,0.0,0.0,23,0.001
Gabriel Fernando de Jesus,Arsenal,28.571428571428573,2.1142857142857143,12.142857142857142,7.238095238095238,58900.380952380954,0.14523809523809522,23,0.001
Ethan Nwaneri,Arsenal,24.741935483870968,2.338709677419355,2.225806451612903,6.580645161290323,104881.41935483871,0.03193548387096774,23,0.001
David Raya Martin,Arsenal,90.0,4.509375,0.0,14.78125,1156148.46875,0.0,23,0.001
Enso González,Wolves,0.0,0.0,0.0,0.0,487.4761904761905,0.0,23,0.001
Archie Gray,Spurs,43.275862068965516,1.213793103448276,0.2413793103448276,7.344827586206897,7703.620689655172,0.0010344827586206897,23,0.001
Christopher Nkunku,Chelsea,30.133333333333333,2.2133333333333334,6.2,6.333333333333333,87344.73333333334,0.17033333333333334,23,0.001
Manuel Akanji,Man City,70.30434782608695,2.217391304347826,2.130434782608696,10.217391304347826,44139.95652173913,0.02347826086956522,23,0.001
Ryan Gravenberch,Liverpool,85.65625,3.56875,2.0625,15.84375,39738.0,0.0296875,23,0.001
Joe Willock,Newcastle,28.433333333333334,1.27,2.933333333333333,4.133333333333334,5990.4,0.031000000000000003,23,0.001
Mark Flekken,Brentford,88.2258064516129,3.2161290322580647,0.0,15.741935483870968,376384.4516129032,0.0,23,0.001
Lewis Cook,Bournemouth,83.15625,2.3375,2.375,14.65625,7811.375,0.029375000000000002,23,0.001
Axel Disasi,Chelsea,16.5,1.240909090909091,1.6363636363636365,3.8181818181818183,4839.590909090909,0.013181818181818182,23,0.001
Kevin Schade,Brentford,57.25,3.38125,10.03125,11.375,44076.90625,0.1834375,23,0.001
Victor Kristiansen,Leicester,77.62962962962963,0.8518518518518519,0.4444444444444444,6.074074074074074,3611.703703703704,0.004074074074074074,23,0.001
Ian Maatsen,Aston Villa,25.482758620689655,0.9172413793103449,2.0,4.793103448275862,41808.75862068965,0.013448275862068966,23,0.001
Eric da Silva Moreira,Nott'm Forest,1.3333333333333333,-0.014285714285714287,0.0,0.42857142857142855,704.0952380952381,0.0,23,0.001
Luis Guilherme Lira dos Santos,West Ham,4.185185185185185,0.09259259259259259,0.14814814814814814,1.4444444444444444,679.8148148148148,0.005185185185185186,23,0.001
Joe Hodge,Wolves,0.0,0.0,0.0,0.0,832.4761904761905,0.0,23,0.001
Harrison Armstrong,Everton,2.35,0.08,0.45,0.05,1631.1,0.0185,23,0.001
Carney Chukwuemeka,Chelsea,0.0,0.26666666666666666,0.0,0.0,216.28571428571428,0.0,23,0.001
Tom King,Wolves,0.0,-0.09523809523809523,0.0,0.0,3980.6666666666665,0.0,23,0.001
Wout Faes,Leicester,71.5,1.0392857142857144,2.607142857142857,5.892857142857143,220739.42857142858,0.045,23,0.001
Leny Yoro,Man Utd,25.62962962962963,0.3,1.2222222222222223,2.6296296296296298,5885.0,0.02259259259259259,23,0.001
Pedro Lomba Neto,Chelsea,54.21875,2.484375,6.34375,10.15625,58262.4375,0.076875,23,0.001
Harry Winks,Leicester,56.888888888888886,1.0148148148148148,0.8518518518518519,10.444444444444445,188268.85185185185,0.008518518518518519,23,0.001
Ben Mee,Brentford,7.826086956521739,0.16956521739130434,0.2608695652173913,1.3043478260869565,4184.608695652174,0.0,23,0.001
Mads Roerslev Rasmussen,Brentford,45.90909090909091,1.25,3.3181818181818183,5.545454545454546,1198.6818181818182,0.009090909090909092,23,0.001
Jurriën Timber,Arsenal,72.65625,3.9375,5.375,12.8125,229638.8125,0.0384375,23,0.001
Saša Kalajdžić,Wolves,0.0,0.01904761904761905,0.0,0.0,195.04761904761904,0.0,23,0.001
Julio Enciso,Brighton,13.0,0.41363636363636364,6.954545454545454,2.772727272727273,981.5909090909091,0.04818181818181819,23,0.001
Naouirou Ahamada,Crystal Palace,0.0,0.047619047619047616,0.0,0.0,294.1904761904762,0.0,23,0.001
Jeremy Sarmiento Morante,Brighton,0.38095238095238093,0.1,0.0,0.14285714285714285,16.857142857142858,0.0,23,0.001
Vladimír Coufal,West Ham,31.695652173913043,0.691304347826087,1.434782608695652,2.5217391304347827,5317.0,0.01173913043478261,23,0.001
Marc Cucurella Saseta,Chelsea,76.5,3.021875,3.3125,12.4375,341117.40625,0.0675,23,0.001
Toti António Gomes,Wolves,68.37931034482759,1.7,0.7931034482758621,9.89655172413793,7699.517241379311,0.02517241379310345,23,0.001
Leon Chiwome,Wolves,0.0,-0.09523809523809523,0.0,0.0,26708.47619047619,0.0,23,0.001
Simon Adingra,Brighton,27.96551724137931,1.2758620689655173,5.172413793103448,5.448275862068965,13233.965517241379,0.07310344827586207,23,0.001
Kyle Walker-Peters,Southampton,83.10344827586206,0.9413793103448276,5.827586206896552,7.379310344827586,10800.896551724138,0.018965517241379314,23,0.001
Hugo Bueno López,Wolves,0.0,0.0,0.0,0.0,0.0,0.0,23,0.001
Daniel Bentley,Wolves,0.0,-0.09523809523809523,0.0,0.0,3113.4285714285716,0.0,23,0.001
Ivan Toney,Brentford,0.0,0.09047619047619047,0.0,0.0,2065.5238095238096,0.0,23,0.001
Antonee Robinson,Fulham,90.0,2.9733333333333336,4.866666666666666,15.233333333333333,905527.8666666667,0.023333333333333334,23,0.001
Romain Faivre,Bournemouth,0.0,0.0761904761904762,0.0,0.0,1.0952380952380953,0.0,23,0.001
James Ward-Prowse,West Ham,67.0,1.5,0.0,12.7,46919.0,0.040999999999999995,23,0.001
Patson Daka,Leicester,19.451612903225808,0.7387096774193548,1.8064516129032258,2.903225806451613,31105.935483870966,0.04032258064516129,23,0.001
Illia Zabarnyi,Bournemouth,87.65517241379311,2.168965517241379,1.3103448275862069,11.586206896551724,19598.137931034482,0.03379310344827586,23,0.001
Gavin Bazunu,Southampton,0.0,0.03809523809523809,0.0,0.0,117.52380952380952,0.0,23,0.001
Sven Botman,Newcastle,8.571428571428571,0.0380952380952381,0.42857142857142855,1.6666666666666667,325.14285714285717,0.0014285714285714286,23,0.001
Danny Ward,Leicester,6.428571428571429,-0.1619047619047619,0.0,-0.23809523809523808,4501.476190476191,0.0,23,0.001
Jack Taylor,Ipswich,17.258064516129032,0.7,2.096774193548387,3.5161290322580645,1083.0645161290322,0.02032258064516129,23,0.001
Samuel Amo-Ameyaw,Southampton,1.2380952380952381,-0.5952380952380952,0.2857142857142857,0.047619047619047616,1102.7619047619048,0.0009523809523809524,23,0.001
Joe Gauci,Aston Villa,0.0,-0.047619047619047616,0.0,0.0,2978.809523809524,0.0,23,0.001
Martin Dúbravka,Newcastle,36.0,1.416,0.0,6.4,65689.36,0.0,23,0.001
Flynn Downes,Southampton,65.16666666666667,0.8583333333333334,4.333333333333333,9.25,826.625,0.024999999999999998,23,0.001
Alejandro Garnacho,Man Utd,58.34375,2.484375,15.9375,9.5625,222475.90625,0.195,23,0.001
Ronnie Edwards,Southampton,0.5714285714285714,-0.5619047619047619,0.0,-0.047619047619047616,1956.3809523809523,0.0,23,0.001
Edson Álvarez Velázquez,West Ham,56.275862068965516,0.8068965517241379,1.1379310344827587,7.206896551724138,4278.586206896552,0.010689655172413793,23,0.001
Jack Grealish,Man City,27.26923076923077,1.830769230769231,7.730769230769231,7.076923076923077,6462.923076923077,0.043461538461538454,23,0.001
Carlos Miguel dos Santos Pereira,Nott'm Forest,0.0,-0.06190476190476189,0.0,0.0,557.8571428571429,0.0,23,0.001
Ashley Phillips,Spurs,0.0,0.07142857142857142,0.0,0.0,398.14285714285717,0.0,23,0.001
João Pedro Ferreira Silva,Nott'm Forest,28.964285714285715,1.4785714285714284,3.607142857142857,7.214285714285714,4241.25,0.0667857142857143,23,0.001
Endo Wataru,Liverpool,5.107142857142857,1.3928571428571428,0.14285714285714285,1.8928571428571428,4819.428571428572,0.0,23,0.001
Facundo Pellistri Rebollo,Man Utd,0.0,0.0761904761904762,0.0,0.0,2.9047619047619047,0.0,23,0.001
Jaden Philogene,Aston Villa,15.476190476190476,0.3952380952380953,2.142857142857143,0.8571428571428571,180.14285714285714,0.021904761904761906,23,0.001
Mario Lemina,Wolves,64.9047619047619,2.276190476190476,5.714285714285714,12.0,5021.952380952381,0.06190476190476191,23,0.001
Adam Wharton,Crystal Palace,37.266666666666666,0.9766666666666667,1.7666666666666666,6.766666666666667,5442.033333333334,0.008333333333333333,23,0.001
Luis Sinisterra,Bournemouth,9.16,0.8759999999999999,7.08,3.6,4769.2,0.0472,23,0.001
Michael Keane,Everton,38.666666666666664,1.4333333333333333,4.0,4.142857142857143,91403.33333333333,0.020476190476190478,23,0.001
Omar Richards,Nott'm Forest,0.0,0.09047619047619047,0.0,0.0,1.5714285714285714,0.0,23,0.001
Álex Moreno Lopera,Aston Villa,0.0,1.9,0.0,0.0,0.0,0.0,23,0.001
Stephy Mavididi,Leicester,50.733333333333334,1.5833333333333333,7.666666666666667,8.733333333333333,15948.433333333332,0.06166666666666667,23,0.001
Diego Carlos Santos Silva,Aston Villa,39.42857142857143,0.8,2.5714285714285716,3.2857142857142856,2423.8571428571427,0.030476190476190476,23,0.001
Josh King,Fulham,3.5454545454545454,0.11363636363636363,1.0909090909090908,1.1363636363636365,1103.6818181818182,0.009090909090909092,23,0.001
Joshua Zirkzee,Man Utd,43.28125,1.8625,7.1875,6.75,78425.09375,0.145,23,0.001
Wanya Marçal-Madivádua,Leicester,0.0,0.0,0.0,0.0,35.904761904761905,0.0,23,0.001
Jamal Lewis,Newcastle,0.0,0.14285714285714285,0.0,0.0,547.2857142857143,0.0,23,0.001
Jack Harrison,Everton,58.03333333333333,1.9733333333333334,4.866666666666666,8.333333333333334,6473.933333333333,0.111,23,0.001
Riccardo Calafiori,Arsenal,33.69230769230769,1.9807692307692308,4.730769230769231,5.153846153846154,35682.653846153844,0.02923076923076923,23,0.001
Luke Cundle,Wolves,0.0,-0.09523809523809523,0.0,0.0,1571.047619047619,0.0,23,0.001
Jan Bednarek,Southampton,71.75862068965517,0.7965517241379311,0.5517241379310345,7.9655172413793105,100086.24137931035,0.022413793103448276,23,0.001
André Onana,Man Utd,90.0,3.454838709677419,0.0,13.516129032258064,261620.70967741936,0.0,23,0.001
Deivid Washington de Souza Eugênio,Chelsea,0.0,0.2571428571428572,0.0,0.0,747.2380952380952,0.0,23,0.001
Lewis O'Brien,Nott'm Forest,0.0,0.0,0.0,0.0,0.0,0.0,23,0.001
Cesare Casadei,Chelsea,0.0,0.23809523809523808,0.0,0.0,1080.095238095238,0.0,23,0.001
James Justin,Leicester,81.51724137931035,1.2827586206896553,5.517241379310345,5.103448275862069,64664.34482758621,0.049999999999999996,23,0.001
Djed Spence,Spurs,41.43333333333333,1.49,0.4666666666666667,7.466666666666667,24154.9,0.01633333333333333,23,0.001
Konstantinos Mavropanos,West Ham,58.766666666666666,1.2066666666666668,3.2666666666666666,7.033333333333333,4987.533333333334,0.052000000000000005,23,0.001
Armel Bella-Kotchap,Southampton,7.0,-0.6434782608695653,0.0,0.30434782608695654,6544.95652173913,0.0,23,0.001
Rodrigo Martins Gomes,Wolves,23.26923076923077,0.9346153846153846,2.6923076923076925,5.230769230769231,1684.3076923076924,0.01423076923076923,23,0.001
Lamare Bogarde,Aston Villa,15.32,0.05600000000000001,0.08,0.92,7031.04,0.0016,23,0.001
Noussair Mazraoui,Man Utd,78.36666666666666,2.396666666666667,2.4,12.4,405114.63333333336,0.020666666666666667,23,0.001
Cameron Archer,Southampton,41.903225806451616,0.8870967741935484,8.516129032258064,4.258064516129032,65619.16129032258,0.16419354838709677,23,0.001
Ezri Konsa Ngoyo,Aston Villa,79.51724137931035,2.0413793103448277,2.7241379310344827,11.689655172413794,230084.89655172414,0.02793103448275862,23,0.001
Alfie Devine,Spurs,0.0,0.047619047619047616,0.0,0.0,224.57142857142858,0.0,23,0.001
Elkan Baggott,Ipswich,0.0,0.0,0.0,0.0,0.0,0.0,23,0.001
Leif Davis,Ipswich,85.23076923076923,1.7884615384615385,4.384615384615385,8.153846153846153,39616.92307692308,0.03307692307692307,23,0.001
Matt Turner,Nott'm Forest,0.0,0.75,0.0,0.0,15896.5,0.0,23,0.001
Rayan Aït-Nouri,Wolves,81.90625,2.64375,6.8125,11.3125,342073.34375,0.0721875,23,0.001
Juan Larios López,Southampton,0.0,-0.3619047619047619,0.0,0.0,148.95238095238096,0.0,23,0.001
Harry Toffolo,Nott'm Forest,2.142857142857143,0.04285714285714285,0.2857142857142857,0.38095238095238093,99.57142857142857,0.0009523809523809524,23,0.001
Toby Collyer,Man Utd,6.96,0.04,0.08,1.6,1228.44,0.0032,23,0.001
Caleb Wiley,Chelsea,0.0,0.0,0.0,0.0,0.0,0.0,23,0.001
Ethan Pinnock,Brentford,70.81481481481481,1.6185185185185187,6.851851851851852,8.62962962962963,14218.555555555555,0.04,23,0.001
William Saliba,Arsenal,84.96774193548387,4.625806451612903,2.870967741935484,16.35483870967742,944767.0645161291,0.06935483870967742,23,0.001
Altay Bayindir,Man Utd,0.0,-0.014285714285714277,0.0,0.0,294.6666666666667,0.0,23,0.001
Rodrigo Bentancur,Spurs,45.935483870967744,1.096774193548387,2.774193548387097,8.580645161290322,5096.225806451613,0.04387096774193549,23,0.001
Chris Richards,Crystal Palace,49.172413793103445,1.286206896551724,0.8620689655172413,7.827586206896552,5213.586206896552,0.034482758620689655,23,0.001
Alex Mighten,Nott'm Forest,0.0,0.07142857142857142,0.0,0.0,32.80952380952381,0.0,23,0.001
Hamza Choudhury,Leicester,6.142857142857143,-0.09999999999999998,0.2857142857142857,1.380952380952381,19267.619047619046,0.0,23,0.001
Vitaly Janelt,Brentford,70.4,2.1866666666666665,3.4,12.066666666666666,10829.433333333332,0.024333333333333335,23,0.001
Idrissa Gueye,Everton,79.25,2.253125,2.46875,13.28125,19124.9375,0.034687499999999996,23,0.001
Antony Matheus dos Santos,Man Utd,6.136363636363637,0.24090909090909093,3.272727272727273,1.6818181818181819,1838.9545454545455,0.02727272727272728,23,0.001
Kalvin Phillips,Ipswich,44.77777777777778,0.5666666666666667,1.0,6.037037037037037,1557.5925925925926,0.016296296296296295,23,0.001
Chadi Riad Dnanou,Crystal Palace,4.285714285714286,0.09047619047619047,0.0,0.14285714285714285,104.76190476190476,0.0,23,0.001
Freddie Ladapo,Ipswich,0.0,-0.07142857142857142,0.0,0.0,2851.5238095238096,0.0,23,0.001
Levi Colwill,Chelsea,86.89655172413794,2.7448275862068963,2.1724137931034484,12.068965517241379,131663.62068965516,0.034482758620689655,23,0.001
Nick Pope,Newcastle,70.71428571428571,3.164285714285714,0.0,10.571428571428571,144702.35714285713,0.0,23,0.001
Jorge Luiz Frello Filho,Arsenal,28.541666666666668,1.3791666666666667,0.125,4.583333333333333,4231.041666666667,0.0025,23,0.001
Luke Woolfenden,Ipswich,37.91304347826087,0.1956521739130435,0.2608695652173913,3.608695652173913,17893.82608695652,0.0013043478260869564,23,0.001
Łukasz Fabiański,West Ham,48.63636363636363,1.4681818181818185,0.0,6.0,157773.63636363635,0.0,23,0.001
Joe Gomez,Liverpool,25.85,1.41,2.9,4.15,12179.4,0.016499999999999997,23,0.001
Kurt Zouma,West Ham,0.0,0.04285714285714285,0.0,0.0,256.0,0.0,23,0.001
Dominic Calvert-Lewin,Everton,71.4090909090909,2.377272727272727,21.136363636363637,6.681818181818182,59413.681818181816,0.27499999999999997,23,0.001
Yerson Mosquera,Wolves,21.0,0.014285714285714285,1.0,1.1428571428571428,5785.0,0.015714285714285715,23,0.001
Konstantinos Tsimikas,Liverpool,20.92,1.568,0.92,6.32,5573.68,0.0048,23,0.001
Christian Nørgaard,Brentford,73.54838709677419,2.109677419354839,5.129032258064516,14.67741935483871,8692.806451612903,0.1,23,0.001
Emiliano Martínez Romero,Aston Villa,87.09677419354838,2.467741935483871,0.0,11.548387096774194,473951.6129032258,0.0,23,0.001
Pascal Groß,Brighton,0.0,0.0,0.0,0.0,0.0,0.0,23,0.001
Gabriel dos Santos Magalhães,Arsenal,78.76666666666667,4.3933333333333335,8.533333333333333,15.3,1131658.8,0.09000000000000001,23,0.001
Mohammed Kudus,West Ham,69.93548387096774,1.9806451612903226,14.096774193548388,8.806451612903226,100113.67741935483,0.19677419354838707,23,0.001
Benicio Baker-Boaitey,Brighton,0.0,0.0,0.0,0.0,0.0,0.0,23,0.001
Sékou Mara,Southampton,0.0,-0.004761904761904761,0.0,0.0,37.23809523809524,0.0,23,0.001
Mason Holgate,Everton,0.25,0.075,0.0,-0.05,589.3,0.0,23,0.001
Wesley Fofana,Chelsea,50.95652173913044,1.0217391304347827,1.2608695652173914,7.043478260869565,6166.434782608696,0.019130434782608695,23,0.001
Omari Giraud-Hutchinson,Ipswich,76.72413793103448,2.2586206896551726,8.689655172413794,10.068965517241379,11318.758620689656,0.08068965517241379,23,0.001
Lucas Digne,Aston Villa,74.10344827586206,2.4310344827586206,3.4482758620689653,11.862068965517242,286154.9310344828,0.027586206896551727,23,0.001
Joe Aribo,Southampton,61.38709677419355,1.4774193548387096,6.193548387096774,12.064516129032258,2929.3548387096776,0.0867741935483871,23,0.001
Fábio Ferreira Vieira,Arsenal,0.0,0.1476190476190476,0.0,0.0,20.904761904761905,0.0,23,0.001
Guglielmo Vicario,Spurs,61.07142857142857,2.0714285714285716,0.0,10.535714285714286,58402.53571428572,0.0,23,0.001
Nathan Fraser,Wolves,0.0,0.0,0.0,0.0,4131.571428571428,0.0,23,0.001
Christian Walton,Ipswich,17.142857142857142,0.19047619047619047,0.0,2.380952380952381,716.8095238095239,0.0,23,0.001
Matthijs de Ligt,Man Utd,69.5,2.143333333333333,6.4,10.5,132182.26666666666,0.08266666666666667,23,0.001
Jack Hinshelwood,Brighton,48.6,1.6733333333333333,2.533333333333333,8.333333333333334,2640.4666666666667,0.044,23,0.001
Will Dennis,Bournemouth,0.0,-0.09523809523809523,0.0,0.0,1738.952380952381,0.0,23,0.001
Dane Scarlett,Spurs,1.2916666666666667,0.09999999999999999,0.0,0.8333333333333334,6545.625,0.0016666666666666668,23,0.001
Lewis Dunk,Brighton,65.24,1.4880000000000002,3.16,8.76,79015.64,0.0276,23,0.001
Joe Lumley,Southampton,12.857142857142858,-0.21428571428571427,0.0,1.0476190476190477,3679.2380952380954,0.0,23,0.001
Kim Ji-soo,Brentford,1.2727272727272727,0.022727272727272728,0.0,0.36363636363636365,3888.590909090909,0.0,23,0.001
Andy Irving,West Ham,6.708333333333333,0.225,0.2916666666666667,1.5833333333333333,388.7083333333333,0.005416666666666667,23,0.001
Karl Hein,Arsenal,0.0,0.0,0.0,0.0,0.0,0.0,23,0.001
Nathaniel Clyne,Crystal Palace,19.08,0.624,0.2,1.92,2036.12,0.0008,23,0.001
Saša Lukić,Fulham,65.56666666666666,1.0166666666666666,0.7,10.1,1951.9333333333334,0.03166666666666667,23,0.001
Norberto Murara Neto,Bournemouth,90.0,2.6,0.0,15.0,7562.5,0.0,23,0.001
Tyrell Malacia,Man Utd,4.5,-0.040909090909090916,0.0,0.09090909090909091,216.04545454545453,0.0,23,0.001
Lucas Tolentino Coelho de Lima,West Ham,71.48275862068965,2.079310344827586,6.793103448275862,11.275862068965518,38646.65517241379,0.17655172413793105,23,0.001
Simon Rusk,Southampton,,,,,,,23,0.001
